Time,Calculation Time,Reference Velocity,Measured Velocity,Phi,Delta,Phi Dot,Control Input,Velocity Control Input,phi_roll_comp,phi_uncomp,phi_dot,a_x,ay_roll_comp,ay,az,CurrentReading,MotorRPM,phi_Gyro_intArd
0.010909795761108398,0.010909795761108398,3.9,0.0,-0.0366,-0.021962845938609726,0.02,0,0.0,-0.0366,-0.0366,0.02,0.02,-0.04,-0.04,0.99,3.96,14391.21,3.91
0.05222797393798828,0.012068033218383789,3.9,0.0,-0.0364,-0.02753846533281864,0.01,0,0.0,-0.0364,-0.0364,0.01,0.02,-0.04,-0.03,0.99,3.81,13859.34,3.92
0.09033894538879395,0.010003089904785156,3.9,0.0,-0.0359,-0.03404807173214884,0.01,0,0.0,-0.036,-0.0359,0.01,0.03,-0.04,-0.03,1.0,3.81,14268.13,3.95
0.1307380199432373,0.01017904281616211,3.9,0.0,-0.0354,-0.0410388229522991,0.01,0,0.0,-0.0355,-0.0354,0.01,0.03,-0.03,-0.03,0.99,3.62,14426.37,3.97
0.17107701301574707,0.01034998893737793,3.9,0.0,-0.0352,-0.04732200825947869,0.0,0,0.0,-0.0354,-0.0352,0.0,0.03,-0.05,-0.04,1.0,3.76,14593.41,3.99
0.2114429473876953,0.010542154312133789,3.9,0.0,-0.0351,-0.05261460128849933,0.0,0,0.0,-0.0354,-0.0351,0.0,0.04,-0.04,-0.04,1.0,3.78,14540.66,3.99
0.251589298248291,0.010516166687011719,3.9,0.0,-0.0351,-0.05666187831069159,-0.0,0,0.0,-0.0354,-0.0351,-0.0,0.04,-0.04,-0.04,0.99,3.77,14953.85,3.99
0.29153013229370117,0.010294914245605469,3.9,0.0,-0.0353,-0.0611903001537039,-0.0,0,0.0,-0.0357,-0.0353,-0.0,0.04,-0.05,-0.04,1.01,3.65,14949.45,3.98
0.3311331272125244,0.00973200798034668,3.9,0.0,-0.0354,-0.06512436662982085,0.0,0,0.0,-0.0357,-0.0354,0.0,0.04,-0.03,-0.04,0.99,3.57,14378.02,3.98
0.3722672462463379,0.010704994201660156,3.9,0.0,-0.0352,-0.0691716436520131,0.0,0,0.0,-0.0355,-0.0352,0.0,0.04,-0.04,-0.05,1.0,3.8,14641.76,4.0
0.4121832847595215,0.010439872741699219,3.9,0.0,-0.0349,-0.0727377758533853,0.02,0,0.0,-0.035,-0.0349,0.02,0.04,-0.03,-0.04,1.0,3.74,14030.77,4.03
0.4520251750946045,0.010113000869750977,3.9,0.0,-0.0341,-0.0766152370564646,0.02,0,0.0,-0.0341,-0.0341,0.02,0.04,-0.03,-0.04,1.0,3.68,14382.42,4.07
0.492537260055542,0.010432004928588867,3.9,0.0,-0.0329,-0.0776624346076612,0.03,0,0.0,-0.0328,-0.0329,0.03,0.1,-0.02,-0.03,1.01,3.67,14637.36,4.14
0.5329592227935791,0.010699033737182617,3.9,0.0,-0.0316,-0.07887944797797075,0.03,0,0.0,-0.0313,-0.0316,0.03,0.13,-0.05,-0.05,0.98,3.79,14373.63,4.22
0.572451114654541,0.010017871856689453,3.9,0.0,-0.0309,-0.07890775061448958,0.02,0,0.0,-0.0307,-0.0309,0.02,0.14,-0.07,-0.06,1.01,3.77,14395.6,4.29
0.6130719184875488,0.010470867156982422,3.9,0.0,-0.0302,-0.07890775061448958,0.02,0,0.0,-0.0302,-0.0302,0.02,0.18,-0.02,-0.02,1.02,3.75,14413.19,4.32
0.6535978317260742,0.010824918746948242,3.9,0.0,-0.0293,-0.07890775061448958,0.02,0,0.0,-0.0293,-0.0293,0.02,0.16,-0.04,-0.04,0.96,3.72,14096.7,4.37
0.6925380229949951,0.009591102600097656,3.9,0.0,-0.0291,-0.07851151370322601,0.0,0,0.0,-0.0292,-0.0291,0.0,0.15,-0.05,-0.04,1.02,3.76,14369.23,4.39
0.7334182262420654,0.010294198989868164,3.9,0.0,-0.0291,-0.07788885569981181,0.0,0,0.0,-0.0292,-0.0291,0.0,0.15,-0.03,-0.02,1.04,3.75,14439.56,4.4
0.773665189743042,0.010375022888183594,3.9,0.0,-0.029,-0.07788885569981181,-0.0,0,0.0,-0.0292,-0.029,-0.0,0.15,-0.04,-0.03,0.96,3.76,14356.04,4.4
0.8130881786346436,0.009495019912719727,3.9,0.0,-0.0294,-0.07788885569981181,-0.01,0,0.0,-0.0298,-0.0294,-0.01,0.16,-0.05,-0.04,1.03,3.72,14202.2,4.38
0.8543190956115723,0.010550975799560547,3.9,0.0,-0.0302,-0.0821908564506735,-0.02,0,0.0,-0.0306,-0.0302,-0.02,0.13,-0.04,-0.04,0.99,3.68,14606.59,4.35
0.8941521644592285,0.010221004486083984,3.9,0.0,-0.0311,-0.08836083121177779,-0.02,0,0.0,-0.0316,-0.0311,-0.02,0.14,-0.05,-0.05,0.99,3.97,14501.1,4.31
0.9335932731628418,0.009493112564086914,3.9,0.0,-0.0322,-0.09138921331929227,-0.02,0,0.0,-0.0327,-0.0322,-0.02,0.15,-0.05,-0.04,1.0,3.9,14698.9,4.26
0.9743213653564453,0.01005697250366211,3.9,0.0,-0.0331,-0.09266283196263948,-0.02,0,0.0,-0.0338,-0.0331,-0.02,0.12,-0.04,-0.04,0.98,3.79,14087.91,4.21
1.0142946243286133,0.009847164154052734,3.9,0.0,-0.0341,-0.09266283196263948,-0.02,0,0.0,-0.0346,-0.0341,-0.02,0.15,-0.05,-0.05,1.04,3.77,14531.87,4.16
1.054358720779419,0.009743928909301758,3.9,0.0,-0.0351,-0.09266283196263948,-0.02,0,0.0,-0.0357,-0.0351,-0.02,0.14,-0.06,-0.05,1.0,3.82,14435.17,4.12
1.0949089527130127,0.010122060775756836,3.9,0.0,-0.0358,-0.09266283196263948,-0.0,0,0.0,-0.0363,-0.0358,-0.0,0.12,-0.03,-0.04,0.98,3.8,14461.54,4.09
1.13490891456604,0.009942054748535156,3.9,0.0,-0.0361,-0.09054013422372746,0.0,0,0.0,-0.0364,-0.0361,0.0,0.13,-0.05,-0.06,1.02,3.77,14527.47,4.09
1.1755049228668213,0.010360002517700195,3.9,0.0,-0.0363,-0.08649285720153521,0.0,0,0.0,-0.0365,-0.0363,0.0,0.14,-0.06,-0.07,0.98,3.75,14426.37,4.11
1.2152557373046875,0.009930849075317383,3.9,0.0,-0.036,-0.0847946990104056,0.02,0,0.0,-0.0361,-0.036,0.02,0.14,-0.04,-0.05,0.99,3.95,14927.47,4.14
1.2560088634490967,0.010505199432373047,3.9,0.0,-0.0357,-0.08352108036705838,0.01,0,0.0,-0.0356,-0.0357,0.01,0.12,-0.06,-0.06,1.03,3.8,14439.56,4.18
1.296170949935913,0.010495185852050781,3.9,0.0,-0.0355,-0.08349277773053955,0.0,0,0.0,-0.0356,-0.0355,0.0,0.14,-0.05,-0.05,1.02,3.74,14408.79,4.19
1.3361518383026123,0.010308980941772461,3.9,0.0,-0.0356,-0.08349277773053955,-0.01,0,0.0,-0.0358,-0.0356,-0.01,0.14,-0.04,-0.03,0.96,3.82,14479.12,4.18
1.3765110969543457,0.010485172271728516,3.9,0.0,-0.0363,-0.08349277773053955,-0.03,0,0.0,-0.0368,-0.0363,-0.03,0.14,-0.04,-0.03,1.0,3.81,14567.03,4.12
1.4158399105072021,0.009636878967285156,3.9,1.0548096075894318,-0.0384,-0.08349277773053955,-0.06,0,0.0,-0.0393,-0.0384,-0.06,0.15,-0.06,-0.03,1.03,3.79,14571.43,4.0
1.4569358825683594,0.010550975799560547,3.9,1.0548096075894318,-0.0409,-0.08349277773053955,-0.07,0,0.0,-0.0421,-0.0409,-0.07,0.11,-0.04,-0.03,0.97,3.8,14558.24,3.85
1.4961459636688232,0.009597063064575195,3.9,1.0548096075894318,-0.0439,-0.08349277773053955,-0.07,0,0.0,-0.0451,-0.0439,-0.07,0.16,-0.09,-0.09,1.07,3.77,14509.89,3.69
1.537102222442627,0.010275125503540039,3.9,1.0548096075894318,-0.0473,-0.08349277773053955,-0.07,0,0.0,-0.0486,-0.0473,-0.07,0.13,-0.08,-0.08,0.94,3.74,14263.74,3.52
1.5774471759796143,0.010453939437866211,3.9,1.0548096075894318,-0.0502,-0.08349277773053955,-0.05,0,0.0,-0.0514,-0.0502,-0.05,0.12,-0.07,-0.08,0.99,3.81,14571.43,3.38
1.6172130107879639,0.010035991668701172,3.9,1.0548096075894318,-0.0522,-0.08349277773053955,-0.04,0,0.0,-0.0531,-0.0522,-0.04,0.15,-0.11,-0.12,1.07,3.73,14479.12,3.3
1.6570827960968018,0.009737968444824219,3.9,1.0548096075894318,-0.0546,-0.08349277773053955,-0.04,0,0.0,-0.0555,-0.0546,-0.04,0.14,-0.08,-0.08,0.98,3.76,14558.24,3.2
1.697758674621582,0.010241031646728516,3.9,1.442966018585968,-0.0566,-0.0834361724575019,-0.02,0,0.0,-0.0573,-0.0566,-0.02,0.11,-0.06,-0.07,0.96,3.69,13920.88,3.11
1.7375555038452148,0.00987386703491211,3.9,1.442966018585968,-0.0582,-0.07859642161278249,-0.03,0,0.0,-0.0588,-0.0582,-0.03,0.18,-0.11,-0.11,1.12,3.74,14681.32,3.04
1.7775135040283203,0.009660005569458008,3.9,1.442966018585968,-0.0597,-0.07180378884826401,-0.03,0,0.0,-0.0603,-0.0597,-0.03,0.09,-0.02,-0.02,0.91,3.71,14404.4,2.96
1.817204475402832,0.009186029434204102,3.9,1.442966018585968,-0.0606,-0.06554890617760326,-0.03,0,0.0,-0.0612,-0.0606,-0.03,0.12,-0.06,-0.06,0.97,3.85,13802.2,2.9
1.858658790588379,0.010454177856445312,3.9,1.442966018585968,-0.0629,-0.05782228640796349,-0.05,0,0.0,-0.0636,-0.0629,-0.05,0.16,-0.1,-0.08,0.99,3.8,14061.54,2.79
1.8978266716003418,0.009450912475585938,3.9,1.442966018585968,-0.0652,-0.05269950919805581,-0.06,0,0.0,-0.0662,-0.0652,-0.06,0.13,-0.06,-0.05,0.95,3.75,14940.66,2.65
1.9383819103240967,0.009635210037231445,3.9,1.7478951355205208,-0.0674,-0.05077492991477558,-0.06,0,0.0,-0.0684,-0.0674,-0.06,0.13,-0.09,-0.09,1.11,3.61,14153.85,2.52
1.9791936874389648,0.010259866714477539,3.9,1.7478951355205208,-0.0702,-0.050039061365286075,-0.06,0,0.0,-0.0712,-0.0702,-0.06,0.11,-0.11,-0.1,0.94,3.75,14483.52,2.39
2.0195887088775635,0.010487079620361328,3.9,1.7478951355205208,-0.0722,-0.050039061365286075,-0.03,0,0.0,-0.073,-0.0722,-0.03,0.14,-0.07,-0.09,0.9,3.7,14474.73,2.28
2.059361696243286,0.010081052780151367,3.9,1.7478951355205208,-0.0737,-0.050039061365286075,-0.03,0,0.0,-0.0742,-0.0737,-0.03,0.15,-0.15,-0.16,1.11,3.8,14413.19,2.24
2.099728584289551,0.010283946990966797,3.9,1.7478951355205208,-0.0761,-0.050039061365286075,-0.04,0,0.0,-0.0767,-0.0761,-0.04,0.11,-0.11,-0.11,0.98,3.81,14589.01,2.15
2.1394643783569336,0.00983285903930664,3.9,1.7478951355205208,-0.0767,-0.050039061365286075,-0.0,0,0.0,-0.077,-0.0767,-0.0,0.15,-0.05,-0.07,0.85,3.86,14646.15,2.12
2.179760456085205,0.009953022003173828,3.9,1.9998040563718549,-0.0774,-0.04740691616903517,-0.01,0,0.0,-0.0775,-0.0774,-0.01,0.21,-0.15,-0.15,1.17,3.81,14624.18,2.11
2.2202694416046143,0.01025390625,3.9,1.9998040563718549,-0.0786,-0.039397270034207135,-0.01,0,0.0,-0.0787,-0.0786,-0.01,0.11,-0.08,-0.08,0.89,3.96,14624.18,2.07
2.2601823806762695,0.009999990463256836,3.9,1.9998040563718549,-0.0788,-0.03812365139085992,-0.01,0,0.0,-0.0789,-0.0788,-0.01,0.16,-0.05,-0.05,0.99,3.71,14690.11,2.04
2.3000214099884033,0.009664058685302734,3.9,1.9998040563718549,-0.0803,-0.03812365139085992,-0.05,0,0.0,-0.0806,-0.0803,-0.05,0.16,-0.15,-0.12,1.18,3.8,14021.98,1.97
2.3410913944244385,0.010554075241088867,3.9,1.9998040563718549,-0.0822,-0.036425493199730305,-0.05,0,0.0,-0.0829,-0.0822,-0.05,0.07,-0.05,-0.05,0.9,3.79,14338.46,1.84
2.380467414855957,0.009762048721313477,3.9,2.260835394706995,-0.0842,-0.02762337324237512,-0.06,0,0.0,-0.0849,-0.0842,-0.06,0.16,-0.08,-0.07,0.99,3.94,14404.4,1.71
2.420429229736328,0.00954890251159668,3.9,2.260835394706995,-0.0874,-0.019698635017103568,-0.09,0,0.0,-0.0884,-0.0874,-0.09,0.12,-0.13,-0.11,1.09,3.75,14057.14,1.54
2.461839437484741,0.010786056518554688,3.9,2.260835394706995,-0.0906,-0.012990910162141578,-0.06,0,0.0,-0.0915,-0.0906,-0.06,0.06,-0.08,-0.09,0.86,3.93,14087.91,1.37
2.501295328140259,0.010074853897094727,3.9,2.260835394706995,-0.0927,-0.008066251407865686,-0.05,0,0.0,-0.0934,-0.0927,-0.05,0.11,-0.11,-0.12,0.98,3.99,14496.7,1.26
2.5410754680633545,0.00968313217163086,3.9,2.509490074499217,-0.0939,-0.003368013745740409,0.0,0,0.0,-0.0941,-0.0939,0.0,0.16,-0.06,-0.11,0.97,3.89,14650.55,1.2
2.581735372543335,0.010170936584472656,3.9,2.509490074499217,-0.094,0.0035661322013721976,0.06,0,0.0,-0.0936,-0.094,0.06,0.09,0.02,-0.05,0.84,3.66,14421.98,1.23
2.6214232444763184,0.009685993194580078,3.9,2.509490074499217,-0.0914,0.013953199803781695,0.1,0,0.0,-0.0901,-0.0914,0.1,0.11,-0.08,-0.14,1.04,3.87,14426.37,1.42
2.661895513534546,0.009946107864379883,3.9,2.509490074499217,-0.0882,0.0234062804010699,0.11,0,0.0,-0.0866,-0.0882,0.11,0.11,-0.03,-0.07,1.03,3.79,14017.58,1.63
2.7024765014648438,0.010369062423706055,3.9,2.644167782763606,-0.0827,0.029802676254324794,0.13,0,0.0,-0.0805,-0.0827,0.13,0.06,-0.15,-0.17,1.04,3.82,14413.19,1.96
2.7429115772247314,0.010636091232299805,3.9,2.644167782763606,-0.0773,0.03226500563146274,0.14,0,0.0,-0.075,-0.0773,0.14,0.12,-0.01,-0.03,1.04,3.82,14360.44,2.25
2.7829935550689697,0.01054692268371582,3.9,2.644167782763606,-0.0706,0.03226500563146274,0.16,0,0.0,-0.068,-0.0706,0.16,0.14,-0.08,-0.09,0.99,3.7,14505.49,2.63
2.8228135108947754,0.010174989700317383,3.9,2.644167782763606,-0.0639,0.030736663259446087,0.17,0,0.0,-0.0611,-0.0639,0.17,0.1,-0.09,-0.11,0.98,3.58,14593.41,3.01
2.863365650177002,0.010571956634521484,3.9,2.7786415636373922,-0.0574,0.02773658378845043,0.18,0,0.0,-0.0545,-0.0574,0.18,0.12,-0.05,-0.06,1.0,3.83,14624.18,3.42
2.902711868286133,0.009743213653564453,3.9,2.7786415636373922,-0.0497,0.027651675878893948,0.2,0,0.0,-0.0466,-0.0497,0.2,0.22,-0.03,-0.05,0.98,3.72,14571.43,3.86
2.9434008598327637,0.010258913040161133,3.9,2.7786415636373922,-0.0416,0.03223670299494392,0.21,0,0.0,-0.0383,-0.0416,0.21,0.13,-0.03,-0.04,0.99,3.77,14602.2,4.35
2.982874870300293,0.009558916091918945,3.9,2.7786415636373922,-0.0327,0.04732200825947869,0.23,0,0.0,-0.0293,-0.0327,0.23,0.08,0.03,0.01,1.07,3.81,14457.14,4.84
3.0231666564941406,0.009676933288574219,3.9,3.0134968115765237,-0.0223,0.05844494441137769,0.24,0,0.0,-0.0186,-0.0223,0.24,0.15,0.07,0.06,1.01,3.76,14369.23,5.39
3.07956862449646,0.025903940200805664,3.9,3.0134968115765237,-0.0121,0.06574702463323505,0.23,-1.4032205315154194,0.0,-0.0085,-0.0121,0.23,0.11,0.07,0.07,0.97,3.64,14430.77,5.92
3.1156046390533447,0.02178502082824707,3.9,3.0134968115765237,-0.0014,0.06956788056327669,0.24,-1.6509884872633231,0.0,0.0023,-0.0014,0.24,0.03,0.01,0.01,1.09,4.66,14061.54,6.49
3.154543399810791,0.0205538272857666,3.9,3.066336967997951,0.0086,0.13197519408729014,0.23,-2.4328441002709376,0.0,0.0121,0.0086,0.23,0.11,0.07,0.07,0.98,3.89,13727.47,7.02
3.194692611694336,0.020534038543701172,3.9,3.066336967997951,0.0198,0.057397746860181086,0.27,-1.9423042110446138,0.0,0.0234,0.0198,0.27,0.12,0.07,0.04,0.95,4.31,14083.52,7.59
3.234896659851074,0.020405054092407227,3.9,3.066336967997951,0.0315,-0.010839909786710728,0.29,-1.45350630944324,0.0,0.0357,0.0315,0.29,0.05,0.05,0.03,0.99,4.16,13828.57,8.26
3.2756357192993164,0.02097606658935547,3.9,3.066336967997951,0.0429,-0.07030374911276618,0.23,-0.755629128560845,0.0,0.0466,0.0429,0.23,0.07,0.14,0.18,1.01,4.02,13876.92,8.83
3.315614700317383,0.020771026611328125,3.9,3.182394326233571,0.0497,-0.10528580785003631,0.12,0.007795923181326325,0.0,0.0522,0.0497,0.12,0.04,-0.06,0.03,0.94,4.25,13578.02,9.19
3.356686592102051,0.021689891815185547,3.9,3.182394326233571,0.0501,-0.11318224343878903,-0.0,0.5188865405689433,0.0,0.0509,0.0501,-0.0,0.04,-0.14,-0.03,1.06,3.82,13182.42,9.28
3.39581036567688,0.02064990997314453,3.9,3.182394326233571,0.0475,-0.09472892442851386,-0.08,0.6390037797697579,0.0,0.0469,0.0475,-0.08,0.05,-0.08,0.01,1.03,3.94,13116.48,9.19
3.4367103576660156,0.021394014358520508,3.9,3.1859448051996093,0.0413,-0.059661957781687244,-0.23,0.8784906514595352,0.0,0.0388,0.0413,-0.23,0.09,-0.04,0.11,0.95,4.01,13090.11,8.81
3.4768030643463135,0.021330833435058594,3.9,3.1859448051996093,0.0306,-0.024849714863530076,-0.33,1.0068848598827365,0.0,0.026,0.0306,-0.33,0.06,-0.03,0.1,1.0,4.09,12800.0,8.14
3.5162079334259033,0.020576953887939453,3.9,3.1859448051996093,0.0196,0.009481383233807034,-0.4,1.0377713212148172,0.0,0.0138,0.0196,-0.4,0.03,0.03,0.13,1.05,3.72,13802.2,7.44
3.556962013244629,0.021167993545532227,3.9,3.1859448051996093,0.0065,0.03566132201372198,-0.35,0.7607836643319228,0.0,0.0003,0.0065,-0.35,0.06,0.09,0.07,0.94,4.21,13723.08,6.58
3.5968241691589355,0.020856142044067383,3.9,3.178117901961429,-0.0069,0.059435536689536626,-0.32,0.5908423911745777,0.0,-0.0128,-0.0069,-0.32,0.08,0.01,-0.01,0.97,4.04,12672.53,5.82
3.6368751525878906,0.020747900009155273,3.9,3.178117901961429,-0.0177,0.07480386831925967,-0.21,0.18496345132953107,0.0,-0.0224,-0.0177,-0.21,0.02,0.02,-0.07,1.03,4.12,13287.91,5.23
3.6768572330474854,0.02056717872619629,3.9,3.178117901961429,-0.0252,0.0885872523039284,-0.13,-0.14427203694670387,0.0,-0.0285,-0.0252,-0.13,0.01,0.0,-0.08,0.99,3.62,13371.43,4.86
3.719229221343994,0.022774934768676758,3.9,3.2370190293338377,-0.0284,0.08991747622031328,-0.04,-0.45521973700726387,0.0,-0.0302,-0.0284,-0.04,0.07,0.07,-0.02,0.96,3.9,12817.58,4.69
3.7574501037597656,0.020823955535888672,3.9,3.2370190293338377,-0.0285,0.07517180259400442,0.02,-0.49956600132167317,0.0,-0.029,-0.0285,0.02,0.06,0.03,-0.04,1.02,3.79,13164.84,4.69
3.797508478164673,0.0207211971282959,3.9,3.2370190293338377,-0.027,0.05170891691989687,0.04,-0.3294565619027246,0.0,-0.0268,-0.027,0.04,0.03,0.03,-0.01,0.96,3.79,13929.67,4.77
3.8380656242370605,0.021117210388183594,3.9,3.278444561340273,-0.025,0.026264846689471426,0.06,-0.14834646913184565,0.0,-0.0244,-0.025,0.06,0.11,-0.03,-0.06,0.99,3.8,13463.74,4.89
3.877819776535034,0.020550012588500977,3.9,3.278444561340273,-0.0235,0.021142069479563742,0.02,0.025908748433669387,0.0,-0.023,-0.0235,0.02,0.07,-0.03,-0.01,0.95,3.76,13657.14,4.99
3.9180517196655273,0.020611047744750977,3.9,3.278444561340273,-0.0222,0.025812004505170193,0.04,-0.11383471895484815,0.0,-0.0217,-0.0222,0.04,0.04,-0.03,-0.03,1.02,3.94,13235.17,5.05
3.9589385986328125,0.02131795883178711,3.9,3.278444561340273,-0.0215,0.0337933480034794,-0.01,-0.0407601970519698,0.0,-0.0213,-0.0215,-0.01,0.13,0.0,0.04,1.11,3.98,12975.82,5.07
4.000401735305786,0.02261495590209961,3.9,3.3811980928298295,-0.0217,0.03322729527310286,-0.04,0.050099435633502526,0.0,-0.022,-0.0217,-0.04,0.09,0.02,0.05,0.95,3.92,13331.87,4.99
4.0383288860321045,0.020370006561279297,3.9,3.3811980928298295,-0.023,0.03311408472702755,-0.05,0.1022526318646147,0.0,-0.0236,-0.023,-0.05,0.07,0.0,0.03,0.94,3.78,14307.69,4.89
4.079052686691284,0.020923852920532227,3.9,3.3811980928298295,-0.0247,0.03334050581917817,-0.06,0.15598353376261384,0.0,-0.0256,-0.0247,-0.06,0.07,0.02,0.02,1.09,3.75,13498.9,4.73
4.118985652923584,0.020686864852905273,3.9,3.410956932322887,-0.0265,0.036991545930106846,-0.07,0.1639662039997633,0.0,-0.0275,-0.0265,-0.07,0.04,-0.03,-0.03,0.93,3.94,13006.59,4.61
4.159197568893433,0.020730018615722656,3.9,3.410956932322887,-0.0295,0.041746388865269775,-0.08,0.18286967255358805,0.0,-0.0306,-0.0295,-0.08,0.09,-0.07,-0.05,1.01,3.91,13169.23,4.45
4.199432849884033,0.020795106887817383,3.9,3.410956932322887,-0.032,0.04180299413830743,-0.08,0.21583617385529608,0.0,-0.0332,-0.032,-0.08,0.05,-0.04,-0.03,0.96,3.89,13617.58,4.28
4.240094900131226,0.020956039428710938,3.9,3.4270456344607005,-0.0362,0.04180299413830743,-0.1,0.33205154407463777,0.0,-0.0375,-0.0362,-0.1,0.02,-0.11,-0.09,0.94,3.76,13375.82,4.09
4.280027866363525,0.020714998245239258,3.9,3.4270456344607005,-0.0398,0.04180299413830743,-0.1,0.3801611773355694,0.0,-0.0413,-0.0398,-0.1,0.1,-0.04,-0.03,1.13,3.91,13314.29,3.86
4.32212495803833,0.02264404296875,3.9,3.4270456344607005,-0.0438,0.04180299413830743,-0.12,0.49886468132670664,0.0,-0.0454,-0.0438,-0.12,0.04,-0.03,-0.01,0.94,3.84,13459.34,3.61
4.360351085662842,0.020704030990600586,3.9,3.5309825660117093,-0.0495,0.041831296774826256,-0.12,0.5271761950932203,0.0,-0.0512,-0.0495,-0.12,0.08,-0.1,-0.09,1.05,3.81,13138.46,3.29
4.400508165359497,0.02069091796875,3.9,3.5309825660117093,-0.0533,0.04188790204786391,-0.12,0.5753144225073602,0.0,-0.0551,-0.0533,-0.12,0.07,-0.05,-0.05,1.08,3.96,13578.02,3.07
4.440784215927124,0.020783185958862305,3.9,3.5309825660117093,-0.0569,0.04347284969291822,-0.07,0.4464612034828057,0.0,-0.0583,-0.0569,-0.07,0.1,-0.08,-0.11,0.95,3.92,12975.82,2.88
4.481088161468506,0.0209200382232666,3.9,3.584686270772841,-0.06,0.05352028565710179,-0.05,0.28327864179591655,0.0,-0.0609,-0.06,-0.05,0.12,-0.1,-0.11,0.95,3.95,13156.04,2.75
4.521149158477783,0.020685911178588867,3.9,3.584686270772841,-0.0623,0.06469982708203845,-0.04,0.1511458494649165,0.0,-0.0629,-0.0623,-0.04,0.14,-0.04,-0.06,1.06,3.78,13046.15,2.64
4.561697244644165,0.02105712890625,3.9,3.584686270772841,-0.0623,0.07446423668103375,0.01,-0.11608417560553505,0.0,-0.0625,-0.0623,0.01,0.11,0.01,-0.03,0.99,4.11,13279.12,2.62
4.602347135543823,0.021551847457885742,3.9,3.7692831443638437,-0.0608,0.07907756643360254,0.04,-0.3529403924917106,0.0,-0.0603,-0.0608,0.04,0.1,0.01,-0.03,1.05,3.73,13841.76,2.69
4.641817092895508,0.0208590030670166,3.9,3.7692831443638437,-0.0576,0.07678505287557756,0.08,-0.47548340308638926,0.0,-0.0566,-0.0576,0.08,0.1,0.02,-0.03,1.11,3.99,13907.69,2.84
4.692156076431274,0.031029939651489258,3.9,3.7692831443638437,-0.0527,0.0669640380035446,0.11,-0.49967466583114534,0.0,-0.0512,-0.0527,0.11,0.08,0.05,0.01,0.94,3.87,13076.92,3.07
4.737886905670166,0.03652000427246094,3.9,3.6977929491221704,-0.0472,0.05439766738918543,0.14,-0.48721766849063664,0.0,-0.0452,-0.0472,0.14,0.09,-0.03,-0.05,1.02,3.95,13727.47,3.37
4.78424596786499,0.04232907295227051,3.9,3.6977929491221704,-0.0406,0.04327473123728643,0.17,-0.5223137035504648,0.0,-0.0383,-0.0406,0.17,0.1,0.05,0.02,1.07,3.82,13630.77,3.7
4.8207128047943115,0.03401803970336914,3.9,3.6977929491221704,-0.0338,0.02637805723554673,0.16,-0.3747072942869385,0.0,-0.0312,-0.0338,0.16,0.11,-0.0,-0.01,0.96,3.84,13068.13,4.08
4.847902774810791,0.02105712890625,3.9,3.8053212550489075,-0.0268,0.014915489445421811,0.14,-0.2622628745017177,0.0,-0.0243,-0.0268,0.14,0.07,-0.06,-0.05,0.99,3.86,12540.66,4.5
4.88776159286499,0.020752906799316406,3.9,3.8053212550489075,-0.0231,0.0028868689249203507,0.1,-0.049374649598337206,0.0,-0.0209,-0.0231,0.1,0.1,-0.06,-0.02,1.06,3.71,13186.81,4.72
4.928502559661865,0.021319150924682617,3.9,3.8053212550489075,-0.0202,-0.007330382858376184,0.05,0.1785945162093766,0.0,-0.0188,-0.0202,0.05,0.08,-0.09,-0.04,0.9,3.92,13832.97,4.89
4.968554496765137,0.021205902099609375,3.9,3.8532341216263872,-0.0197,-0.01426452880548879,-0.02,0.44360625334085296,0.0,-0.0193,-0.0197,-0.02,0.11,-0.04,0.02,1.09,3.77,13213.19,4.9
5.008211135864258,0.02069878578186035,3.9,3.8532341216263872,-0.0213,-0.011604080972719056,-0.07,0.5641208753205046,0.0,-0.0218,-0.0213,-0.07,0.02,-0.07,-0.01,0.89,3.73,13208.79,4.79
5.048705339431763,0.021007061004638672,3.9,3.8532341216263872,-0.0259,0.0010471975511965978,-0.14,0.6513765023538249,0.0,-0.0274,-0.0259,-0.14,0.09,-0.08,-0.01,0.99,3.95,12738.46,4.54
5.0895164012908936,0.021656036376953125,3.9,3.8411431464664405,-0.0335,0.018170292645086912,-0.17,0.6160328521736753,0.0,-0.0358,-0.0335,-0.17,0.07,-0.05,-0.02,1.02,3.71,12971.43,4.1
5.128625392913818,0.020596027374267578,3.9,3.8411431464664405,-0.0403,0.03665191429188092,-0.17,0.46936981509228637,0.0,-0.0429,-0.0403,-0.17,0.08,-0.05,-0.04,0.9,3.7,13076.92,3.72
5.169057607650757,0.02085709571838379,3.9,3.95976433255584,-0.0468,0.05462408848133604,-0.16,0.22086994935871657,0.0,-0.0495,-0.0468,-0.16,0.1,-0.05,-0.05,1.04,3.97,12936.26,3.35
5.208788633346558,0.020415067672729492,3.9,3.95976433255584,-0.0515,0.06987920956498378,-0.14,0.03281302343503528,0.0,-0.0539,-0.0515,-0.14,0.03,-0.02,-0.03,1.01,3.96,12610.99,3.08
5.249201774597168,0.02061915397644043,3.9,3.95976433255584,-0.0562,0.07754922406158589,-0.09,-0.13834852309933143,0.0,-0.0581,-0.0562,-0.09,0.05,0.03,-0.01,1.02,3.84,13516.48,2.77
5.2894110679626465,0.02066516876220703,3.9,3.9000753665193515,-0.0574,0.08168140899333462,-0.02,-0.32016786302113637,0.0,-0.0584,-0.0574,-0.02,0.1,0.03,-0.04,1.0,3.77,13112.09,2.69
5.330199241638184,0.021271228790283203,3.9,3.9000753665193515,-0.0558,0.07930398752575316,0.07,-0.544665880443529,0.0,-0.0555,-0.0558,0.07,-0.01,0.04,-0.04,0.96,4.04,13520.88,2.76
5.369951486587524,0.020855188369750977,3.9,3.9000753665193515,-0.0513,0.07647372387387047,0.13,-0.7161544883752716,0.0,-0.0498,-0.0513,0.13,0.03,0.03,-0.05,1.16,3.73,13551.65,3.01
5.410041332244873,0.020776987075805664,3.9,3.917442825579402,-0.0441,0.06713385382265756,0.21,-0.8911315505424326,0.0,-0.0415,-0.0441,0.21,0.07,0.04,-0.04,0.89,3.96,13200.0,3.42
5.450965404510498,0.021546125411987305,3.9,3.917442825579402,-0.0343,0.048171087355043496,0.26,-0.8948296261380055,0.0,-0.0306,-0.0343,0.26,0.04,0.05,-0.01,1.0,4.0,13463.74,3.98
5.490736484527588,0.021157026290893555,3.9,3.917442825579402,-0.0232,0.021793030119496765,0.28,-0.7444634592534549,0.0,-0.0189,-0.0232,0.28,0.01,-0.01,-0.04,1.02,4.08,13204.4,4.62
5.530394554138184,0.020648956298828125,3.9,3.8919295363762396,-0.0104,-0.003226500563146274,0.33,-0.7186328513771032,0.0,-0.0054,-0.0104,0.33,-0.11,0.07,0.02,0.78,4.11,13758.24,5.33
5.571052551269531,0.021101951599121094,3.9,3.8919295363762396,0.0011,-0.02657617569117852,0.26,-0.3756768461044755,0.0,0.0061,0.0011,0.26,0.27,-0.1,-0.05,1.39,3.98,13428.57,6.02
5.610754489898682,0.02064204216003418,3.9,3.9111720865049957,0.0108,-0.048652232175863556,0.26,-0.20233407315994095,0.0,0.0154,0.0108,0.26,-0.01,-0.09,-0.07,0.74,3.8,13630.77,6.63
5.650827646255493,0.020544052124023438,3.9,3.9111720865049957,0.0223,-0.0693697621076449,0.27,-0.09979198895861296,0.0,0.0268,0.0223,0.27,-0.13,0.03,0.03,0.92,3.55,12874.73,7.27
5.691149711608887,0.020674943923950195,3.9,3.9111720865049957,0.0294,-0.08077572462473216,0.14,0.30147517961355025,0.0,0.033,0.0294,0.14,0.12,-0.17,-0.07,1.19,3.7,12883.52,7.72
5.731135606765747,0.020503997802734375,3.9,3.906103763207628,0.0314,-0.07828509261107539,0.06,0.45616417592942304,0.0,0.0334,0.0314,0.06,0.02,-0.18,-0.08,0.84,3.73,12764.84,7.94
5.771764516830444,0.020964860916137695,3.9,3.906103763207628,0.0317,-0.06761499864347763,-0.0,0.48037433093372667,0.0,0.0325,0.0317,-0.0,0.0,-0.1,-0.02,1.06,4.04,13437.36,8.01
5.8126444816589355,0.021687984466552734,3.9,3.906103763207628,0.03,-0.05179382482945335,-0.04,0.41127261056759995,0.0,0.0298,0.03,-0.04,0.14,-0.09,-0.02,0.77,3.74,12756.04,7.95
5.851742744445801,0.02061605453491211,3.9,3.8680679879247992,0.0234,-0.04188790204786391,-0.16,0.6770515091707998,0.0,0.0217,0.0234,-0.16,-0.1,-0.13,-0.03,1.32,3.56,13072.53,7.65
5.891841888427734,0.020542144775390625,3.9,3.8680679879247992,0.0157,-0.031953676629755644,-0.21,0.7752637423602227,0.0,0.0131,0.0157,-0.21,-0.07,-0.01,0.05,1.06,3.75,13138.46,7.2
5.932154655456543,0.020679950714111328,3.9,3.8680679879247992,0.0081,-0.013075818071698058,-0.19,0.5772097424473293,0.0,0.0051,0.0081,-0.19,0.19,0.01,0.02,0.72,4.85,12096.7,6.74
5.972814559936523,0.02113199234008789,3.9,3.8972410333731617,0.0014,0.009566291143363515,-0.21,0.4209185201642789,0.0,-0.0017,0.0014,-0.21,0.19,-0.12,-0.1,0.92,3.8,12382.42,6.38
6.01332688331604,0.021479129791259766,3.9,3.8972410333731617,-0.0132,0.028019610153638696,-0.3,0.5911528335378886,0.0,-0.0172,-0.0132,-0.3,-0.11,-0.11,-0.05,1.15,3.89,13200.0,5.63
6.053370952606201,0.021358013153076172,3.9,3.8972410333731617,-0.0219,0.04350115232943705,-0.28,0.44476269359828924,0.0,-0.0262,-0.0219,-0.28,0.04,0.11,0.12,1.03,4.11,12373.63,5.08
6.092702865600586,0.020519018173217773,3.9,3.821386177073396,-0.0309,0.05516183857519376,-0.24,0.3447007298255436,0.0,-0.0347,-0.0309,-0.24,0.19,0.03,0.0,0.85,3.8,12351.65,4.51
6.133183002471924,0.020827054977416992,3.9,3.821386177073396,-0.0438,0.06673761691139399,-0.29,0.4882308154449986,0.0,-0.0478,-0.0438,-0.29,-0.03,-0.02,0.01,1.07,3.67,12808.79,3.76
6.174530744552612,0.02201986312866211,3.9,3.821386177073396,-0.0534,0.0791341717066402,-0.25,0.3376309075333481,0.0,-0.0573,-0.0534,-0.25,0.01,0.12,0.1,1.07,4.04,12698.9,3.14
6.213430643081665,0.020761966705322266,3.9,3.86206739256482,-0.0598,0.09535158243192805,-0.22,0.09810287476046076,0.0,-0.0632,-0.0598,-0.22,0.15,0.02,-0.02,0.92,3.83,12175.82,2.72
6.253615617752075,0.020781993865966797,3.9,3.86206739256482,-0.0665,0.10670093967597766,-0.15,-0.1529700387259582,0.0,-0.0691,-0.0665,-0.15,0.08,0.05,-0.01,1.12,3.83,12189.01,2.29
6.29440975189209,0.021405935287475586,3.9,3.9792130852121983,-0.0708,0.11380490144220323,-0.12,-0.3715637142176629,0.0,-0.0726,-0.0708,-0.12,-0.05,0.01,-0.03,0.94,3.63,13230.77,2.01
6.334335803985596,0.021160125732421875,3.9,3.9792130852121983,-0.0717,0.1111444536094335,0.0,-0.628462369290952,0.0,-0.0721,-0.0717,0.0,0.04,0.04,-0.06,0.95,4.19,12127.47,1.9
6.3744330406188965,0.021085023880004883,3.9,3.9792130852121983,-0.0696,0.10330462329371842,0.05,-0.6783934806075342,0.0,-0.0688,-0.0696,0.05,0.08,0.07,0.01,1.04,4.07,12839.56,2.01
6.415015935897827,0.021509885787963867,3.9,3.9166776334241034,-0.0631,0.08221915908719234,0.17,-0.7682532414672834,0.0,-0.0609,-0.0631,0.17,-0.05,0.13,0.02,0.97,3.87,13006.59,2.28
6.45456600189209,0.0208890438079834,3.9,3.9166776334241034,-0.0551,0.06806784082777885,0.2,-0.7594328087747753,0.0,-0.0516,-0.0551,0.2,0.08,-0.05,-0.09,1.04,4.23,11881.32,2.76
6.494955062866211,0.021108150482177734,3.9,3.9166776334241034,-0.0454,0.050973048370407364,0.27,-0.8368056677405529,0.0,-0.0412,-0.0454,0.27,0.05,0.04,-0.04,0.97,4.19,12184.62,3.3
6.535490036010742,0.021481037139892578,3.9,3.875772104681218,-0.0346,0.03116120280722849,0.29,-0.7710530784546503,0.0,-0.0296,-0.0346,0.29,-0.06,-0.08,-0.11,1.09,3.83,13419.78,3.97
6.57524299621582,0.02106189727783203,3.9,3.875772104681218,-0.0234,0.0077549224061585886,0.28,-0.5838433159059697,0.0,-0.0184,-0.0234,0.28,0.06,0.01,0.01,1.06,3.87,12975.82,4.61
6.615660190582275,0.021305084228515625,3.9,3.875772104681218,-0.0126,-0.01950051656147178,0.26,-0.3191409698899442,0.0,-0.0077,-0.0126,0.26,0.11,-0.08,-0.06,0.81,4.06,13463.74,5.25
6.655203104019165,0.020680904388427734,3.9,3.8804925811913127,-0.0045,-0.03990671749154602,0.19,0.02695130938880319,0.0,-0.0005,-0.0045,0.19,-0.02,-0.1,-0.04,1.0,3.81,12589.01,5.74
6.695462942123413,0.020767927169799805,3.9,3.8804925811913127,0.0013,-0.050831535187813234,0.12,0.28175387340737723,0.0,0.0044,0.0013,0.12,0.01,-0.12,-0.05,1.16,4.07,13608.79,6.09
6.7361979484558105,0.021337032318115234,3.9,3.8804925811913127,0.0037,-0.05151079846426508,0.06,0.4231456457966998,0.0,0.0057,0.0037,0.06,0.08,-0.1,-0.04,0.85,3.78,12193.41,6.27
6.776108741760254,0.02107381820678711,3.9,3.8524857598880633,0.0032,-0.04483137624582192,-0.02,0.5586962179020312,0.0,0.0039,0.0032,-0.02,0.05,-0.16,-0.08,0.98,3.95,12865.93,6.31
6.816045761108398,0.020843982696533203,3.9,3.8524857598880633,-0.0002,-0.032972571544433414,-0.09,0.6423440617110404,0.0,-0.0005,-0.0002,-0.09,-0.01,-0.1,-0.02,1.12,3.96,12874.73,6.16
6.856276988983154,0.020904064178466797,3.9,3.9121840112506243,-0.0054,-0.01978354292666005,-0.14,0.6621948641512158,0.0,-0.0068,-0.0054,-0.14,0.06,-0.07,-0.01,0.87,4.09,12738.46,5.87
6.896531105041504,0.021003007888793945,3.9,3.9121840112506243,-0.0127,-0.0063680932167360675,-0.2,0.7335012293535099,0.0,-0.0151,-0.0127,-0.2,0.13,-0.1,-0.04,0.99,3.88,12505.49,5.46
6.936607122421265,0.020910978317260742,3.9,3.9121840112506243,-0.0225,0.012651278523915654,-0.26,0.7634784223777856,0.0,-0.0258,-0.0225,-0.26,-0.0,-0.06,-0.0,1.04,3.9,13274.73,4.91
6.976977109909058,0.021121978759765625,3.9,3.8885577695536924,-0.0327,0.03090647907855905,-0.27,0.6934149373030416,0.0,-0.0365,-0.0327,-0.27,-0.01,-0.01,0.01,0.94,4.06,13024.18,4.3
7.016844034194946,0.020819902420043945,3.9,3.8885577695536924,-0.0433,0.050916443097369715,-0.27,0.5660566694490621,0.0,-0.0473,-0.0433,-0.27,0.09,-0.03,-0.02,0.97,3.84,13068.13,3.67
7.073085069656372,0.03690004348754883,3.9,3.8885577695536924,-0.0541,0.07024714383972853,-0.27,0.44908332668767037,0.0,-0.0582,-0.0541,-0.27,0.05,-0.03,-0.03,1.05,4.04,13002.2,3.05
7.131792068481445,0.05418205261230469,3.9,3.7130581381587175,-0.0634,0.08623813347286577,-0.23,0.3988937144449749,0.0,-0.0671,-0.0634,-0.23,-0.0,0.03,-0.01,0.98,3.98,12465.93,2.47
7.159755229949951,0.02428412437438965,3.9,3.7130581381587175,-0.0694,0.1093613875087474,-0.13,-0.09372800554592375,0.0,-0.0721,-0.0694,-0.13,0.1,0.02,-0.07,1.08,3.96,12597.8,2.08
7.197177171707153,0.021563053131103516,3.9,4.043644919368535,-0.0729,0.11977675774767572,0.03,-0.8102906151814361,0.0,-0.0733,-0.0729,0.03,-0.0,0.06,-0.07,0.95,4.24,12294.51,1.87
7.236772298812866,0.02099013328552246,3.9,4.043644919368535,-0.0709,0.12187115285006891,0.08,-0.9786232466283705,0.0,-0.07,-0.0709,0.08,0.0,-0.01,-0.1,1.09,3.83,13072.53,2.0
7.277613162994385,0.021671772003173828,3.9,4.043644919368535,-0.0649,0.10288008374593602,0.15,-0.9775321912108981,0.0,-0.0628,-0.0649,0.15,0.09,0.03,-0.04,0.98,3.96,12808.79,2.31
7.318421125411987,0.022305965423583984,3.9,3.8765213955365017,-0.0566,0.07429442086192078,0.21,-0.8392535125189957,0.0,-0.0534,-0.0566,0.21,-0.04,0.1,0.04,0.96,4.13,13002.2,2.73
7.357164144515991,0.020893096923828125,3.9,3.8765213955365017,-0.0468,0.04545403424923611,0.22,-0.6242715760311066,0.0,-0.043,-0.0468,0.22,0.04,0.05,0.02,1.24,4.19,13050.55,3.24
7.397594213485718,0.021151065826416016,3.9,3.8765213955365017,-0.037,0.019840148199697705,0.23,-0.4482748564566553,0.0,-0.0329,-0.037,0.23,0.05,-0.03,-0.04,0.86,3.91,13169.23,3.78
7.437440395355225,0.020815134048461914,3.9,3.918491291418132,-0.0288,0.002009487192836715,0.21,-0.26287984807633313,0.0,-0.0248,-0.0288,0.21,0.05,-0.11,-0.1,0.95,3.74,12378.02,4.29
7.47783350944519,0.021043062210083008,3.9,3.918491291418132,-0.0215,-0.009849317508551784,0.19,-0.14457965762800024,0.0,-0.0178,-0.0215,0.19,0.04,-0.09,-0.07,1.12,4.0,13327.47,4.75
7.5181684494018555,0.02120685577392578,3.9,3.918491291418132,-0.0153,-0.02238738548639213,0.17,-0.0063396636390478656,0.0,-0.0121,-0.0153,0.17,-0.0,-0.1,-0.07,0.85,3.68,12712.09,5.15
7.5578742027282715,0.0207369327545166,3.9,3.8511748161105603,-0.0111,-0.03319899263658403,0.1,0.25267970880758994,0.0,-0.0085,-0.0111,0.1,0.06,-0.11,-0.06,1.03,4.07,13542.86,5.45
7.5980494022369385,0.020743131637573242,3.9,3.8511748161105603,-0.0093,-0.03962369112635775,0.02,0.5262121151973882,0.0,-0.0079,-0.0093,0.02,0.03,-0.08,-0.01,0.97,3.94,12971.43,5.57
7.63880729675293,0.02133798599243164,3.9,3.8511748161105603,-0.0103,-0.03951048058028245,-0.04,0.6979650584271155,0.0,-0.01,-0.0103,-0.04,0.04,-0.11,-0.04,0.95,3.81,12452.75,5.53
7.6788482666015625,0.021214962005615234,3.9,3.864705035405303,-0.0146,-0.028246031245789314,-0.12,0.8227168632934208,0.0,-0.0154,-0.0146,-0.12,0.09,-0.16,-0.07,1.1,3.94,12918.68,5.32
7.718543529510498,0.02073812484741211,3.9,3.864705035405303,-0.0214,-0.006509606399330202,-0.17,0.7691241164678262,0.0,-0.0233,-0.0214,-0.17,0.01,-0.14,-0.07,0.95,4.01,13054.95,4.98
7.7589075565338135,0.02094292640686035,3.9,3.9144752170017645,-0.0298,0.013528660255999289,-0.22,0.7252439197439203,0.0,-0.0326,-0.0298,-0.22,0.06,-0.09,-0.04,1.03,4.09,12509.89,4.51
7.798918724060059,0.020779132843017578,3.9,3.9144752170017645,-0.0394,0.030029097346475412,-0.25,0.7052308284306609,0.0,-0.0427,-0.0394,-0.25,0.04,-0.04,0.0,0.96,3.93,13872.53,3.96
7.839333772659302,0.021030902862548828,3.9,3.9144752170017645,-0.049,0.04562385006834907,-0.27,0.6702138879321287,0.0,-0.0528,-0.049,-0.27,0.07,-0.02,0.01,0.89,4.09,13028.57,3.36
7.879616975784302,0.02115321159362793,3.9,3.891896692950433,-0.0594,0.0637092348038795,-0.28,0.6088799252935181,0.0,-0.0635,-0.0594,-0.28,0.05,-0.03,-0.02,1.01,3.99,12171.43,2.72
7.919538974761963,0.020910978317260742,3.9,3.891896692950433,-0.068,0.08830422593874014,-0.18,0.14041401312439067,0.0,-0.0716,-0.068,-0.18,-0.04,0.1,0.03,1.09,4.04,13076.92,2.18
7.9598472118377686,0.02103900909423828,3.9,3.891896692950433,-0.0724,0.11247467752581837,-0.06,-0.4210285285764608,0.0,-0.0744,-0.0724,-0.06,0.05,0.05,-0.06,0.93,3.99,12602.2,1.92
7.9999840259552,0.02101588249206543,3.9,3.918591174578444,-0.0707,0.1295128647101522,0.1,-1.0808624927532464,0.0,-0.0703,-0.0707,0.1,0.07,0.03,-0.12,0.93,3.77,12136.26,2.04
8.040083885192871,0.020933866500854492,3.9,3.918591174578444,-0.0656,0.12291835040126552,0.16,-1.2105481618073002,0.0,-0.0634,-0.0656,0.16,-0.04,-0.04,-0.12,1.02,3.94,12817.58,2.39
8.08095908164978,0.021651029586791992,3.9,3.918591174578444,-0.0569,0.09034201576809568,0.22,-1.0629491711994123,0.0,-0.0536,-0.0569,0.22,0.01,0.07,0.01,1.07,3.92,13696.7,2.85
8.120147943496704,0.020674943923950195,3.9,3.8890742305448796,-0.0448,0.05323725929191352,0.27,-0.8724284036397219,0.0,-0.0407,-0.0448,0.27,0.11,0.06,0.01,0.96,3.95,12703.3,3.45
8.160631895065308,0.02097606658935547,3.9,3.8890742305448796,-0.033,0.018170292645086912,0.27,-0.5757995186402803,0.0,-0.0284,-0.033,0.27,0.05,0.02,0.01,0.89,4.19,13314.29,4.08
8.200998783111572,0.021173954010009766,3.9,3.8890742305448796,-0.0225,-0.004273698114342872,0.26,-0.3914413334393648,0.0,-0.0179,-0.0225,0.26,0.02,-0.09,-0.08,1.1,3.77,12865.93,4.7
8.2409508228302,0.020959854125976562,3.9,3.8919952248908602,-0.0133,-0.017547634641672718,0.24,-0.2766213179384938,0.0,-0.0089,-0.0133,0.24,0.01,-0.1,-0.08,0.94,4.01,13024.18,5.27
8.287559509277344,0.026944875717163086,3.9,3.8919952248908602,-0.0062,-0.03087817644204022,0.19,-0.06013997204617061,0.0,-0.0024,-0.0062,0.19,0.03,-0.15,-0.1,1.0,3.89,13261.54,5.76
8.32215142250061,0.021372079849243164,3.9,3.8919952248908602,-0.0009,-0.042227533686089835,0.13,0.1781715612373339,0.0,0.0021,-0.0009,0.13,0.0,-0.13,-0.06,1.0,3.86,13230.77,6.13
8.362126350402832,0.021188020706176758,3.9,3.8893530125258677,0.0019,-0.050831535187813234,0.06,0.43614043813712383,0.0,0.0037,0.0019,0.06,0.0,-0.11,-0.03,0.94,3.92,13173.63,6.32
8.401958227157593,0.02083301544189453,3.9,3.8893530125258677,0.0016,-0.05252969337894285,-0.03,0.697601850799671,0.0,0.0022,0.0016,-0.03,0.09,-0.11,-0.03,1.08,3.71,12993.41,6.34
8.442769050598145,0.021483898162841797,3.9,3.869974907150285,-0.002,-0.04443513933455834,-0.12,0.8789551360777832,0.0,-0.0028,-0.002,-0.12,0.01,-0.11,-0.02,0.97,4.2,13635.17,6.14
8.48212218284607,0.020672082901000977,3.9,3.869974907150285,-0.0088,-0.024878017500048904,-0.16,0.8241472918760034,0.0,-0.0107,-0.0088,-0.16,0.0,-0.15,-0.09,1.01,3.95,13164.84,5.81
8.522423028945923,0.020798921585083008,3.9,3.869974907150285,-0.017,0.0046982376621252766,-0.2,0.6637038744153628,0.0,-0.0196,-0.017,-0.2,0.1,-0.08,-0.03,1.05,3.82,13147.25,5.38
8.56330394744873,0.021490097045898438,3.9,3.9435710027536452,-0.0253,0.0226704118515804,-0.22,0.5495284523652026,0.0,-0.0284,-0.0253,-0.22,0.07,-0.04,-0.01,0.9,3.95,13832.97,4.9
8.60288667678833,0.020897865295410156,3.9,3.9435710027536452,-0.0342,0.03826516457345406,-0.25,0.5291315051982218,0.0,-0.0376,-0.0342,-0.25,0.02,-0.04,-0.01,1.05,3.83,13450.55,4.37
8.643187522888184,0.0210268497467041,3.9,3.9435710027536452,-0.0437,0.05405803575095951,-0.27,0.4870856634862454,0.0,-0.0476,-0.0437,-0.27,0.08,-0.03,-0.0,1.02,3.71,12949.45,3.77
8.683247327804565,0.020921945571899414,3.9,3.93725842071196,-0.0533,0.06900182783290014,-0.26,0.38568948925395896,0.0,-0.0573,-0.0533,-0.26,0.04,0.01,0.01,0.86,3.94,12632.97,3.15
8.723284244537354,0.02079606056213379,3.9,3.93725842071196,-0.0626,0.08519093592166917,-0.23,0.20942170375141034,0.0,-0.0664,-0.0626,-0.23,0.03,-0.02,-0.04,1.15,3.9,12549.45,2.59
8.763996362686157,0.02134108543395996,3.9,3.93725842071196,-0.069,0.10208760992340887,-0.14,-0.1596010555314225,0.0,-0.0721,-0.069,-0.14,0.04,0.14,0.06,1.04,4.03,13556.04,2.15
8.803616523742676,0.02081012725830078,3.9,3.8860184503652073,-0.0725,0.11411623044391032,-0.03,-0.5148499925054123,0.0,-0.0739,-0.0725,-0.03,0.05,0.08,-0.04,0.9,4.07,12800.0,1.96
8.843692541122437,0.020718812942504883,3.9,3.8860184503652073,-0.0716,0.11173880897632886,0.06,-0.7339963154395379,0.0,-0.0713,-0.0716,0.06,0.04,0.0,-0.1,1.0,3.92,12281.32,2.03
8.884270668029785,0.02112412452697754,3.9,3.8860184503652073,-0.0662,0.09954037263671445,0.17,-0.9360603602076918,0.0,-0.0642,-0.0662,0.17,-0.05,0.03,-0.07,0.95,3.81,12905.49,2.33
8.924281597137451,0.020967960357666016,3.9,3.888451215310379,-0.0575,0.07720959242335997,0.22,-0.8929128287855517,0.0,-0.0543,-0.0575,0.22,0.02,0.05,-0.02,1.03,3.79,13468.13,2.8
8.964478731155396,0.020873069763183594,3.9,3.888451215310379,-0.0459,0.05020887718439904,0.28,-0.850332679216778,0.0,-0.0417,-0.0459,0.28,0.06,0.03,-0.04,1.0,4.02,12901.1,3.39
9.004503965377808,0.020725011825561523,3.9,3.8385695055071016,-0.0355,0.02584030714168902,0.25,-0.5951013385421576,0.0,-0.031,-0.0355,0.25,0.0,-0.06,-0.05,0.98,4.19,13336.26,4.0
9.045401811599731,0.021457910537719727,3.9,3.8385695055071016,-0.0255,0.005943553668953663,0.25,-0.4672668953624997,0.0,-0.0212,-0.0255,0.25,0.02,-0.03,-0.03,1.03,4.14,13116.48,4.56
9.084967613220215,0.020854949951171875,3.9,3.8385695055071016,-0.0164,-0.011236146697974306,0.23,-0.3076765738293833,0.0,-0.0123,-0.0164,0.23,0.06,-0.1,-0.08,0.93,3.99,13116.48,5.11
9.124713897705078,0.020435094833374023,3.9,3.8789504366565444,-0.0092,-0.026462965145103212,0.19,-0.08486174067268332,0.0,-0.0056,-0.0092,0.19,0.08,-0.12,-0.08,0.99,3.83,12637.36,5.59
9.16538667678833,0.020943880081176758,3.9,3.8789504366565444,-0.0038,-0.03914254630553769,0.14,0.14244773976412556,0.0,-0.001,-0.0038,0.14,0.03,-0.1,-0.05,0.98,4.05,12536.26,5.94
9.205458641052246,0.020839929580688477,3.9,3.8789504366565444,-0.0006,-0.04692577134821511,0.08,0.3611099994540603,0.0,0.0013,-0.0006,0.08,0.03,-0.11,-0.05,0.98,3.55,12259.34,6.17
9.245543479919434,0.020758867263793945,3.9,3.838066370395508,0.0005,-0.043869086604181796,0.02,0.4676019491922674,0.0,0.0015,0.0005,0.02,0.09,-0.11,-0.05,1.0,4.04,12839.56,6.27
9.28656530380249,0.021622896194458008,3.9,3.838066370395508,-0.0011,-0.03359522954784761,-0.04,0.5251360407270422,0.0,-0.0011,-0.0011,-0.04,0.06,-0.12,-0.05,0.92,3.79,12562.64,6.24
9.326672554016113,0.021563053131103516,3.9,3.838066370395508,-0.0045,-0.023689306766258172,-0.08,0.5527476092720692,0.0,-0.0054,-0.0045,-0.08,0.01,-0.09,-0.04,0.97,3.95,12870.33,6.09
9.366549730300903,0.021281003952026367,3.9,3.8286748273026916,-0.0095,-0.00950968587032586,-0.13,0.5762805346444095,0.0,-0.0111,-0.0095,-0.13,0.1,-0.11,-0.06,0.97,4.28,12386.81,5.83
9.406940937042236,0.02151322364807129,3.9,3.8286748273026916,-0.0164,0.00447181656997466,-0.19,0.6497655579334686,0.0,-0.0188,-0.0164,-0.19,0.17,-0.11,-0.04,1.18,3.85,12800.0,5.46
9.446768999099731,0.021172046661376953,3.9,3.8286748273026916,-0.0249,0.019811845563178877,-0.23,0.6701618876608176,0.0,-0.0281,-0.0249,-0.23,-0.02,-0.07,-0.01,0.89,4.06,12931.87,4.97
9.48655080795288,0.020781993865966797,3.9,3.973068330192756,-0.034,0.0341046770051865,-0.26,0.5812485555824721,0.0,-0.0378,-0.034,-0.26,0.01,-0.07,-0.03,0.95,4.05,12707.69,4.41
9.527556896209717,0.021631956100463867,3.9,3.973068330192756,-0.0441,0.05148249582774625,-0.28,0.5222590008489248,0.0,-0.0483,-0.0441,-0.28,0.12,-0.02,0.01,1.01,4.09,13107.69,3.79
9.567214965820312,0.02101421356201172,3.9,3.9372248077865533,-0.0547,0.06772820918955293,-0.29,0.49277125074049166,0.0,-0.0591,-0.0547,-0.29,-0.01,-0.03,-0.01,0.91,3.7,13156.04,3.14
9.607204914093018,0.02083301544189453,3.9,3.9372248077865533,-0.0615,0.08776647584488242,-0.16,-0.012761062711530269,0.0,-0.065,-0.0615,-0.16,0.04,0.15,0.07,1.05,3.84,11969.23,2.67
9.647244691848755,0.02069997787475586,3.9,3.9372248077865533,-0.0636,0.10743680822546717,0.06,-0.7937089827238288,0.0,-0.0651,-0.0636,0.06,0.01,0.24,0.01,0.86,4.17,12514.29,2.49
9.712342739105225,0.04563188552856445,3.9,3.94389137906253,-0.0614,0.1172295204609813,0.1,-1.0413468980348386,0.0,-0.0608,-0.0614,0.1,-0.01,-0.21,-0.3,1.26,4.06,12602.2,2.72
9.758902072906494,0.043943166732788086,3.9,3.94389137906253,-0.0562,0.09195526604966882,0.17,-0.9663260028777353,0.0,-0.0545,-0.0562,0.17,0.01,0.1,0.01,0.85,3.82,12989.01,3.01
9.80289912223816,0.04130697250366211,3.9,3.94389137906253,-0.0439,0.054907114846524316,0.25,-0.8475901129790318,0.0,-0.0407,-0.0439,0.25,0.03,0.14,0.07,1.08,3.81,13367.03,3.61
9.826740980148315,0.021394968032836914,3.9,3.790924902162699,-0.0324,0.026179938779914945,0.23,-0.584430841354932,0.0,-0.0288,-0.0324,0.23,0.01,-0.08,-0.09,0.85,4.09,13578.02,4.27
9.866390705108643,0.02088189125061035,3.9,3.790924902162699,-0.0236,0.008462488319129264,0.22,-0.44529735948323845,0.0,-0.02,-0.0236,0.22,0.09,-0.05,-0.04,1.01,3.84,13441.76,4.78
9.906402826309204,0.020730018615722656,3.9,3.944102181340105,-0.0148,-0.007896435588752724,0.24,-0.3611084423990513,0.0,-0.0112,-0.0148,0.24,0.02,-0.1,-0.11,1.04,3.95,13476.92,5.32
9.947293758392334,0.02146291732788086,3.9,3.944102181340105,-0.0074,-0.021510003754308494,0.19,-0.1451035028002336,0.0,-0.0041,-0.0074,0.19,0.01,-0.11,-0.07,0.95,3.88,13292.31,5.8
9.986755847930908,0.02074909210205078,3.9,3.944102181340105,-0.0019,-0.03472733500860069,0.14,0.08593143940580389,0.0,0.0007,-0.0019,0.14,0.07,-0.11,-0.06,0.97,3.91,12940.66,6.17
10.027081966400146,0.02091193199157715,3.9,3.886427793633656,0.0015,-0.043557757602474705,0.07,0.32549296378298487,0.0,0.0031,0.0015,0.07,0.0,-0.08,-0.02,0.98,3.77,12905.49,6.39
10.075798034667969,0.02945709228515625,3.9,3.886427793633656,0.0024,-0.04256716532431576,0.0,0.48893053917568274,0.0,0.003,0.0024,0.0,0.0,-0.08,-0.01,1.07,3.99,13274.73,6.46
10.10729193687439,0.020790815353393555,3.9,3.886427793633656,0.0006,-0.034076374368667665,-0.05,0.5379994906358202,0.0,0.0001,0.0006,-0.05,0.05,-0.09,-0.03,0.92,4.06,12861.54,6.38
10.147449016571045,0.02079916000366211,3.9,3.8266734332173478,-0.0038,-0.020491108839630724,-0.11,0.5899283546935747,0.0,-0.0053,-0.0038,-0.11,0.03,-0.11,-0.05,0.96,3.9,13314.29,6.18
10.187649011611938,0.020834922790527344,3.9,3.8266734332173478,-0.0098,-0.0015566450085354832,-0.16,0.5667553069378811,0.0,-0.012,-0.0098,-0.16,0.01,-0.07,-0.02,1.12,3.81,12804.4,5.87
10.228211879730225,0.02123093605041504,3.9,3.8266734332173478,-0.0163,0.011943712610944979,-0.18,0.5323124801482593,0.0,-0.0191,-0.0163,-0.18,0.05,-0.02,0.02,0.94,4.07,13604.4,5.47
10.268219709396362,0.021065950393676758,3.9,3.9298020319818656,-0.026,0.02555728077650075,-0.23,0.5555652268511218,0.0,-0.0296,-0.026,-0.23,0.08,-0.05,-0.01,0.94,3.81,12804.4,4.9
10.308822870254517,0.02150702476501465,3.9,3.9298020319818656,-0.0354,0.04069919131407318,-0.27,0.5735613762964257,0.0,-0.0396,-0.0354,-0.27,-0.01,0.01,0.05,1.06,3.8,13217.58,4.31
10.34923267364502,0.021756887435913086,3.9,3.9298020319818656,-0.0454,0.057709075861888184,-0.28,0.4979448614499005,0.0,-0.0499,-0.0454,-0.28,-0.01,-0.0,0.02,1.02,4.06,13556.04,3.68
10.388508558273315,0.020863056182861328,3.9,3.8641950260687548,-0.0558,0.07627560541823868,-0.29,0.47010939706035204,0.0,-0.0605,-0.0558,-0.29,0.09,0.0,0.02,0.97,3.95,12967.03,3.02
10.428600549697876,0.02077484130859375,3.9,3.8641950260687548,-0.0643,0.09509685870325861,-0.21,0.12196386840484541,0.0,-0.0684,-0.0643,-0.21,0.03,0.03,-0.02,1.01,3.7,12378.02,2.47
10.46950364112854,0.021522998809814453,3.9,3.8641950260687548,-0.0693,0.11338036189442083,-0.08,-0.3921722925063067,0.0,-0.072,-0.0693,-0.08,-0.11,-0.03,-0.14,0.98,3.89,12923.08,2.17
10.508735656738281,0.020591020584106445,3.9,3.8100368222385783,-0.0702,0.130361943805717,0.04,-0.8781996115890675,0.0,-0.071,-0.0702,0.04,0.08,0.13,-0.01,0.92,4.77,13802.2,2.11
10.549328565597534,0.02101898193359375,3.9,3.8100368222385783,-0.0671,0.26315791435205316,0.1,-2.6707325841161604,0.0,-0.0662,-0.0671,0.1,0.02,-0.01,-0.09,0.98,4.18,13041.76,2.31
10.58940863609314,0.02092599868774414,3.9,3.8764562283091317,-0.0595,0.34042411204845074,0.19,-3.96996056950005,0.0,-0.0573,-0.0595,0.19,-0.05,0.11,0.01,1.02,4.4,14008.79,2.67
10.629612684249878,0.02096104621887207,3.9,3.8764562283091317,-0.0464,0.2706298103930235,0.37,-3.748563077483224,0.0,-0.0422,-0.0464,0.37,0.02,0.23,0.06,1.04,4.47,14210.99,3.35
10.669691801071167,0.0208740234375,3.9,3.8764562283091317,-0.022,0.12872039088762505,0.5,-2.6459971263632265,0.0,-0.0158,-0.022,0.5,0.05,0.56,0.43,1.04,4.27,13613.19,4.44
10.709572792053223,0.02057790756225586,3.9,3.8414550950708617,0.003,-0.0226704118515804,0.45,-0.9827027482722798,0.0,0.0097,0.003,0.45,-0.0,0.26,0.26,0.93,4.13,13485.71,5.52
10.749760866165161,0.020596981048583984,3.9,3.8414550950708617,0.018,-0.12699393005997658,0.38,0.2956328850772254,0.0,0.0239,0.018,0.38,-0.0,-0.28,-0.24,1.03,3.95,14013.19,6.44
10.796936988830566,0.02759718894958496,3.9,3.8414550950708617,0.0278,-0.16223071252591617,0.38,0.6105205494424442,0.0,0.0333,0.0278,0.38,0.04,-0.42,-0.41,1.03,3.93,12760.44,7.3
10.830316066741943,0.020811080932617188,3.9,3.8790564708340134,0.0394,-0.1657402394542507,0.53,0.16587615194447092,0.0,0.0459,0.0394,0.53,0.06,-0.13,-0.24,0.88,3.82,12967.03,8.16
10.870609998703003,0.020936012268066406,3.9,3.8790564708340134,0.0521,-0.15507014548665296,0.32,0.45661895463900304,0.0,0.0583,0.0521,0.32,0.03,-0.48,-0.34,1.06,4.2,13129.67,9.17
10.91065001487732,0.020808935165405273,3.9,3.8790564708340134,0.0559,-0.14802278899346502,0.08,0.9677805923297885,0.0,0.0594,0.0559,0.08,0.0,-0.48,-0.28,1.06,4.06,13024.18,9.68
10.950952053070068,0.02094888687133789,3.9,3.8927179449272193,0.0539,-0.13489036564872933,-0.04,1.1563462261924564,0.0,0.0546,0.0539,-0.04,0.06,-0.25,-0.1,0.91,3.76,13178.02,9.69
10.991117000579834,0.020936965942382812,3.9,3.8927179449272193,0.0483,-0.110408585059944,-0.16,1.2366714764509519,0.0,0.047,0.0483,-0.16,0.08,-0.17,-0.02,1.07,3.91,13178.02,9.46
11.03144383430481,0.021090030670166016,3.9,3.8927179449272193,0.0389,-0.08516263328515034,-0.29,1.3751388144515113,0.0,0.0356,0.0389,-0.29,0.01,-0.14,0.0,1.04,3.98,13437.36,8.92
11.071537971496582,0.02101302146911621,3.9,3.892857592233323,0.0231,-0.04406720505981359,-0.44,1.443481079412428,0.0,0.0173,0.0231,-0.44,0.01,-0.13,0.02,0.91,4.07,13507.69,8.01
11.111495971679688,0.02080988883972168,3.9,3.892857592233323,0.0032,0.008745514684317533,-0.52,1.2297984401136182,0.0,-0.0044,0.0032,-0.52,0.04,-0.08,0.02,1.01,4.04,13613.19,6.89
11.152102947235107,0.02125716209411621,3.9,3.903814082850569,-0.0175,0.06314318207350296,-0.55,0.8617395741330954,0.0,-0.0262,-0.0175,-0.55,-0.02,0.03,0.08,0.99,4.01,13367.03,5.63
11.191873788833618,0.020862817764282227,3.9,3.903814082850569,-0.0379,0.10539901839611163,-0.54,0.5421234118999079,0.0,-0.0466,-0.0379,-0.54,-0.0,-0.0,0.01,1.0,4.08,13134.07,4.4
11.232053995132446,0.020882129669189453,3.9,3.903814082850569,-0.0578,0.1448528937033564,-0.52,0.22493912804033545,0.0,-0.0665,-0.0578,-0.52,0.02,0.13,0.11,1.07,3.75,12835.17,3.16
11.272800922393799,0.021472930908203125,3.9,3.8700155003275154,-0.0722,0.1744291488655306,-0.33,-0.4338998582381759,0.0,-0.0793,-0.0722,-0.33,0.06,0.1,-0.04,1.12,3.83,12923.08,2.25
11.312259912490845,0.020765066146850586,3.9,3.8700155003275154,-0.0817,0.19953358745773012,-0.15,-1.1138496861346985,0.0,-0.0863,-0.0817,-0.15,0.07,0.22,0.03,1.0,3.91,13424.18,1.71
