Time;delta;angVelref;Realized;
0.00246095657349;  0.0; 0.2; 0.0
0.0429208278656;  0.00758510658705; 0.2; 0.189627664676
0.0832149982452;  0.0156513579949; 0.2; 0.201656285197
0.123493909836;  0.0236327014932; 0.2; 0.199533587458
0.163922786713;  0.0320668871758; 0.2; 0.210854642065
0.204182863235;  0.0401897438567; 0.2; 0.203071417023
0.244497776031;  0.0483975084472; 0.2; 0.205194114761
0.284784793854;  0.0565486677646; 0.2; 0.203778982936
0.325202941895;  0.0647564323551; 0.2; 0.205194114761
0.365392923355;  0.072935894309; 0.2; 0.204486548849
0.405596971512;  0.0810587509899; 0.2; 0.203071417023
0.445840835571;  0.0892099103073; 0.2; 0.203778982936
0.4861369133;  0.0971912538057; 0.2; 0.199533587458
0.52644276619;  0.105568834215; 0.2; 0.209439510239
0.566740989685;  0.113748296169; 0.2; 0.204486548849
0.607019901276;  0.121814547577; 0.2; 0.201656285197
0.647362947464;  0.129994009531; 0.2; 0.204486548849
0.687612771988;  0.138230076758; 0.2; 0.205901680674
0.728101968765;  0.146352933439; 0.2; 0.203071417023
0.768309831619;  0.154504092756; 0.2; 0.203778982936
0.808597803116;  0.162711857347; 0.2; 0.205194114761
0.848906993866;  0.17097622721; 0.2; 0.206609246587
0.889276981354;  0.179099083891; 0.2; 0.203071417023
0.929499864578;  0.187306848482; 0.2; 0.205194114761
0.96980381012;  0.195458007799; 0.2; 0.203778982936
1.01006197929;  0.20358086448; 0.2; 0.203071417023
1.0503988266;  0.21178862907; 0.2; 0.205194114761
1.09066176414;  0.219911485751; 0.2; 0.203071417023
1.13097596169;  0.228119250342; 0.2; 0.205194114761
1.17123484612;  0.236327014932; 0.2; 0.205194114761
1.21166586876;  0.24447817425; 0.2; 0.203778982936
1.25200200081;  0.252629333567; 0.2; 0.203778982936
1.29220676422;  0.260837098158; 0.2; 0.205194114761
1.33254790306;  0.269016560111; 0.2; 0.204486548849
1.37284398079;  0.277167719429; 0.2; 0.203778982936
1.41306877136;  0.285347181383; 0.2; 0.204486548849
1.45349979401;  0.293611551246; 0.2; 0.206609246587
1.49380087852;  0.301706105291; 0.2; 0.20236385111
1.53407979012;  0.309913869881; 0.2; 0.205194114761
1.57437491417;  0.318065029199; 0.2; 0.203778982936
1.61464190483;  0.326216188516; 0.2; 0.203778982936
1.65496683121;  0.334452255743; 0.2; 0.205901680674
1.69525694847;  0.34260341506; 0.2; 0.203778982936
1.73555588722;  0.350811179651; 0.2; 0.205194114761
1.77617478371;  0.358962338968; 0.2; 0.203778982936
1.81621479988;  0.367141800922; 0.2; 0.204486548849
1.85653185844;  0.37529296024; 0.2; 0.203778982936
1.89696598053;  0.383444119557; 0.2; 0.203778982936
1.93729376793;  0.391736792057; 0.2; 0.2073168125
1.97745394707;  0.399859648738; 0.2; 0.203071417023
2.01775693893;  0.408067413328; 0.2; 0.205194114761
2.05809283257;  0.416190270009; -0.2; 0.203071417023
2.09836697578;  0.409001400334; -0.2; -0.179721741895
2.13868498802;  0.40138799111; -0.2; -0.190335230589
2.17894887924;  0.39318022652; -0.2; -0.205194114761
2.21932387352;  0.385198883021; -0.2; -0.199533587458
2.25960087776;  0.376906210521; -0.2; -0.2073168125
2.30002880096;  0.369264498661; -0.2; -0.191042796502
2.3402929306;  0.361254852526; -0.2; -0.200241153371
2.38053798676;  0.353301811665; -0.2; -0.198826021545
2.42087292671;  0.345461981349; -0.2; -0.195995757893
2.46109390259;  0.337537243124; -0.2; -0.198118455632
2.50145792961;  0.329442689079; -0.2; -0.20236385111
2.54173994064;  0.321433042944; -0.2; -0.200241153371
2.5820338726;  0.313480002083; -0.2; -0.198826021545
2.62234282494;  0.305725079676; -0.2; -0.193873060154
2.66261792183;  0.297489012449; -0.2; -0.205901680674
2.70290589333;  0.289535971588; -0.2; -0.198826021545
2.74318695068;  0.281639535999; -0.2; -0.197410889719
2.78350090981;  0.273969521502; -0.2; -0.191750362415
2.82412385941;  0.265705151639; -0.2; -0.206609246587
2.86417889595;  0.25772380814; -0.2; -0.199533587458
2.90443587303;  0.249940583098; -0.2; -0.194580626067
2.9447748661;  0.241846029053; -0.2; -0.20236385111
2.98516893387;  0.233723172372; -0.2; -0.203071417023
3.02549695969;  0.22593994733; -0.2; -0.194580626067
3.06585693359;  0.217986906468; -0.2; -0.198826021545
3.10610985756;  0.209892352424; -0.2; -0.20236385111
3.14641094208;  0.202052522108; -0.2; -0.195995757893
3.1866607666;  0.194042875973; -0.2; -0.200241153371
3.22697687149;  0.186004927202; -0.2; -0.200948719284
3.26727199554;  0.178108491613; -0.2; -0.197410889719
3.30753278732;  0.170070542842; -0.2; -0.200948719284
3.34801578522;  0.162060896707; -0.2; -0.200241153371
3.38821983337;  0.154164461118; -0.2; -0.197410889719
3.42851185799;  0.146239722893; -0.2; -0.198118455632
3.46882677078;  0.138173471485; -0.2; -0.201656285197
3.50906276703;  0.130305338533; -0.2; -0.196703323806
3.5494658947;  0.122210784488; -0.2; -0.20236385111
3.58972191811;  0.114257743627; -0.2; -0.198826021545
3.63009381294;  0.106304702765; -0.2; -0.198826021545
3.67031478882;  0.0982667539934; -0.2; -0.200948719284
3.71065998077;  0.0903986210411; -0.2; -0.196703323806
3.75095081329;  0.0824172775428; -0.2; -0.199533587458
3.79124593735;  0.0743793287715; -0.2; -0.200948719284
3.83151984215;  0.0663979852732; -0.2; -0.199533587458
3.87200284004;  0.0584449444114; -0.2; -0.198826021545
3.91218781471;  0.0503786930035; -0.2; -0.201656285197
3.9525449276;  0.0425105600513; -0.2; -0.196703323806
3.99281692505;  0.0344726112799; -0.2; -0.200948719284
4.03323578835;  0.0265478730547; -0.2; -0.198118455632
4.07335090637;  0.0185665295564; -0.2; -0.199533587458
4.11364579201;  0.010585186058; -0.2; -0.199533587458
4.15393781662;  0.00263214519625; -0.2; -0.198826021545
4.194231987;  -0.00534919830206; -0.2; -0.199533587458
4.23466777802;  -0.0132739365273; -0.2; -0.198118455632
4.27496576309;  -0.0213684905717; -0.2; -0.20236385111
4.31526780128;  -0.0291800182509; -0.2; -0.19528819198
4.35553097725;  -0.0372179670223; -0.2; -0.200948719284
4.39602589607;  -0.045171007884; -0.2; -0.198826021545
4.43626880646;  -0.0532089566554; -0.2; -0.200948719284
4.47658586502;  -0.0611336948807; -0.2; -0.198118455632
4.5168299675;  -0.0690584331059; -0.2; -0.198118455632
4.557076931;  -0.0771246845138; -0.2; -0.201656285197
4.59745287895;  -0.0850494227391; -0.2; -0.198118455632
4.6377248764;  -0.0930024636009; -0.2; -0.198826021545
4.67802190781;  -0.100983807099; -0.2; -0.199533587458
4.71844696999;  -0.109050058507; -0.2; -0.201656285197
4.75876879692;  -0.116918191459; -0.2; -0.196703323806
4.79906797409;  -0.124927837594; -0.2; -0.200241153371
4.83934593201;  -0.132909181092; -0.2; -0.199533587458
4.87964391708;  -0.140918827227; -0.2; -0.200241153371
4.92010498047;  -0.148871868089; -0.2; -0.198826021545
4.96050977707;  -0.156881514224; -0.2; -0.200241153371
5.00065279007;  -0.164891160359; -0.2; -0.200241153371
5.04093790054;  -0.172787595947; -0.2; -0.197410889719
5.08131790161;  -0.180768939446; -0.2; -0.199533587458
5.12147593498;  -0.188778585581; -0.2; -0.200241153371
5.16178798676;  -0.196759929079; -0.2; -0.199533587458
5.20205783844;  -0.204712969941; -0.2; -0.198826021545
5.24239182472;  -0.212694313439; -0.2; -0.199533587458
5.2826898098;  -0.220703959574; -0.2; -0.200241153371
5.32297587395;  -0.228572092526; -0.2; -0.196703323806
5.36326479912;  -0.236525133388; -0.2; -0.198826021545
5.40356087685;  -0.244563082159; -0.2; -0.200948719284
5.44419598579;  -0.252516123021; -0.2; -0.198826021545
5.48425984383;  -0.260497466519; -0.2; -0.199533587458
5.52456092834;  -0.268478810018; -0.2; -0.199533587458
5.56489896774;  -0.276488456152; -0.2; -0.200241153371
5.60525178909;  -0.284356589105; -0.2; -0.196703323806
5.64546084404;  -0.29228132733; -0.2; -0.198118455632
5.68594193459;  -0.300319276101; -0.2; -0.200948719284
5.72604894638;  -0.3083006196; -0.2; -0.199533587458
5.76637887955;  -0.316253660461; -0.2; -0.198826021545
5.80664086342;  -0.32423500396; -0.2; -0.199533587458
5.84697294235;  -0.332272952731; -0.2; -0.200948719284
5.88723087311;  -0.34016938832; -0.2; -0.197410889719
5.92753696442;  -0.348065823909; -0.2; -0.197410889719
5.96816897392;  -0.35610377268; -0.2; -0.200948719284
6.00822877884;  -0.364113418815; -0.2; -0.200241153371
6.04863977432;  -0.372066459676; -0.2; -0.198826021545
6.08891296387;  -0.380047803175; -0.2; -0.199533587458
6.12918996811;  -0.38805744931; -0.2; -0.200241153371
6.16943597794;  -0.396010490171; -0.2; -0.198826021545
6.2097389698;  -0.40390692576; -0.2; -0.197410889719
6.25004696846;  -0.411973177168; 0.2; -0.201656285197
6.2903418541;  -0.404671096946; 0.2; 0.182552005546
6.33088779449;  -0.39683126663; 0.2; 0.195995757893
6.37089896202;  -0.388453686221; 0.2; 0.209439510239
6.41120576859;  -0.380189316357; 0.2; 0.206609246587
6.45151591301;  -0.371670222765; 0.2; 0.212977339804
6.49198198318;  -0.36383039245; 0.2; 0.195995757893
6.53218889236;  -0.355735838405; 0.2; 0.20236385111
6.57248497009;  -0.347528073815; 0.2; 0.205194114761
6.61279678345;  -0.339348611861; 0.2; 0.204486548849
6.65320682526;  -0.331112544634; 0.2; 0.205901680674
6.69329977036;  -0.322961385316; 0.2; 0.203778982936
6.73363280296;  -0.314810225999; 0.2; 0.203778982936
6.77389883995;  -0.306574158772; 0.2; 0.205901680674
6.81426596642;  -0.298309788908; 0.2; 0.206609246587
6.85469794273;  -0.290271840137; 0.2; 0.200948719284
6.89493393898;  -0.282092378183; 0.2; 0.204486548849
6.93528580666;  -0.273912916229; 0.2; 0.204486548849
6.97553992271;  -0.265705151639; 0.2; 0.205194114761
7.01614689827;  -0.257525689685; 0.2; 0.204486548849
7.05626678467;  -0.249346227731; 0.2; 0.204486548849
7.09649896622;  -0.241195068413; 0.2; 0.203778982936
7.13681983948;  -0.233213724915; 0.2; 0.199533587458
7.17706298828;  -0.224779539233; 0.2; 0.210854642065
7.21744799614;  -0.216628379915; 0.2; 0.203778982936
7.25770282745;  -0.208420615325; 0.2; 0.205194114761
7.29800987244;  -0.200269456007; 0.2; 0.203778982936
7.33831977844;  -0.19211829669; 0.2; 0.203778982936
7.37858486176;  -0.184080347918; 0.2; 0.200948719284
7.41891288757;  -0.175872583328; 0.2; 0.205194114761
7.45918297768;  -0.167523305555; 0.2; 0.208731944326
7.49950885773;  -0.159372146238; 0.2; 0.203778982936
7.53994393349;  -0.151192684284; 0.2; 0.204486548849
7.58018493652;  -0.143069827603; 0.2; 0.203071417023
7.62049293518;  -0.135003576195; 0.2; 0.201656285197
7.66094398499;  -0.126569390512; 0.2; 0.210854642065
7.70120096207;  -0.118446533831; 0.2; 0.203071417023
7.74142789841;  -0.110380282423; 0.2; 0.201656285197
7.78170394897;  -0.102172517833; 0.2; 0.205194114761
7.82195687294;  -0.0939647532425; 0.2; 0.205194114761
7.86229395866;  -0.0858418965616; 0.2; 0.203071417023
7.90258097649;  -0.0777190398807; 0.2; 0.203071417023
7.94285798073;  -0.0695112752902; 0.2; 0.205194114761
7.98317289352;  -0.0612752080633; 0.2; 0.205901680674
8.02368187904;  -0.0531240487458; 0.2; 0.203778982936
8.06412696838;  -0.0448596788823; 0.2; 0.206609246587
8.1043407917;  -0.0366802169284; 0.2; 0.204486548849
8.14462089539;  -0.0286139655205; 0.2; 0.201656285197
8.18491983414;  -0.0203778982936; 0.2; 0.205901680674
8.2252368927;  -0.0122267389761; 0.2; 0.203778982936
8.26553583145;  -0.00401897438567; 0.2; 0.205194114761
8.30579400063;  0.00418879020479; 0.2; 0.205194114761
8.34611082077;  0.0123682521587; 0.2; 0.204486548849
8.38637781143;  0.0204911088396; 0.2; 0.203071417023
8.42670583725;  0.0286139655205; 0.2; 0.203071417023
8.46698498726;  0.0369349406571; 0.2; 0.208024378413
8.50728988647;  0.0449728894284; 0.2; 0.200948719284
8.54756379128;  0.0532089566554; 0.2; 0.205901680674
8.58804798126;  0.0614733265189; 0.2; 0.206609246587
8.62824082375;  0.0695961831998; 0.2; 0.203071417023
8.66856479645;  0.0777756451537; 0.2; 0.204486548849
8.70880794525;  0.0858985018346; 0.2; 0.203071417023
8.74912786484;  0.0941911743347; 0.2; 0.2073168125
8.78948879242;  0.102257425743; 0.2; 0.201656285197
8.82991886139;  0.110465190333; 0.2; 0.205194114761
8.87020897865;  0.118757862833; 0.2; 0.2073168125
8.91061282158;  0.126880719514; 0.2; 0.203071417023
8.95092487335;  0.135031878831; 0.2; 0.203778982936
8.99119091034;  0.143211340785; 0.2; 0.204486548849
9.03148794174;  0.151419105376; 0.2; 0.205194114761
9.07195997238;  0.15951365942; 0.2; 0.20236385111
9.11219096184;  0.167664818738; 0.2; 0.203778982936
9.15249991417;  0.175985793874; 0.2; 0.208024378413
9.19292092323;  0.184080347918; 0.2; 0.20236385111
9.23310184479;  0.192231507236; 0.2; 0.203778982936
9.27346777916;  0.200495877099; 0.2; 0.206609246587
9.31372284889;  0.208590431144; 0.2; 0.20236385111
9.35405278206;  0.216741590461; 0.2; 0.203778982936
9.39432382584;  0.224921052415; 0.2; 0.204486548849
9.43460988998;  0.233157119642; 0.2; 0.205901680674
9.47493696213;  0.241336581596; 0.2; 0.204486548849
9.51517486572;  0.249487740913; 0.2; 0.203778982936
9.55548977852;  0.257752110777; 0.2; 0.206609246587
9.59590387344;  0.265818362185; 0.2; 0.201656285197
9.63636493683;  0.273997824139; 0.2; 0.204486548849
9.67659687996;  0.282205588729; 0.2; 0.205194114761
9.71674799919;  0.290356748047; 0.2; 0.203778982936
9.75702595711;  0.29862111791; 0.2; 0.206609246587
9.79738998413;  0.306743974591; 0.2; 0.203071417023
9.83788990974;  0.315036647091; 0.2; 0.2073168125
9.87796497345;  0.323074595862; 0.2; 0.200948719284
9.91826081276;  0.331254057816; 0.2; 0.204486548849
9.95854282379;  0.33943351977; 0.2; 0.204486548849
9.99882984161;  0.347612981724; 0.2; 0.204486548849
10.0391449928;  0.355849048951; 0.2; 0.205901680674
10.0794267654;  0.363971905632; 0.2; 0.203071417023
10.1198968887;  0.372207972859; 0.2; 0.205901680674
10.1605949402;  0.380444040086; 0.2; 0.205901680674
10.2003858089;  0.388481988857; 0.2; 0.200948719284
10.2407407761;  0.396718056084; 0.2; 0.205901680674
10.2811439037;  0.404897518038; 0.2; 0.204486548849
10.3213868141;  0.413076979992; -0.2; 0.204486548849
10.361525774;  0.405973018226; -0.2; -0.177599044156
10.4018118382;  0.398387911639; -0.2; -0.189627664676
10.4421238899;  0.390066936502; -0.2; -0.208024378413
10.482380867;  0.382142198277; -0.2; -0.198118455632
10.5226869583;  0.37390613105; -0.2; -0.205901680674
10.5629668236;  0.366207813917; -0.2; -0.192457928328
10.6032838821;  0.358226470419; -0.2; -0.199533587458
10.6435639858;  0.350273429557; -0.2; -0.198826021545
10.6840307713;  0.342461901878; -0.2; -0.19528819198
10.7242457867;  0.334508861016; -0.2; -0.198826021545
10.7645568848;  0.326329399062; -0.2; -0.204486548849
10.8050148487;  0.318319752927; -0.2; -0.200241153371
10.8452558517;  0.310366712065; -0.2; -0.198826021545
10.8854289055;  0.302611789659; -0.2; -0.193873060154
10.9257669449;  0.294517235615; -0.2; -0.20236385111
10.9660217762;  0.286450984207; -0.2; -0.201656285197
11.0063378811;  0.278582851255; -0.2; -0.196703323806
11.0466089249;  0.270799626212; -0.2; -0.194580626067
11.0869288445;  0.262591861622; -0.2; -0.205194114761
11.1281769276;  0.254469004941; -0.2; -0.203071417023
11.1675519943;  0.246827293081; -0.2; -0.191042796502
11.2080447674;  0.238761041673; -0.2; -0.201656285197
11.2483999729;  0.230638184992; -0.2; -0.203071417023
11.2885689735;  0.222911565222; -0.2; -0.193165494241
11.3288648129;  0.214788708541; -0.2; -0.203071417023
11.3690879345;  0.20683566768; -0.2; -0.198826021545
11.4094049931;  0.198910929454; -0.2; -0.198118455632
11.4496798515;  0.190872980683; -0.2; -0.200948719284
11.4907310009;  0.182891637185; -0.2; -0.199533587458
11.5304589272;  0.174938596323; -0.2; -0.198826021545
11.5707848072;  0.166957252825; -0.2; -0.199533587458
11.6111087799;  0.158975909326; -0.2; -0.199533587458
11.6521859169;  0.150909657918; -0.2; -0.201656285197
11.6916837692;  0.14301322233; -0.2; -0.197410889719
11.7321219444;  0.135088484104; -0.2; -0.198118455632
11.7725088596;  0.127107140606; -0.2; -0.199533587458
11.8126759529;  0.119069191835; -0.2; -0.200948719284
11.8530678749;  0.111201058882; -0.2; -0.196703323806
11.8932337761;  0.103276320657; -0.2; -0.198118455632
11.9334619045;  0.0952383718859; -0.2; -0.200948719284
11.9737839699;  0.0873136336606; -0.2; -0.198118455632
12.0140519142;  0.0793605927988; -0.2; -0.198826021545
12.0544719696;  0.0712943413909; -0.2; -0.201656285197
12.0947887897;  0.0633129978926; -0.2; -0.199533587458
12.1350829601;  0.0554731675769; -0.2; -0.195995757893
12.1754379272;  0.0474635214421; -0.2; -0.200241153371
12.2159109116;  0.0394821779438; -0.2; -0.199533587458
12.2560758591;  0.0314725318089; -0.2; -0.200241153371
12.2965099812;  0.0234911883106; -0.2; -0.199533587458
12.3366949558;  0.0155098448123; -0.2; -0.199533587458
12.3770158291;  0.00755680395053; -0.2; -0.198826021545
12.4172787666;  -0.000339631638226; -0.2; -0.197410889719
12.4575068951;  -0.00823606722698; -0.2; -0.197410889719
12.4978599548;  -0.0163306212714; -0.2; -0.20236385111
12.5381159782;  -0.0242553594966; -0.2; -0.198118455632
12.5784618855;  -0.0322367029949; -0.2; -0.199533587458
12.6188797951;  -0.0402463491298; -0.2; -0.200241153371
12.6591689587;  -0.0482559952646; -0.2; -0.200241153371
12.6995527744;  -0.0562090361264; -0.2; -0.198826021545
12.740229845;  -0.0641337743517; -0.2; -0.198118455632
12.7807757854;  -0.0723132363056; -0.2; -0.204486548849
12.8206858635;  -0.0800964613483; -0.2; -0.194580626067
12.8610808849;  -0.0881910153927; -0.2; -0.20236385111
12.9013819695;  -0.0960874509814; -0.2; -0.197410889719
12.9416518211;  -0.104125399753; -0.2; -0.200948719284
12.9826498032;  -0.112191651161; -0.2; -0.201656285197
13.0224328041;  -0.120059784113; -0.2; -0.196703323806
13.0628027916;  -0.128097732884; -0.2; -0.200948719284
13.1033139229;  -0.135994168473; -0.2; -0.197410889719
13.143930912;  -0.144032117244; -0.2; -0.200948719284
13.1839258671;  -0.15195685547; -0.2; -0.198118455632
13.2244369984;  -0.160023106877; -0.2; -0.201656285197
13.2645368576;  -0.167947845103; -0.2; -0.198118455632
13.3048858643;  -0.175957491238; -0.2; -0.200241153371
13.3453168869;  -0.183882229463; -0.2; -0.198118455632
13.3853228092;  -0.191863572961; -0.2; -0.199533587458
13.425716877;  -0.199731705913; -0.2; -0.196703323806
13.4659919739;  -0.207769654685; -0.2; -0.200948719284
13.5063347816;  -0.215750998183; -0.2; -0.199533587458
13.5466229916;  -0.223732341681; -0.2; -0.199533587458
13.5868318081;  -0.231657079907; -0.2; -0.198118455632
13.6271789074;  -0.239553515495; -0.2; -0.197410889719
13.6801598072;  -0.249204714548; -0.2; -0.241279976323
13.7163999081;  -0.257270965956; -0.2; -0.201656285197
13.7565028667;  -0.265195704181; -0.2; -0.198118455632
13.7968599796;  -0.273233652953; -0.2; -0.200948719284
13.8372468948;  -0.281186693815; -0.2; -0.198826021545
13.8774869442;  -0.289196339949; -0.2; -0.200241153371
13.9177479744;  -0.297064472902; -0.2; -0.196703323806
13.9580497742;  -0.305102421673; -0.2; -0.200948719284
13.9983229637;  -0.312970554625; -0.2; -0.196703323806
14.0386109352;  -0.321008503397; -0.2; -0.200948719284
14.0789377689;  -0.328989846895; -0.2; -0.199533587458
14.1192319393;  -0.336971190393; -0.2; -0.199533587458
14.1595048904;  -0.344924231255; -0.2; -0.198826021545
14.1999838352;  -0.352820666844; -0.2; -0.197410889719
14.2402009964;  -0.360971826161; -0.2; -0.203778982936
14.2806129456;  -0.36878335384; -0.2; -0.19528819198
14.3208677769;  -0.376792999975; -0.2; -0.200241153371
14.3611149788;  -0.3847177382; -0.2; -0.198118455632
14.4013738632;  -0.392812292245; -0.2; -0.20236385111
14.441688776;  -0.400652122561; -0.2; -0.195995757893
14.4819908142;  -0.408633466059; 0.2; -0.199533587458
14.5222687721;  -0.40147289902; 0.2; 0.179014175982
14.5625867844;  -0.393633068704; 0.2; 0.195995757893
14.6028218269;  -0.385113975112; 0.2; 0.212977339804
14.6431558132;  -0.376934513158; 0.2; 0.204486548849
14.6834588051;  -0.368302209019; 0.2; 0.215807603456
14.7239108086;  -0.360632194523; 0.2; 0.191750362415
14.7641599178;  -0.352396127296; 0.2; 0.205901680674
14.8044347763;  -0.344216665342; 0.2; 0.204486548849
14.8447268009;  -0.336037203388; 0.2; 0.204486548849
14.8850188255;  -0.327829438798; 0.2; 0.205194114761
14.9253687859;  -0.31967827948; 0.2; 0.203778982936
14.9655418396;  -0.311555422799; 0.2; 0.203071417023
15.0058507919;  -0.303291052936; 0.2; 0.206609246587
15.046145916;  -0.294998380436; 0.2; 0.2073168125
15.0864348412;  -0.286960431664; 0.2; 0.200948719284
15.1267268658;  -0.27878096971; 0.2; 0.204486548849
15.167031765;  -0.270601507757; 0.2; 0.204486548849
15.2072899342;  -0.262450348439; 0.2; 0.203778982936
15.2479889393;  -0.254299189122; 0.2; 0.203778982936
15.2880308628;  -0.246063121895; 0.2; 0.205901680674
15.3282628059;  -0.237940265214; 0.2; 0.203071417023
15.3685348034;  -0.229874013806; 0.2; 0.201656285197
15.4088418484;  -0.221496433396; 0.2; 0.209439510239
15.4494099617;  -0.213288668806; 0.2; 0.205194114761
15.4894509315;  -0.205165812125; 0.2; 0.203071417023
15.529763937;  -0.197042955444; 0.2; 0.203071417023
15.5700609684;  -0.188778585581; 0.2; 0.206609246587
15.6103498936;  -0.180740636809; 0.2; 0.200948719284
15.6506359577;  -0.172702688038; 0.2; 0.200948719284
15.6909928322;  -0.164240199719; 0.2; 0.211562207978
15.7312328815;  -0.156117343038; 0.2; 0.203071417023
15.7715578079;  -0.147937881084; 0.2; 0.204486548849
15.8120818138;  -0.13975841913; 0.2; 0.204486548849
15.8522388935;  -0.131777075632; 0.2; 0.199533587458
15.8925588131;  -0.123456100495; 0.2; 0.208024378413
15.9328188896;  -0.115248335905; 0.2; 0.205194114761
15.973222971;  -0.106983966041; 0.2; 0.206609246587
16.0134119987;  -0.0990026225429; 0.2; 0.199533587458
16.0537238121;  -0.0908514632254; 0.2; 0.203778982936
16.0940139294;  -0.0825021854524; 0.2; 0.208731944326
16.1343278885;  -0.0743793287715; 0.2; 0.203071417023
16.1746108532;  -0.0663413800001; 0.2; 0.200948719284
16.2149069309;  -0.0581053127732; 0.2; 0.205901680674
16.2551908493;  -0.0497843376366; 0.2; 0.208024378413
16.2954909801;  -0.0417746915018; 0.2; 0.200241153371
16.3359639645;  -0.0335952295478; 0.2; 0.204486548849
16.3762087822;  -0.0252459517748; 0.2; 0.208731944326
16.4164948463;  -0.01723630564; 0.2; 0.200241153371
16.4568607807;  -0.00905684368602; 0.2; 0.204486548849
16.4971938133;  -0.000764171186008; 0.2; 0.2073168125
16.5373928547;  0.00738698813141; 0.2; 0.203778982936
16.5776998997;  0.0155381474488; 0.2; 0.203778982936
16.61795187;  0.0237459120393; 0.2; 0.205194114761
16.6582877636;  0.0319819792663; 0.2; 0.205901680674
16.6985797882;  0.0400482306741; 0.2; 0.201656285197
16.7388458252;  0.0481993899916; 0.2; 0.203778982936
16.779173851;  0.0564637598551; 0.2; 0.206609246587
16.819508791;  0.0646149191725; 0.2; 0.203778982936
16.8599579334;  0.072879289036; 0.2; 0.206609246587
16.9001619816;  0.0810587509899; 0.2; 0.204486548849
16.9404788017;  0.0892382129439; 0.2; 0.204486548849
16.9807679653;  0.0973893722613; 0.2; 0.203778982936
17.0216069221;  0.105597136852; 0.2; 0.205194114761
17.0614118576;  0.113776598806; 0.2; 0.204486548849
17.1016829014;  0.12195606076; 0.2; 0.204486548849
17.141977787;  0.13016382535; 0.2; 0.205194114761
17.1822888851;  0.138314984668; 0.2; 0.203778982936
17.222689867;  0.146466143985; 0.2; 0.203778982936
17.2630028725;  0.154702211212; 0.2; 0.205901680674
17.3032689095;  0.162796765256; 0.2; 0.20236385111
17.3435947895;  0.17106113512; 0.2; 0.206609246587
17.3840589523;  0.17926889971; 0.2; 0.205194114761
17.4242379665;  0.187420059028; 0.2; 0.203778982936
17.4645698071;  0.195599520982; 0.2; 0.204486548849
17.5048267841;  0.203750680299; 0.2; 0.203778982936
17.5452759266;  0.211986747526; 0.2; 0.205901680674
17.5853698254;  0.220109604207; 0.2; 0.203071417023
17.6256699562;  0.228345671434; 0.2; 0.205901680674
17.6659538746;  0.236553436024; 0.2; 0.205194114761
17.7062678337;  0.244647990069; 0.2; 0.20236385111
17.7466878891;  0.252912359932; 0.2; 0.206609246587
17.7869689465;  0.261035216613; 0.2; 0.203071417023
17.8272538185;  0.269242981204; 0.2; 0.205194114761
17.8675608635;  0.277450745794; 0.2; 0.205194114761
17.9081549644;  0.285630207748; 0.2; 0.204486548849
17.948266983;  0.293894577611; 0.2; 0.206609246587
17.9885568619;  0.302017434292; 0.2; 0.203071417023
18.0290448666;  0.310225198883; 0.2; 0.205194114761
18.0693387985;  0.318404660837; 0.2; 0.204486548849
18.1095848083;  0.326555820154; 0.2; 0.203778982936
18.1498739719;  0.334791887381; 0.2; 0.205901680674
18.1901888847;  0.342943046699; 0.2; 0.203778982936
18.2304799557;  0.351207416562; 0.2; 0.206609246587
18.2707538605;  0.359301970607; 0.2; 0.20236385111
18.3110699654;  0.367453129924; 0.2; 0.203778982936
18.3516669273;  0.375717499787; 0.2; 0.206609246587
18.3918538094;  0.383812053832; 0.2; 0.20236385111
18.4320728779;  0.392076423695; 0.2; 0.206609246587
18.4723699093;  0.400255885649; 0.2; 0.204486548849
18.5127038956;  0.40846365024; -0.2; 0.205194114761
18.5529677868;  0.401274780564; -0.2; -0.179721741895
18.5933709145;  0.39366137134; -0.2; -0.190335230589
18.6334989071;  0.38536869884; -0.2; -0.2073168125
18.6737968922;  0.377415657979; -0.2; -0.198826021545
18.7140808105;  0.369151288115; -0.2; -0.206609246587
18.7546157837;  0.361481273618; -0.2; -0.191750362415
18.7946538925;  0.35349993012; -0.2; -0.199533587458
18.8349788189;  0.345518586622; -0.2; -0.199533587458
18.875292778;  0.337848572125; -0.2; -0.191750362415
18.9155499935;  0.329754018081; -0.2; -0.20236385111
18.9563679695;  0.321574556127; -0.2; -0.204486548849
18.9962489605;  0.313706423175; -0.2; -0.196703323806
19.0365548134;  0.305725079676; -0.2; -0.199533587458
19.0768687725;  0.29797015727; -0.2; -0.193873060154
19.1172218323;  0.28976239268; -0.2; -0.205194114761
19.1573848724;  0.281865957091; -0.2; -0.197410889719
19.1976799965;  0.273912916229; -0.2; -0.198826021545
19.2379479408;  0.266129691187; -0.2; -0.194580626067
19.2782928944;  0.257978531869; -0.2; -0.203778982936
19.3186869621;  0.249968885734; -0.2; -0.200241153371
19.3590078354;  0.242185660692; -0.2; -0.194580626067
19.399255991;  0.234091106647; -0.2; -0.20236385111
19.4395649433;  0.226081460512; -0.2; -0.200241153371
19.480052948;  0.218354840743; -0.2; -0.193165494241
19.5202307701;  0.210203681425; -0.2; -0.203778982936
19.5606358051;  0.20219403529; -0.2; -0.200241153371
19.6008889675;  0.194382507611; -0.2; -0.19528819198
19.6411178112;  0.186372861476; -0.2; -0.200241153371
19.6815199852;  0.178306610069; -0.2; -0.201656285197
19.7218339443;  0.170381871843; -0.2; -0.198118455632
19.7621269226;  0.162372225709; -0.2; -0.200241153371
19.8024199009;  0.154362579574; -0.2; -0.200241153371
19.8426949978;  0.146579354531; -0.2; -0.194580626067
19.883027792;  0.13845649785; -0.2; -0.203071417023
19.9232978821;  0.130531759625; -0.2; -0.198118455632
19.9636118412;  0.122550416127; -0.2; -0.199533587458
20.0041129589;  0.114569072628; -0.2; -0.199533587458
20.0444159508;  0.106559426493; -0.2; -0.200241153371
20.0845887661;  0.0986346882681; -0.2; -0.198118455632
20.1248409748;  0.0907099500428; -0.2; -0.198118455632
20.1652767658;  0.0827852118176; -0.2; -0.198118455632
20.2055058479;  0.0748038683193; -0.2; -0.199533587458
20.2457928658;  0.0667659195479; -0.2; -0.200948719284
20.2860708237;  0.0588694839592; -0.2; -0.197410889719
20.326364994;  0.0508598378243; -0.2; -0.200241153371
20.3666927814;  0.0429634022356; -0.2; -0.197410889719
20.4070289135;  0.0348971508277; -0.2; -0.201656285197
20.4472928047;  0.0270856231485; -0.2; -0.19528819198
20.4879767895;  0.0189910691041; -0.2; -0.20236385111
20.5282349586;  0.0110380282423; -0.2; -0.198826021545
20.5685288906;  0.00302838210751; -0.2; -0.200241153371
20.6087698936;  -0.00486805348124; -0.2; -0.197410889719
20.6492137909;  -0.0128493969795; -0.2; -0.199533587458
20.6894128323;  -0.0209156483874; -0.2; -0.201656285197
20.7297239304;  -0.0287554787031; -0.2; -0.195995757893
20.7700779438;  -0.0367368222014; -0.2; -0.199533587458
20.8103868961;  -0.0447181656997; -0.2; -0.199533587458
20.8506717682;  -0.0527561144711; -0.2; -0.200948719284
20.8909409046;  -0.0605676421503; -0.2; -0.19528819198
20.9312498569;  -0.0686055909216; -0.2; -0.200948719284
20.9715437889;  -0.0765869344199; -0.2; -0.199533587458
21.0120549202;  -0.0845682779183; -0.2; -0.199533587458
21.0523889065;  -0.0925496214166; -0.2; -0.199533587458
21.092592001;  -0.100502662278; -0.2; -0.198826021545
21.1328468323;  -0.108512308413; -0.2; -0.200241153371
21.1731169224;  -0.116380441365; -0.2; -0.196703323806
21.2134058475;  -0.124361784864; -0.2; -0.199533587458
21.2537069321;  -0.132343128362; -0.2; -0.199533587458
21.2939817905;  -0.14032447186; -0.2; -0.199533587458
21.3342897892;  -0.148305815359; -0.2; -0.199533587458
21.3745667934;  -0.156230553584; -0.2; -0.198118455632
21.4148919582;  -0.164240199719; -0.2; -0.200241153371
21.4551329613;  -0.172136635308; -0.2; -0.197410889719
21.4954738617;  -0.180061373533; -0.2; -0.198118455632
21.5360178947;  -0.188127624941; -0.2; -0.201656285197
21.5762348175;  -0.196080665802; -0.2; -0.198826021545
21.6164019108;  -0.204033706664; -0.2; -0.198826021545
21.6568739414;  -0.212015050163; -0.2; -0.199533587458
21.6970248222;  -0.219968091024; -0.2; -0.198826021545
21.737361908;  -0.227836223977; -0.2; -0.196703323806
21.7775299549;  -0.235760962202; -0.2; -0.198118455632
21.8178069592;  -0.24382721361; -0.2; -0.201656285197
21.8581118584;  -0.251751951835; -0.2; -0.198118455632
21.8984029293;  -0.259733295333; -0.2; -0.199533587458
21.9386918545;  -0.267686336195; -0.2; -0.198826021545
21.978979826;  -0.275639377057; -0.2; -0.198826021545
22.0193068981;  -0.283564115282; -0.2; -0.198118455632
22.0596017838;  -0.291432248234; -0.2; -0.196703323806
22.1000549793;  -0.299470197006; -0.2; -0.200948719284
22.1402859688;  -0.307508145777; -0.2; -0.200948719284
22.1805639267;  -0.315404581366; -0.2; -0.197410889719
22.2210149765;  -0.323414227501; -0.2; -0.200241153371
22.2610998154;  -0.331395570999; -0.2; -0.199533587458
22.3014748096;  -0.339320309224; -0.2; -0.198118455632
22.3417358398;  -0.347216744813; -0.2; -0.197410889719
22.3820769787;  -0.355311298857; -0.2; -0.20236385111
22.4223117828;  -0.36317943181; -0.2; -0.196703323806
22.4627728462;  -0.371245683217; -0.2; -0.201656285197
22.5030469894;  -0.379170421443; -0.2; -0.198118455632
22.543353796;  -0.387180067578; -0.2; -0.200241153371
22.5836508274;  -0.395161411076; -0.2; -0.199533587458
22.6240859032;  -0.403114451938; -0.2; -0.198826021545
22.6646249294;  -0.411124098072; 0.2; -0.200241153371
22.7048819065;  -0.403708807305; 0.2; 0.185382269198
22.7450089455;  -0.395953884898; 0.2; 0.193873060154
22.7853038311;  -0.387576304489; 0.2; 0.209439510239
22.8255798817;  -0.379311934625; 0.2; 0.206609246587
22.8660669327;  -0.370707933124; 0.2; 0.215100037543
22.9061639309;  -0.362981313354; 0.2; 0.193165494241
22.9464399815;  -0.3548018514; 0.2; 0.204486548849
22.9867179394;  -0.346650692083; 0.2; 0.203778982936
23.0271449089;  -0.338386322219; 0.2; 0.206609246587
23.0675508976;  -0.330235162902; 0.2; 0.203778982936
23.1081469059;  -0.322027398311; 0.2; 0.205194114761
23.1482069492;  -0.313819633721; 0.2; 0.205194114761
23.1884858608;  -0.305555263857; 0.2; 0.206609246587
23.2288057804;  -0.297375801903; 0.2; 0.204486548849
23.2690598965;  -0.289309550495; 0.2; 0.201656285197
23.3094108105;  -0.281073483268; 0.2; 0.205901680674
23.3496768475;  -0.272922323951; 0.2; 0.203778982936
23.3900179863;  -0.264714559361; 0.2; 0.205194114761
23.4303059578;  -0.256535097407; 0.2; 0.204486548849
23.4707348347;  -0.248383938089; 0.2; 0.203778982936
23.5109879971;  -0.240147870862; 0.2; 0.205901680674
23.5513029099;  -0.232166527364; 0.2; 0.199533587458
23.591616869;  -0.223788946954; 0.2; 0.209439510239
23.6320648193;  -0.215581182364; 0.2; 0.205194114761
23.6722979546;  -0.20740172041; 0.2; 0.204486548849
23.7127268314;  -0.19919395582; 0.2; 0.205194114761
23.7528889179;  -0.191099401775; 0.2; 0.20236385111
23.7931449413;  -0.183033150367; 0.2; 0.201656285197
23.8335468769;  -0.174712175231; 0.2; 0.208024378413
23.8738288879;  -0.166476108004; 0.2; 0.205901680674
23.9141077995;  -0.158268343413; 0.2; 0.205194114761
23.9544157982;  -0.150088881459; 0.2; 0.204486548849
23.9946968555;  -0.141994327415; 0.2; 0.20236385111
24.0350029469;  -0.133899773371; 0.2; 0.20236385111
24.0753638744;  -0.125578798234; 0.2; 0.208024378413
24.1156249046;  -0.117342731007; 0.2; 0.205901680674
24.1560688019;  -0.109248176963; 0.2; 0.20236385111
24.1962897778;  -0.101068715009; 0.2; 0.204486548849
24.2365999222;  -0.0928326477818; 0.2; 0.205901680674
24.2769019604;  -0.0846814884643; 0.2; 0.203778982936
24.3172869682;  -0.0764737238739; 0.2; 0.205194114761
24.3574678898;  -0.068350867193; 0.2; 0.203071417023
24.3977799416;  -0.0600864973295; 0.2; 0.206609246587
24.4380829334;  -0.051935338012; 0.2; 0.203778982936
24.4783937931;  -0.0437558760581; 0.2; 0.204486548849
24.5186889172;  -0.0355481114676; 0.2; 0.205194114761
24.5589489937;  -0.0274535574233; 0.2; 0.20236385111
24.5992429256;  -0.0191891875598; 0.2; 0.206609246587
24.6395328045;  -0.0110380282423; 0.2; 0.203778982936
24.6799809933;  -0.00288686892492; 0.2; 0.203778982936
24.7203707695;  0.00546240884813; 0.2; 0.208731944326
24.7606639862;  0.0135569628925; 0.2; 0.20236385111
24.8010509014;  0.021764727483; 0.2; 0.205194114761
24.8413619995;  0.0299441894369; 0.2; 0.204486548849
24.8815259933;  0.0381236513909; 0.2; 0.204486548849
24.9218428135;  0.0463031133448; 0.2; 0.204486548849
24.9621078968;  0.0544259700257; 0.2; 0.203071417023
25.0024459362;  0.0627469451622; 0.2; 0.208024378413
25.0427258015;  0.0708414992066; 0.2; 0.20236385111
25.0830259323;  0.078992658524; 0.2; 0.203778982936
25.1233429909;  0.0872853310241; 0.2; 0.2073168125
25.1636178493;  0.095408187705; 0.2; 0.203071417023
25.2040679455;  0.103615952295; 0.2; 0.205194114761
25.2443008423;  0.111767111613; 0.2; 0.203778982936
25.2846159935;  0.120059784113; 0.2; 0.2073168125
25.3248839378;  0.12821094343; 0.2; 0.203778982936
25.3651239872;  0.136362102748; 0.2; 0.203778982936
25.4055089951;  0.144654775248; 0.2; 0.2073168125
25.4457809925;  0.152777631929; 0.2; 0.203071417023
25.4860858917;  0.160957093883; 0.2; 0.204486548849
25.5263938904;  0.1691082532; 0.2; 0.203778982936
25.5666368008;  0.17731601779; 0.2; 0.205194114761
25.6069729328;  0.185552085017; 0.2; 0.205901680674
25.6472668648;  0.193731546971; 0.2; 0.204486548849
25.6875829697;  0.201995916835; 0.2; 0.206609246587
25.7280509472;  0.210118773516; 0.2; 0.203071417023
25.7682738304;  0.218269932833; 0.2; 0.203778982936
25.8085827827;  0.22650600006; 0.2; 0.205901680674
25.8489120007;  0.234685462014; 0.2; 0.204486548849
25.8892388344;  0.242921529241; 0.2; 0.205901680674
25.9294707775;  0.251100991195; 0.2; 0.204486548849
25.9697489738;  0.259280453149; 0.2; 0.204486548849
26.0101459026;  0.267459915103; 0.2; 0.204486548849
26.0505278111;  0.275582771784; 0.2; 0.203071417023
26.090846777;  0.283875444284; 0.2; 0.2073168125
26.1310939789;  0.292026603601; 0.2; 0.203778982936
26.1716229916;  0.300234368192; 0.2; 0.205194114761
26.2119619846;  0.308442132782; 0.2; 0.205194114761
26.2520749569;  0.316564989463; 0.2; 0.203071417023
26.2923588753;  0.32480105669; 0.2; 0.205901680674
26.3326649666;  0.332923913371; 0.2; 0.203071417023
26.3731718063;  0.341216585871; 0.2; 0.2073168125
26.4133179188;  0.349396047825; 0.2; 0.204486548849
26.4534409046;  0.357490601869; 0.2; 0.20236385111
26.4938118458;  0.36569836646; 0.2; 0.205194114761
26.5340769291;  0.373877828414; 0.2; 0.204486548849
26.5743649006;  0.382085593004; 0.2; 0.205194114761
26.6146848202;  0.390236752322; 0.2; 0.203778982936
26.6549167633;  0.398472819549; 0.2; 0.205901680674
26.6952519417;  0.406680584139; 0.2; 0.205194114761
26.7355539799;  0.41480344082; -0.2; 0.203071417023
26.7761418819;  0.407699479054; -0.2; -0.177599044156
26.8162238598;  0.400001161921; -0.2; -0.192457928328
26.8565158844;  0.391850002603; -0.2; -0.203778982936
26.8968088627;  0.383896961741; -0.2; -0.198826021545
26.9372758865;  0.375632591878; -0.2; -0.206609246587
26.9774367809;  0.368019182654; -0.2; -0.190335230589
27.0177268982;  0.359981233883; -0.2; -0.200948719284
27.0580158234;  0.352028193021; -0.2; -0.198826021545
27.098320961;  0.344160060069; -0.2; -0.196703323806
27.1386067867;  0.336150413934; -0.2; -0.200241153371
27.1788909435;  0.32805585989; -0.2; -0.20236385111
27.2192077637;  0.320074516391; -0.2; -0.199533587458
27.2594637871;  0.312064870257; -0.2; -0.200241153371
27.2999448776;  0.304338250487; -0.2; -0.193165494241
27.3401558399;  0.296073880623; -0.2; -0.206609246587
27.3805069923;  0.288120839762; -0.2; -0.198826021545
27.4207489491;  0.280196101536; -0.2; -0.198118455632
27.4611859322;  0.272469481767; -0.2; -0.193165494241
27.5013048649;  0.264261717176; -0.2; -0.205194114761
27.5416109562;  0.256252071041; -0.2; -0.200241153371
27.5818789005;  0.248440543362; -0.2; -0.19528819198
27.6222059727;  0.240430897227; -0.2; -0.200241153371
27.6624858379;  0.232308040547; -0.2; -0.203071417023
27.7027947903;  0.22455311814; -0.2; -0.193873060154
27.7431018353;  0.216571774642; -0.2; -0.199533587458
27.7834219933;  0.208448917961; -0.2; -0.203071417023
27.823682785;  0.200637390282; -0.2; -0.19528819198
27.8641068935;  0.192599441511; -0.2; -0.200948719284
27.9045259953;  0.184504887466; -0.2; -0.20236385111
27.9446809292;  0.176636754514; -0.2; -0.196703323806
27.9849419594;  0.168683713652; -0.2; -0.198826021545
28.02546978;  0.160645764881; -0.2; -0.200948719284
28.0658109188;  0.152664421383; -0.2; -0.199533587458
28.1060979366;  0.144654775248; -0.2; -0.200241153371
28.1463608742;  0.136673431749; -0.2; -0.199533587458
28.1866579056;  0.128748693524; -0.2; -0.198118455632
28.226929903;  0.120739047389; -0.2; -0.200241153371
28.2672488689;  0.112757703891; -0.2; -0.199533587458
28.3075528145;  0.104889570939; -0.2; -0.196703323806
28.3481647968;  0.0967950168944; -0.2; -0.20236385111
28.3882467747;  0.0888136733961; -0.2; -0.199533587458
28.4285588264;  0.0809172378073; -0.2; -0.197410889719
28.468834877;  0.0728509863995; -0.2; -0.201656285197
28.5092158318;  0.0648413402646; -0.2; -0.200241153371
28.549423933;  0.0569166020394; -0.2; -0.198118455632
28.5897319317;  0.0489352585411; -0.2; -0.199533587458
28.6300098896;  0.0408973097697; -0.2; -0.200948719284
28.670334816;  0.033057479454; -0.2; -0.195995757893
28.7106108665;  0.0249912280461; -0.2; -0.201656285197
28.7509229183;  0.0170381871843; -0.2; -0.198826021545
28.7911918163;  0.00897193577647; -0.2; -0.201656285197
28.8314878941;  0.00101889491468; -0.2; -0.198826021545
28.8719258308;  -0.00693414594711; -0.2; -0.198826021545
28.9121909142;  -0.0149720947185; -0.2; -0.200948719284
28.9524519444;  -0.0228402276707; -0.2; -0.196703323806
28.9927799702;  -0.030878176442; -0.2; -0.200948719284
29.0330507755;  -0.0388595199403; -0.2; -0.199533587458
29.0733978748;  -0.0468974687117; -0.2; -0.200948719284
29.1137189865;  -0.0548505095735; -0.2; -0.198826021545
29.154009819;  -0.0628318530718; -0.2; -0.199533587458
29.19430089;  -0.0707565912971; -0.2; -0.198118455632
29.2346007824;  -0.0787662374319; -0.2; -0.200241153371
29.2748589516;  -0.0866626730206; -0.2; -0.197410889719
29.3151857853;  -0.0947289244285; -0.2; -0.201656285197
29.3554389477;  -0.102710267927; -0.2; -0.199533587458
29.3959228992;  -0.110663308789; -0.2; -0.198826021545
29.4361159801;  -0.11861634965; -0.2; -0.198826021545
29.4764358997;  -0.126569390512; -0.2; -0.198826021545
29.5167069435;  -0.134663944557; -0.2; -0.20236385111
29.5570127964;  -0.142447169599; -0.2; -0.194580626067
29.597263813;  -0.150541723644; -0.2; -0.20236385111
29.6375148296;  -0.158466461869; -0.2; -0.198118455632
29.6777629852;  -0.166476108004; -0.2; -0.200241153371
29.7181069851;  -0.174372543592; -0.2; -0.197410889719
29.7583777905;  -0.182353887091; -0.2; -0.199533587458
29.7986660004;  -0.190420138499; -0.2; -0.201656285197
29.8389699459;  -0.198344876724; -0.2; -0.198118455632
29.8794898987;  -0.206382825495; -0.2; -0.200948719284
29.9195408821;  -0.214279261084; -0.2; -0.197410889719
29.9601519108;  -0.222317209855; -0.2; -0.200948719284
30.0002229214;  -0.230185342808; -0.2; -0.196703323806
30.0405199528;  -0.238223291579; -0.2; -0.200948719284
30.080796957;  -0.246176332441; -0.2; -0.198826021545
30.1212408543;  -0.254242583849; -0.2; -0.201656285197
30.1613209248;  -0.262167322074; -0.2; -0.198118455632
30.201654911;  -0.270120362936; -0.2; -0.198826021545
30.2419219017;  -0.27821491698; -0.2; -0.20236385111
30.2822449207;  -0.286083049932; -0.2; -0.196703323806
30.3226239681;  -0.294064393431; -0.2; -0.199533587458
30.3630099297;  -0.302102342202; -0.2; -0.200948719284
30.4032638073;  -0.3100836857; -0.2; -0.199533587458
30.443572998;  -0.318036726562; -0.2; -0.198826021545
30.4840137959;  -0.32601807006; -0.2; -0.199533587458
30.5242528915;  -0.334084321468; -0.2; -0.201656285197
30.5646328926;  -0.341980757057; -0.2; -0.197410889719
30.6049089432;  -0.349933797919; -0.2; -0.198826021545
30.6451659203;  -0.358000049327; -0.2; -0.201656285197
30.6855127811;  -0.365896484915; -0.2; -0.197410889719
30.7258088589;  -0.37390613105; -0.2; -0.200241153371
30.7661948204;  -0.381915777185; -0.2; -0.200241153371
30.8064548969;  -0.389897120683; -0.2; -0.199533587458
30.8467228413;  -0.397793556272; -0.2; -0.197410889719
30.8870527744;  -0.405746597134; -0.2; -0.198826021545
30.9273359776;  -0.413869453815; 0.2; -0.203071417023
30.9678809643;  -0.406539070956; 0.2; 0.183259571459
31.0081288815;  -0.398812451187; 0.2; 0.193165494241
31.0483989716;  -0.390208449685; 0.2; 0.215100037543
31.0887007713;  -0.382057290368; 0.2; 0.203778982936
31.1290018559;  -0.373453288866; 0.2; 0.215100037543
31.1698188782;  -0.365641761187; 0.2; 0.19528819198
31.2096219063;  -0.357547207142; 0.2; 0.20236385111
31.249879837;  -0.349452653098; 0.2; 0.20236385111
31.290170908;  -0.341273191144; 0.2; 0.204486548849
31.3304798603;  -0.333037123917; 0.2; 0.205901680674
31.3707687855;  -0.324914267236; 0.2; 0.203071417023
31.4110519886;  -0.316734805282; 0.2; 0.204486548849
31.4513669014;  -0.308470435419; 0.2; 0.206609246587
31.4916489124;  -0.300290973465; 0.2; 0.204486548849
31.5320839882;  -0.292253024693; 0.2; 0.200948719284
31.5723109245;  -0.284073562739; 0.2; 0.204486548849
31.6126148701;  -0.275865798149; 0.2; 0.205194114761
31.6529228687;  -0.267714638832; 0.2; 0.203778982936
31.6931929588;  -0.259535176878; 0.2; 0.204486548849
31.7334518433;  -0.251299109651; 0.2; 0.205901680674
31.7737019062;  -0.243204555606; 0.2; 0.20236385111
31.8140459061;  -0.235279817381; 0.2; 0.198118455632
31.8543019295;  -0.226930539608; 0.2; 0.208731944326
31.8946568966;  -0.218666169744; 0.2; 0.206609246587
31.9348959923;  -0.210515010427; 0.2; 0.203778982936
31.9752018452;  -0.20236385111; 0.2; 0.203778982936
32.015488863;  -0.194127783883; 0.2; 0.205901680674
32.0559468269;  -0.186231348294; 0.2; 0.197410889719
32.0961909294;  -0.177938675794; 0.2; 0.2073168125
32.1364798546;  -0.16967430593; 0.2; 0.206609246587
32.1767539978;  -0.161494843976; 0.2; 0.204486548849
32.2170407772;  -0.153287079386; 0.2; 0.205194114761
32.257381916;  -0.145249130615; 0.2; 0.200948719284
32.297688961;  -0.137013063388; 0.2; 0.205901680674
32.3379929066;  -0.128776996161; 0.2; 0.205901680674
32.37824893;  -0.120710744753; 0.2; 0.201656285197
32.4185907841;  -0.112531282799; 0.2; 0.204486548849
32.45885396;  -0.104295215572; 0.2; 0.205901680674
32.4991848469;  -0.0960591483449; 0.2; 0.205901680674
32.5395598412;  -0.087992896937; 0.2; 0.201656285197
32.5801098347;  -0.0798417376196; 0.2; 0.203778982936
32.6201939583;  -0.0715490651196; 0.2; 0.2073168125
32.6604979038;  -0.0634545110752; 0.2; 0.20236385111
32.700786829;  -0.0552467464848; 0.2; 0.205194114761
32.741191864;  -0.0470106792578; 0.2; 0.205901680674
32.7813107967;  -0.0388878225769; 0.2; 0.203071417023
32.8216178417;  -0.0307932685325; 0.2; 0.20236385111
32.8619158268;  -0.0226138065785; 0.2; 0.204486548849
32.9021868706;  -0.0144060419881; 0.2; 0.205194114761
32.9424967766;  -0.00633979058022; 0.2; 0.201656285197
32.9827837944;  0.0019528819198; 0.2; 0.2073168125
33.0232958794;  0.0101606465103; 0.2; 0.205194114761
33.0636267662;  0.0182552005546; 0.2; 0.20236385111
33.1040518284;  0.0264629651451; 0.2; 0.205194114761
33.1442379951;  0.034642427099; 0.2; 0.204486548849
33.1845397949;  0.0427935864165; 0.2; 0.203778982936
33.2250139713;  0.0510296536434; 0.2; 0.205901680674
33.2650899887;  0.0591808129609; 0.2; 0.203778982936
33.3054797649;  0.0674168801878; 0.2; 0.205901680674