Time,RealizedDelta,DeltaRef,DeltaDot,DeltaDotRef,Diff
0.004765034,0,0.3,0,0,0.3
0.013797045,2.83E-05,0.3,0.002830264,9.114663837,0
0.024189949,0.009792712,0.3,0.97644096,8.912050464,0
0.034428835,0.051001351,0.3,4.120863877,7.752417842,0
0.04478097,0.105540532,0.3,5.453918057,6.176605334,0
0.056952953,0.154758816,0.3,4.921828491,4.75031719,0
0.066812038,0.202505364,0.3,4.774654781,3.3485875,0
0.076834917,0.236666647,0.3,3.416128228,2.342802473,0
0.08672595,0.263950388,0.3,2.72837416,2.342802473,0
0.100641966,0.295592736,0.3,3.164234763,0.578072977,0
0.107661009,0.310932765,0.3,1.534002899,0.578072977,0
0.117681026,0.320244332,0.3,0.931156741,-0.17226416,0
0.131814957,0.323159504,0.3,0.291517156,-0.269288557,0
0.138847828,0.322084004,0.3,-0.107550019,-0.269288557,0
0.149150848,0.319706582,0.3,-0.237742147,-0.176160989,0
0.159168005,0.318093332,0.3,-0.161325028,-0.133202864,0
0.172039032,0.316649897,0.3,-0.144343446,-0.096312791,0
0.185359001,0.315489489,0.3,-0.11604081,-0.06757868,0
0.191165924,0.315432884,0.3,-0.005660527,-0.06757868,0
0.204041958,0.314866831,0.3,-0.056605273,-0.057340412,0
0.213841915,0.314866831,0.3,0,-0.057340412,0
0.222060919,0.314555502,0.3,-0.0311329,-0.055878059,0
0.23257494,0.314300779,0.3,-0.025472373,-0.052746187,0
0.242430925,0.314130963,0.3,-0.016981582,-0.052746187,0
0.253757954,0.314046055,0.3,-0.008490791,-0.054030206,0
0.263164043,0.314017752,0.3,-0.002830264,-0.054030206,0
0.273593903,0.313876239,0.3,-0.014151318,-0.057198145,0
0.285028934,0.313706423,0.3,-0.016981582,-0.056803613,0
0.294296026,0.313734726,0.3,0.002830264,-0.056803613,0
0.304925919,0.313678121,0.3,-0.005660527,-0.06411708,0
0.314859867,0.313395094,0.3,-0.028302637,-0.06411708,0
0.324961901,0.313253581,0.3,-0.014151318,-0.059351331,0
0.334862947,0.312998857,0.3,-0.025472373,-0.059351331,0
0.345760822,0.312715831,0.3,-0.028302637,-0.05115164,0
0.355857849,0.312574318,0.3,-0.014151318,-0.05115164,0
0.365746021,0.312262989,0.3,-0.0311329,-0.044921266,0
0.37616086,0.31206487,0.3,-0.019811846,-0.042745165,0
0.386716843,0.31195166,0.3,-0.011321055,-0.04312942,0
0.398255825,0.311696936,0.3,-0.025472373,-0.039515078,0
0.407001019,0.311583725,0.3,-0.011321055,-0.039515078,0
0.41811204,0.311385607,0.3,-0.019811846,-0.036695723,0
0.428048849,0.311357304,0.3,-0.002830264,-0.039516542,0
0.437594891,0.311244094,0.3,-0.011321055,-0.039516542,0
0.452091932,0.311272396,0.3,0.002830264,-0.04509355,0
0.461174965,0.311244094,0.3,-0.002830264,-0.04509355,0
0.47189188,0.311187489,0.3,-0.005660527,-0.048932881,0
0.479710817,0.31098937,0.3,-0.019811846,-0.048932881,0
0.490679026,0.310791252,0.3,-0.019811846,-0.043382666,0
0.500473022,0.310734646,0.3,-0.005660527,-0.043382666,0
0.510519028,0.310706344,0.3,-0.002830264,-0.04720394,0
0.520792007,0.310508225,0.3,-0.019811846,-0.044506501,0
0.531044006,0.310366712,0.3,-0.014151318,-0.04344608,0
0.541543961,0.310253502,0.3,-0.011321055,-0.043188883,0
0.551849842,0.310140291,0.3,-0.011321055,-0.04302018,0
0.56191802,0.31002708,0.3,-0.011321055,-0.042652138,0
0.574023008,0.309800659,0.3,-0.022642109,-0.03919282,0
0.587187052,0.309687449,0.3,-0.011321055,-0.039841101,0
0.599055052,0.30948933,0.3,-0.019811846,-0.037201536,0
0.607794046,0.309404422,0.3,-0.008490791,-0.037201536,0
0.615934849,0.30937612,0.3,-0.002830264,-0.038626463,0
0.626246929,0.309432725,0.3,0.005660527,-0.043245518,0
0.635941029,0.309291212,0.3,-0.014151318,-0.043245518,0
0.648429871,0.309206304,0.3,-0.008490791,-0.042577663,0
0.657380819,0.309149699,0.3,-0.005660527,-0.042577663,0
0.669064045,0.308979883,0.3,-0.016981582,-0.041344575,0
0.679183006,0.308696857,0.3,-0.028302637,-0.035496242,0
0.689427853,0.308611949,0.3,-0.008490791,-0.035593322,0
0.698808908,0.308498738,0.3,-0.011321055,-0.035593322,0
0.713582993,0.308357225,0.3,-0.014151318,-0.033954508,0
0.721845865,0.308357225,0.3,0,-0.033954508,0
0.734117031,0.308328922,0.3,-0.002830264,-0.038222222,0
0.741719961,0.308272317,0.3,-0.005660527,-0.038222222,0
0.752715826,0.308159106,0.3,-0.011321055,-0.037651404,0
0.762147903,0.308074199,0.3,-0.008490791,-0.037651404,0
0.778609037,0.307989291,0.3,-0.008490791,-0.038851383,0
0.787782907,0.307847777,0.3,-0.014151318,-0.038851383,0
0.794487,0.307791172,0.3,-0.005660527,-0.036622801,0
0.80548501,0.307734567,0.3,-0.005660527,-0.037475427,0
0.815495014,0.307621356,0.3,-0.011321055,-0.037475427,0
0.825878859,0.307508146,0.3,-0.011321055,-0.035276179,0
0.836562872,0.307479843,0.3,-0.002830264,-0.036823419,0
0.848806858,0.307366633,0.3,-0.011321055,-0.036125318,0
0.858227968,0.307310027,0.3,-0.005660527,-0.036125318,0
0.869393826,0.307225119,0.3,-0.008490791,-0.036351937,0
0.878468037,0.307140212,0.3,-0.008490791,-0.036351937,0
0.890099049,0.307083606,0.3,-0.005660527,-0.036507837,0
0.902739048,0.307083606,0.3,0,-0.039192015,0
0.910696983,0.307055304,0.3,-0.002830264,-0.039192015,0
0.920166969,0.307027001,0.3,-0.002830264,-0.041171457,0
0.930781841,0.306942093,0.3,-0.008490791,-0.040832817,0
0.940857887,0.306743975,0.3,-0.019811846,-0.03692924,0
0.951448917,0.306659067,0.3,-0.008490791,-0.036463834,0
0.961843014,0.306602461,0.3,-0.005660527,-0.036856162,0
0.971740961,0.306545856,0.3,-0.005660527,-0.036856162,0
0.984525919,0.30637604,0.3,-0.016981582,-0.034363123,0
0.994098902,0.306319435,0.3,-0.005660527,-0.034363123,0
1.002491951,0.306177922,0.3,-0.014151318,-0.031789385,0
1.013309956,0.306149619,0.3,-0.002830264,-0.032934477,0
1.023509026,0.306093014,0.3,-0.005660527,-0.032934477,0
1.033941031,0.306008106,0.3,-0.008490791,-0.032405673,0
1.044437885,0.305866593,0.3,-0.014151318,-0.030009295,0
1.056794882,0.305640172,0.3,-0.022642109,-0.025304342,0
1.064386845,0.305640172,0.3,0,-0.025304342,0
1.078016043,0.305583566,0.3,-0.005660527,-0.027163353,0
1.085842848,0.305526961,0.3,-0.005660527,-0.027163353,0
1.095880985,0.305526961,0.3,0,-0.028428546,0
1.105883837,0.305526961,0.3,0,-0.03008944,0
1.116303921,0.305498659,0.3,-0.002830264,-0.030958901,0
1.128880024,0.305442053,0.3,-0.005660527,-0.031248778,0
1.137051821,0.305413751,0.3,-0.002830264,-0.031248778,0
1.146968842,0.30518733,0.3,-0.022642109,-0.026484972,0
1.157660961,0.305159027,0.3,-0.002830264,-0.027289134,0
1.170889854,0.305130724,0.3,-0.002830264,-0.028474141,0
1.178915977,0.305017514,0.3,-0.011321055,-0.028474141,0
1.18887496,0.304989211,0.3,-0.002830264,-0.026922617,0
1.200369835,0.304989211,0.3,0,-0.028604516,0
1.209678888,0.304932606,0.3,-0.005660527,-0.028604516,0
1.220183849,0.304904303,0.3,-0.002830264,-0.02900989,0
1.23020792,0.304819395,0.3,-0.008490791,-0.027913503,0
1.240947962,0.304734487,0.3,-0.008490791,-0.026842147,0
1.254518032,0.304677882,0.3,-0.005660527,-0.027094973,0
1.262486935,0.304677882,0.3,0,-0.027094973,0
1.272209883,0.304649579,0.3,-0.002830264,-0.02871538,0
1.283140898,0.304592974,0.3,-0.005660527,-0.028522281,0
1.292990923,0.304564672,0.3,-0.002830264,-0.028522281,0
1.303558826,0.304508066,0.3,-0.005660527,-0.0287099,0
1.313478947,0.304423158,0.3,-0.008490791,-0.027506345,0
1.32802105,0.304281645,0.3,-0.014151318,-0.025124616,0
1.335577965,0.304281645,0.3,0,-0.025124616,0
1.344856024,0.304196737,0.3,-0.008490791,-0.02470009,0
1.354682922,0.304168435,0.3,-0.002830264,-0.02470009,0
1.365573883,0.304140132,0.3,-0.002830264,-0.025543131,0
1.375524044,0.304111829,0.3,-0.002830264,-0.02593204,0
1.385488033,0.304055224,0.3,-0.005660527,-0.025469302,0
1.39604187,0.303942014,0.3,-0.011321055,-0.023319705,0
1.40621686,0.303942014,0.3,0,-0.024522411,0
1.416492939,0.303885408,0.3,-0.005660527,-0.024023223,0
1.426676035,0.3038005,0.3,-0.008490791,-0.022636876,0
1.438452005,0.303772198,0.3,-0.002830264,-0.023118843,0
1.447468042,0.303630685,0.3,-0.014151318,-0.023118843,0
1.457811832,0.30368729,0.3,0.005660527,-0.022713086,0
1.46906805,0.30368729,0.3,0,-0.023957996,0
1.478212833,0.30368729,0.3,0,-0.023957996,0
1.489166975,0.303715592,0.3,0.002830264,-0.02704791,0
1.498780966,0.30368729,0.3,-0.002830264,-0.02704791,0
1.509867907,0.30368729,0.3,0,-0.028488952,0
1.520139933,0.303630685,0.3,-0.005660527,-0.027908641,0
1.53002882,0.303602382,0.3,-0.002830264,-0.027908641,0
1.542276859,0.303517474,0.3,-0.008490791,-0.026827651,0
1.550618887,0.303517474,0.3,0,-0.026827651,0
1.56148982,0.303460869,0.3,-0.005660527,-0.027144746,0
1.571885824,0.303432566,0.3,-0.002830264,-0.027367444,0
1.581646919,0.303432566,0.3,0,-0.027367444,0
1.592327833,0.303404263,0.3,-0.002830264,-0.028605358,0
1.604490995,0.303319356,0.3,-0.008490791,-0.027164967,0
1.612877846,0.30326275,0.3,-0.005660527,-0.027164967,0
1.623035908,0.303234448,0.3,-0.002830264,-0.026519878,0
1.633373022,0.303234448,0.3,0,-0.027522993,0
1.643893957,0.303234448,0.3,0,-0.028542233,0
1.655560017,0.303206145,0.3,-0.002830264,-0.028798138,0
1.664927006,0.303177842,0.3,-0.002830264,-0.028798138,0
1.67481494,0.303177842,0.3,0,-0.029802939,0
1.685205936,0.303121237,0.3,-0.005660527,-0.029078523,0
1.695564985,0.303092934,0.3,-0.002830264,-0.02917011,0
1.707566023,0.303008027,0.3,-0.008490791,-0.027709191,0
1.71629405,0.302951421,0.3,-0.005660527,-0.027709191,0
1.72795105,0.302838211,0.3,-0.011321055,-0.024361937,0
1.738570929,0.302753303,0.3,-0.008490791,-0.022680745,0
1.748105049,0.302753303,0.3,0,-0.022680745,0
1.758237839,0.302668395,0.3,-0.008490791,-0.021718454,0
1.768254995,0.302668395,0.3,0,-0.022523781,0
1.778641939,0.30261179,0.3,-0.005660527,-0.021639012,0
1.788938999,0.302555184,0.3,-0.005660527,-0.020713147,0
1.799222946,0.302555184,0.3,0,-0.021518026,0
1.809577942,0.302498579,0.3,-0.005660527,-0.020596516,0
1.820266008,0.302526882,0.3,0.002830264,-0.022255874,0
1.829841852,0.302526882,0.3,0,-0.022255874,0
1.840054035,0.302526882,0.3,0,-0.023756404,0
1.850077868,0.302526882,0.3,0,-0.024517486,0
1.860743046,0.302526882,0.3,0,-0.025324602,0
1.870869875,0.302526882,0.3,0,-0.026092226,0
1.881618977,0.302441974,0.3,-0.008490791,-0.0243326,0
1.891611815,0.302441974,0.3,0,-0.0243326,0
1.902555943,0.302413671,0.3,-0.002830264,-0.024999569,0
1.914778948,0.302357066,0.3,-0.005660527,-0.024164864,0
1.9238379,0.302357066,0.3,0,-0.024164864,0
1.933481932,0.302357066,0.3,0,-0.025487675,0
1.945143938,0.302328763,0.3,-0.002830264,-0.025453405,0
1.954305887,0.302328763,0.3,0,-0.025453405,0
1.966492891,0.302300461,0.3,-0.002830264,-0.025987645,0
1.978962898,0.302272158,0.3,-0.002830264,-0.02604863,0
1.985572815,0.302215553,0.3,-0.005660527,-0.02604863,0
1.998296022,0.30207404,0.3,-0.014151318,-0.021303645,0
2.009245873,0.302045737,-0.3,-0.002830264,-18.22344726,-0.6
2.016856909,0.298083368,-0.3,-0.396236911,-18.22344726,0
2.029023886,0.262025809,-0.3,-3.605755893,-17.35975907,0
2.03854084,0.220986986,-0.3,-4.103882295,-17.35975907,0
2.04814291,0.170296964,-0.3,-5.069002201,-14.87784076,0
2.060925007,0.114767191,-0.3,-5.552977285,-13.36841739,0
2.070325851,0.062463919,-0.3,-5.230327229,-13.36841739,0
2.07908392,0.008434186,-0.3,-5.402973311,-10.34845304,0
2.089112043,-0.053491983,-0.3,-6.19261687,-8.564849525,0
2.101243973,-0.125748614,-0.3,-7.225663103,-6.46037259,0
2.111029863,-0.186882309,-0.3,-6.113369488,-6.46037259,0
2.125025988,-0.269667521,-0.3,-8.278521182,-2.164451838,0
2.13248992,-0.310196896,-0.3,-4.05293755,-2.164451838,0
2.14197588,-0.335216427,-0.3,-2.501953068,-0.18005278,0
2.154214859,-0.355764141,-0.3,-2.054771411,0.456814839,0
2.165658951,-0.357943444,-0.3,-0.217930301,0.542106297,0
2.173522949,-0.35457543,-0.3,0.336801375,0.542106297,0
2.184439898,-0.349962101,-0.3,0.461332975,0.330816058,0
2.194103956,-0.346367666,-0.3,0.359443484,0.330816058,0
2.206243038,-0.342150573,-0.3,0.421709284,0.12404188,0
2.215484858,-0.340367507,-0.3,0.17830661,0.12404188,0
2.226466894,-0.338584441,-0.3,0.17830661,0.040127419,0
2.237956047,-0.338273112,-0.3,0.0311329,0.044303165,0
2.247514963,-0.33739573,-0.3,0.087738173,0.044303165,0
2.256956816,-0.336716467,-0.3,0.067926328,0.018546441,0
2.267004967,-0.336546651,-0.3,0.016981582,0.024478426,0
2.27755785,-0.336178717,-0.3,0.036793427,0.024888915,0
2.291640997,-0.33578248,-0.3,0.039623691,0.027904719,0
2.298188925,-0.335640966,-0.3,0.014151318,0.027904719,0
2.311588049,-0.335273032,-0.3,0.036793427,0.033552229,0
2.318791866,-0.334933401,-0.3,0.033963164,0.033552229,0
2.329805851,-0.334706979,-0.3,0.022642109,0.03591429,0
2.344663858,-0.333942808,-0.3,0.076417119,0.025927516,0
2.352902889,-0.333603177,-0.3,0.033963164,0.02621272,0
2.362772942,-0.333291848,-0.3,0.0311329,0.02621272,0
2.373144865,-0.332725795,-0.3,0.056605273,0.019783973,0
2.383440018,-0.332640887,-0.3,0.008490791,0.02712985,0
2.393640041,-0.332188045,-0.3,0.045284218,0.023568891,0
2.40552783,-0.331820111,-0.3,0.036793427,0.023875344,0
2.414074898,-0.331565387,-0.3,0.025472373,0.023875344,0
2.424456835,-0.331225755,-0.3,0.033963164,0.023786237,0
2.434479952,-0.330772913,-0.3,0.045284218,0.019466073,0
2.445261955,-0.330546492,-0.3,0.022642109,0.022540247,0
2.455073833,-0.330291768,-0.3,0.025472373,0.022540247,0
2.465489864,-0.33009365,-0.3,0.019811846,0.027218867,0
2.475881815,-0.329697413,-0.3,0.039623691,0.024595491,0
2.485972881,-0.329386084,-0.3,0.0311329,0.024154461,0
2.497023821,-0.32913136,-0.3,0.025472373,0.026153114,0
2.506636858,-0.328961544,-0.3,0.016981582,0.026153114,0
2.517016888,-0.328735123,-0.3,0.022642109,0.031514052,0
2.527079821,-0.328452097,-0.3,0.028302637,0.031611793,0
2.53755784,-0.328084163,-0.3,0.036793427,0.029399949,0
2.547950983,-0.327716228,-0.3,0.036793427,0.027008639,0
2.557987928,-0.327376597,-0.3,0.033963164,0.02506869,0
2.568385839,-0.327150176,-0.3,0.022642109,0.026737249,0
2.578449011,-0.32698036,-0.3,0.016981582,0.029791873,0
2.588820934,-0.326612425,-0.3,0.036793427,0.027032222,0
2.599047899,-0.326357702,-0.3,0.025472373,0.027467863,0
2.609308958,-0.32601807,-0.3,0.033963164,0.025297407,0
2.619983912,-0.325819952,-0.3,0.019811846,0.027597909,0
2.629739046,-0.325452017,-0.3,0.036793427,0.027597909,0
2.640130043,-0.325140688,-0.3,0.0311329,0.022434779,0
2.650645971,-0.325027478,-0.3,0.011321055,0.026925843,0
2.660996914,-0.324574636,-0.3,0.045284218,0.020970291,0
2.670905828,-0.324348215,-0.3,0.022642109,0.020970291,0
2.681221008,-0.323951978,-0.3,0.039623691,0.016837839,0
2.691777945,-0.323612346,-0.3,0.033963164,0.01411647,0
2.701603889,-0.323470833,-0.3,0.014151318,0.01411647,0
2.714148045,-0.323272714,-0.3,0.019811846,0.019383279,0
2.722291946,-0.323131201,-0.3,0.014151318,0.019383279,0
2.732609987,-0.322989688,-0.3,0.014151318,0.02378765,0
2.742638826,-0.322621754,-0.3,0.036793427,0.019561868,0
2.753682852,-0.322338727,-0.3,0.028302637,0.018454306,0
2.763216972,-0.322084004,-0.3,0.025472373,0.018454306,0
2.773470879,-0.321857582,-0.3,0.022642109,0.017013806,0
2.78387785,-0.321631161,-0.3,0.022642109,0.016980498,0
2.794039011,-0.321376438,-0.3,0.025472373,0.015844061,0
2.804507971,-0.321234924,-0.3,0.014151318,0.018267893,0
2.814631939,-0.321008503,-0.3,0.022642109,0.017855943,0
2.824965,-0.320782082,-0.3,0.022642109,0.017508113,0
2.834988832,-0.320442451,-0.3,0.033963164,0.013473971,0
2.845357895,-0.32032924,-0.3,0.011321055,0.016395984,0
2.855854034,-0.320017911,-0.3,0.0311329,0.013352136,0
2.865838051,-0.319904701,-0.3,0.011321055,0.015928363,0
2.876220942,-0.319678279,-0.3,0.022642109,0.015260608,0
2.886251926,-0.319508464,-0.3,0.016981582,0.016045039,0
2.89674902,-0.319282043,-0.3,0.022642109,0.015318086,0
2.906859875,-0.319140529,-0.3,0.014151318,0.016874671,0
2.917167902,-0.318970714,-0.3,0.016981582,0.017650108,0
2.927400827,-0.31871599,-0.3,0.025472373,0.015662946,0
2.937598944,-0.318602779,-0.3,0.011321055,0.018051169,0
2.948114872,-0.318263148,-0.3,0.033963164,0.01362005,0
2.95805788,-0.318234845,-0.3,0.002830264,0.01362005,0
2.968799829,-0.318036727,-0.3,0.019811846,0.018012087,0
2.978549004,-0.317895213,-0.3,0.014151318,0.018012087,0
2.989923954,-0.317866911,-0.3,0.002830264,0.023980236,0
2.999140024,-0.31764049,-0.3,0.022642109,0.023980236,0
3.009522915,-0.31721595,-0.3,0.042453955,0.014829494,0
3.01985383,-0.317131042,-0.3,0.008490791,0.017590657,0
3.029863834,-0.316904621,-0.3,0.022642109,0.015882101,0
3.040369034,-0.3166782,-0.3,0.022642109,0.014342601,0
3.050282002,-0.316197055,-0.3,0.048114482,0.014342601,0
3.061386824,-0.316027239,-0.3,0.016981582,0.004916745,0
3.070745945,-0.315857424,-0.3,0.016981582,0.004916745,0
3.081169844,-0.315772516,-0.3,0.008490791,0.006637678,0
3.091224909,-0.315659305,-0.3,0.011321055,0.007967374,0
3.101567984,-0.315546095,-0.3,0.011321055,0.009393,0
3.112043858,-0.315376279,-0.3,0.016981582,0.009125865,0
3.122040987,-0.315234766,-0.3,0.014151318,0.009453292,0
3.132834911,-0.315121555,-0.3,0.011321055,0.010941382,0
3.14316082,-0.314951739,-0.3,0.016981582,0.010484925,0
3.153059006,-0.314895134,-0.3,0.005660527,0.010484925,0
3.163668871,-0.314697015,-0.3,0.019811846,0.011799439,0
3.173712969,-0.314612108,-0.3,0.008490791,0.013747555,0
3.185274839,-0.314442292,-0.3,0.016981582,0.013651321,0
3.194295883,-0.314215871,-0.3,0.022642109,0.013651321,0
3.204689026,-0.314074357,-0.3,0.014151318,0.010819317,0
3.219648838,-0.313847936,-0.3,0.022642109,0.010228387,0
3.234676838,-0.313649818,-0.3,0.019811846,0.010434616,0
3.245604992,-0.313536607,-0.3,0.011321055,0.011374154,0
3.253243923,-0.313366792,-0.3,0.016981582,0.011374154,0
3.262787819,-0.313310186,-0.3,0.005660527,0.011554202,0
3.273025036,-0.313083765,-0.3,0.022642109,0.008787202,0
3.283036947,-0.312970555,-0.3,0.011321055,0.009287893,0
3.296074867,-0.312772436,-0.3,0.019811846,0.007929385,0
3.30517292,-0.312687528,-0.3,0.008490791,0.007929385,0
3.314326048,-0.312630923,-0.3,0.005660527,0.010999546,0
3.324344873,-0.312517712,-0.3,0.011321055,0.011370179,0
3.33472991,-0.312347897,-0.3,0.016981582,0.010115287,0
3.344947815,-0.312291291,-0.3,0.005660527,0.012190053,0
3.354867935,-0.312178081,-0.3,0.011321055,0.012190053,0
3.365752935,-0.312036568,-0.3,0.014151318,0.012062041,0
3.375632048,-0.311838449,-0.3,0.019811846,0.012062041,0
3.385936022,-0.311781844,-0.3,0.005660527,0.01154884,0
3.396232843,-0.31152712,-0.3,0.025472373,0.007473845,0
3.406162977,-0.311470515,-0.3,0.005660527,0.007473845,0
3.416697025,-0.311357304,-0.3,0.011321055,0.009352558,0
3.426697969,-0.311159186,-0.3,0.019811846,0.006759391,0
3.437247992,-0.311074278,-0.3,0.008490791,0.007712576,0
3.447129965,-0.31098937,-0.3,0.008490791,0.007712576,0
3.457435846,-0.310904462,-0.3,0.008490791,0.009225508,0
3.467998028,-0.310734646,-0.3,0.016981582,0.007530169,0
3.478107929,-0.310678041,-0.3,0.005660527,0.009070629,0
3.488932848,-0.310508225,-0.3,0.016981582,0.007387172,0
3.50245595,-0.31045162,-0.3,0.005660527,0.009771428,0
3.509143829,-0.310366712,-0.3,0.008490791,0.009771428,0
3.519052982,-0.310253502,-0.3,0.011321055,0.009090664,0
3.529345036,-0.310140291,-0.3,0.011321055,0.008827093,0
3.539772987,-0.309998778,-0.3,0.014151318,0.00770069,0
3.549685955,-0.309942173,-0.3,0.005660527,0.00770069,0
3.560431957,-0.309828962,-0.3,0.011321055,0.008705003,0
3.571030855,-0.309687449,-0.3,0.014151318,0.0075356,0
3.582324028,-0.309630844,-0.3,0.005660527,0.008957801,0
3.591475964,-0.309517633,-0.3,0.011321055,0.008957801,0
3.601532936,-0.309432725,-0.3,0.008490791,0.008591566,0
3.612151861,-0.309291212,-0.3,0.014151318,0.00730326,0
3.622684956,-0.309178001,-0.3,0.011321055,0.006808177,0
3.63496089,-0.309036488,-0.3,0.014151318,0.005889429,0
3.642858982,-0.30895158,-0.3,0.008490791,0.005889429,0
3.653190851,-0.308894975,-0.3,0.005660527,0.006511611,0
3.663866997,-0.308753462,-0.3,0.014151318,0.00506662,0
3.674224854,-0.308725159,-0.3,0.002830264,0.006930881,0
3.684332848,-0.308611949,-0.3,0.011321055,0.006145003,0
3.694497824,-0.308442133,-0.3,0.016981582,0.003627789,0
3.707859993,-0.308385528,-0.3,0.005660527,0.005091009,0
3.715726852,-0.30830062,-0.3,0.008490791,0.005091009,0
3.726547956,-0.308159106,-0.3,0.014151318,0.00306533,0
3.735692978,-0.308074199,-0.3,0.008490791,0.00306533,0
3.74580884,-0.307989291,-0.3,0.008490791,0.002590194,0
3.759560823,-0.307847777,-0.3,0.014151318,0.001532348,0
3.76756382,-0.307734567,-0.3,0.011321055,0.001532348,0
3.777169943,-0.307621356,-0.3,0.011321055,-0.001186589,0
3.786938906,-0.307593054,-0.3,0.002830264,-0.001186589,0
3.798933983,-0.307508146,-0.3,0.008490791,0.000318409,0
3.812721014,-0.307451541,-0.3,0.005660527,0.001697387,0
3.820425987,-0.307394935,-0.3,0.005660527,0.001697387,0
3.83098793,-0.307394935,-0.3,0,0.003813903,0
3.841994047,-0.307281725,-0.3,0.011321055,0.002992672,0
3.852603912,-0.307281725,-0.3,0,0.005242968,0
3.860222816,-0.307111909,-0.3,0.016981582,0.005242968,0
3.875144959,-0.306857185,-0.3,0.025472373,-0.002737728,0
3.885259867,-0.306772277,-0.3,0.008490791,-0.002737728,0
3.895647049,-0.306602461,-0.3,0.016981582,-0.006439123,0
3.903818846,-0.306574159,-0.3,0.002830264,-0.006439123,0
3.911826849,-0.306517553,-0.3,0.005660527,-0.005696633,0
3.921905041,-0.306460948,-0.3,0.005660527,-0.005440612,0
3.93235898,-0.306460948,-0.3,0,-0.00341337,0
3.945560932,-0.306347738,-0.3,0.011321055,-0.004353499,0
3.954953909,-0.306347738,-0.3,0,-0.004353499,0
3.964169979,-0.306234527,-0.3,0.011321055,-0.004275054,0
3.973628998,-0.306234527,-0.3,0,-0.004275054,0
3.984196901,-0.306121317,-0.3,0.011321055,-0.003931727,0
3.994334936,-0.306008106,-0.3,0.011321055,-0.005500045,0
4.007184029,-0.306008106,0.3,0,18.22780917,0.6
4.020428896,-0.295196499,0.3,1.081160715,18.12235649,0
4.029961824,-0.249940583,0.3,4.525591579,16.93828716,0
4.036221027,-0.217958604,0.3,3.198197927,16.93828716,0
4.048686981,-0.15962687,0.3,5.833173387,14.48719824,0
4.057426929,-0.116635165,0.3,4.299170487,14.48719824,0
4.070864916,-0.056633576,0.3,6.000158942,11.62909495,0
4.081595898,0.011264449,0.3,6.789802501,9.689602618,0
4.088614941,0.057199628,0.3,4.593517907,9.689602618,0
4.100034952,0.121673034,0.3,6.447340599,6.475926711,0
4.109400034,0.180542518,0.3,5.886948396,6.475926711,0
4.121314049,0.249176412,0.3,6.863389356,2.683275603,0
4.133504868,0.302923119,0.3,5.374670675,1.069828217,0
4.140462875,0.319904701,0.3,1.698158191,1.069828217,0
4.152206898,0.335527756,0.3,1.562305536,0.071483962,0
4.160918951,0.340141086,0.3,0.461332975,0.071483962,0
4.174582958,0.342829836,0.3,0.268875047,-0.176326578,0
4.181617022,0.342631718,0.3,-0.019811846,-0.176326578,0
4.192137957,0.340961862,0.3,-0.166985555,-0.141881894,0
4.202855825,0.339716546,0.3,-0.124531601,-0.117281069,0
4.21587801,0.338414625,0.3,-0.130192128,-0.093221358,0
4.223157883,0.338527835,0.3,0.011321055,-0.093221358,0
4.233927011,0.337990085,0.3,-0.053775009,-0.101064632,0
4.244220018,0.337424033,0.3,-0.056605273,-0.095645917,0
4.25413084,0.336801375,0.3,-0.0622658,-0.095645917,0
4.264600992,0.336405138,0.3,-0.039623691,-0.087342661,0
4.274497032,0.336008901,0.3,-0.039623691,-0.087342661,0
4.284906864,0.335471151,0.3,-0.053775009,-0.080946453,0
4.295543909,0.335159822,0.3,-0.0311329,-0.082610206,0
4.305289984,0.334593769,0.3,-0.056605273,-0.082610206,0
4.315810919,0.334225835,0.3,-0.036793427,-0.0755983,0
4.328583956,0.334056019,0.3,-0.016981582,-0.083303381,0
4.338747025,0.3338579,0.3,-0.019811846,-0.087922582,0
4.349730015,0.333263545,0.3,-0.059435537,-0.080838265,0
4.360102892,0.333037124,0.3,-0.022642109,-0.084334367,0
4.370221853,0.332499374,0.3,-0.053775009,-0.078071613,0
4.377892017,0.332329558,0.3,-0.016981582,-0.078071613,0
4.388267994,0.331848413,0.3,-0.048114482,-0.075995051,0
4.398387909,0.331565387,0.3,-0.028302637,-0.077090367,0
4.408846855,0.331197453,0.3,-0.036793427,-0.075829956,0
4.41889286,0.330942729,0.3,-0.025472373,-0.077523949,0
4.429419041,0.330433281,0.3,-0.050944746,-0.071834368,0
4.439525843,0.330320071,0.3,-0.011321055,-0.071834368,0
4.449589968,0.330037044,0.3,-0.028302637,-0.078142633,0
4.460137844,0.329754018,0.3,-0.028302637,-0.079053685,0
4.470455885,0.329357781,0.3,-0.039623691,-0.076250452,0
4.480842829,0.328989847,0.3,-0.036793427,-0.074248596,0
4.490690947,0.328678518,0.3,-0.0311329,-0.074248596,0
4.501132965,0.328253978,0.3,-0.042453955,-0.069368225,0
4.510998964,0.327970952,0.3,-0.028302637,-0.069368225,0
4.521368027,0.327801136,0.3,-0.016981582,-0.072673809,0
4.532079935,0.327574715,0.3,-0.022642109,-0.07473186,0
4.541774988,0.327319991,0.3,-0.025472373,-0.07473186,0
4.552180052,0.327065268,0.3,-0.025472373,-0.075777599,0
4.562222958,0.326838847,0.3,-0.022642109,-0.077072126,0
4.572672844,0.326499215,0.3,-0.033963164,-0.075188316,0
4.583067894,0.326414307,0.3,-0.008490791,-0.080871241,0
4.593278885,0.326216189,0.3,-0.019811846,-0.082964861,0
4.603698015,0.325848254,0.3,-0.036793427,-0.079990607,0
4.613675833,0.325565228,0.3,-0.028302637,-0.079171023,0
4.624055862,0.325140688,0.3,-0.042453955,-0.074261332,0
4.634150028,0.324801057,0.3,-0.033963164,-0.071582585,0
4.644664049,0.324631241,0.3,-0.016981582,-0.074252202,0
4.654551983,0.324291609,0.3,-0.033963164,-0.074252202,0
4.6653409,0.324036886,0.3,-0.025472373,-0.071319548,0
4.676730871,0.323697254,0.3,-0.033963164,-0.06923437,0
4.685847998,0.323357622,0.3,-0.033963164,-0.06923437,0
4.696343899,0.323159504,0.3,-0.019811846,-0.066732186,0
4.706503868,0.32290478,0.3,-0.025472373,-0.066073796,0
4.716651917,0.322734964,0.3,-0.016981582,-0.067898022,0
4.726541042,0.322593451,0.3,-0.014151318,-0.067898022,0
4.737295866,0.32248024,0.3,-0.011321055,-0.074170056,0
4.74762702,0.322168911,0.3,-0.0311329,-0.071561404,0
4.757603884,0.321914188,0.3,-0.025472373,-0.070627957,0
4.767941952,0.321659464,0.3,-0.025472373,-0.069704995,0
4.777971029,0.32129153,0.3,-0.036793427,-0.065077415,0
4.788494825,0.321008503,0.3,-0.028302637,-0.063213139,0
4.798806906,0.32075378,0.3,-0.025472373,-0.06180572,0
4.809170961,0.320527359,0.3,-0.022642109,-0.061575933,0
4.818977833,0.32032924,0.3,-0.019811846,-0.061575933,0
4.829329014,0.320187727,0.3,-0.014151318,-0.063605016,0
4.839925051,0.319933003,0.3,-0.025472373,-0.062293499,0
4.849719048,0.319706582,0.3,-0.022642109,-0.062293499,0
4.860115051,0.319451858,0.3,-0.025472373,-0.059645319,0
4.873430014,0.319282043,0.3,-0.016981582,-0.062240898,0
4.881593943,0.319027319,0.3,-0.025472373,-0.062240898,0
4.891180038,0.3188292,0.3,-0.019811846,-0.058692297,0
4.901489019,0.318659385,0.3,-0.016981582,-0.059365263,0
4.911979914,0.318461266,0.3,-0.019811846,-0.059233681,0
4.922035933,0.318319753,0.3,-0.014151318,-0.060515523,0
4.932359934,0.318065029,0.3,-0.025472373,-0.05847111,0
4.942517042,0.317838608,0.3,-0.022642109,-0.057114648,0
4.953739882,0.317668792,0.3,-0.016981582,-0.057956861,0
4.966053963,0.317470674,0.3,-0.019811846,-0.058102483,0
4.976868868,0.317498976,0.3,0.002830264,-0.06485222,0
4.984704971,0.317300858,0.3,-0.019811846,-0.06485222,0
4.994802952,0.317131042,0.3,-0.016981582,-0.063177013,0
5.006994963,0.316904621,0.3,-0.022642109,-0.062559802,0
5.021062851,0.316593292,0.3,-0.0311329,-0.059902461,0
5.030112982,0.316338568,0.3,-0.025472373,-0.059902461,0
5.040755033,0.316112147,0.3,-0.022642109,-0.055163861,0
5.048535824,0.315885726,0.3,-0.022642109,-0.055163861,0
5.057651043,0.31571591,0.3,-0.016981582,-0.051379078,0
5.06794095,0.315489489,0.3,-0.022642109,-0.049373658,0
5.081444025,0.315319673,0.3,-0.016981582,-0.050474874,0
5.092485905,0.315149858,0.3,-0.016981582,-0.050395311,0
5.101318836,0.31506495,0.3,-0.008490791,-0.050395311,0
5.110020876,0.315036647,0.3,-0.002830264,-0.054916753,0
5.121165991,0.314895134,0.3,-0.014151318,-0.055535364,0
5.130993843,0.314810226,0.3,-0.008490791,-0.057468901,0
5.140627861,0.3145272,0.3,-0.028302637,-0.057468901,0
5.151443958,0.314329081,0.3,-0.019811846,-0.051629435,0
5.163761854,0.31398945,0.3,-0.033963164,-0.046796516,0
5.17382288,0.313904542,0.3,-0.008490791,-0.048448981,0
5.182663918,0.313763028,0.3,-0.014151318,-0.048448981,0
5.197913885,0.313508305,0.3,-0.025472373,-0.046322704,0
5.210870028,0.313366792,0.3,-0.014151318,-0.047271527,0
5.218175888,0.313225278,0.3,-0.014151318,-0.047271527,0
5.232836008,0.313168673,0.3,-0.005660527,-0.050005858,0
5.243226051,0.31314037,0.3,-0.002830264,-0.050005858,0
5.249527931,0.31302716,0.3,-0.011321055,-0.052290249,0
5.260021925,0.312970555,0.3,-0.005660527,-0.054675015,0
5.270962954,0.31260262,0.3,-0.036793427,-0.047773555,0
5.281601906,0.312404502,0.3,-0.019811846,-0.045789573,0
5.291947842,0.312206383,0.3,-0.019811846,-0.043631295,0
5.301626921,0.312008265,0.3,-0.019811846,-0.043631295,0
5.312489986,0.311838449,0.3,-0.016981582,-0.039888881,0
5.322548866,0.311725239,0.3,-0.011321055,-0.040036131,0
5.332952976,0.311583725,0.3,-0.014151318,-0.039406286,0
5.342859983,0.31141391,0.3,-0.016981582,-0.039406286,0
5.353224039,0.311300699,0.3,-0.011321055,-0.037791852,0
5.36360693,0.311244094,0.3,-0.005660527,-0.039528282,0
5.37359786,0.311017673,0.3,-0.022642109,-0.036103755,0
5.384032011,0.31098937,0.3,-0.002830264,-0.038692889,0
5.394397974,0.31087616,0.3,-0.011321055,-0.038679529,0
5.404558897,0.310791252,0.3,-0.008490791,-0.039418908,0
5.414846897,0.310593133,0.3,-0.019811846,-0.036747623,0
5.42531991,0.31045162,0.3,-0.014151318,-0.035782886,0
5.435076952,0.310423317,0.3,-0.002830264,-0.035782886,0
5.445356846,0.310281804,0.3,-0.014151318,-0.03687352,0
5.456020832,0.310196896,0.3,-0.008490791,-0.037585479,0
5.467185974,0.310111988,0.3,-0.008490791,-0.038417918,0
5.476277828,0.309885567,0.3,-0.022642109,-0.038417918,0
5.486917973,0.309828962,0.3,-0.005660527,-0.035569161,0
5.499917984,0.309715751,0.3,-0.011321055,-0.036136904,0
5.506933928,0.309630844,0.3,-0.008490791,-0.036136904,0
5.517727852,0.309545936,0.3,-0.008490791,-0.036150842,0
5.527827978,0.309404422,0.3,-0.014151318,-0.034750717,0
5.537595987,0.309262909,0.3,-0.014151318,-0.034750717,0
5.548108816,0.309093093,0.3,-0.016981582,-0.030944744,0
5.55803299,0.309064791,0.3,-0.002830264,-0.030944744,0
5.568421841,0.30895158,0.3,-0.011321055,-0.032158905,0
5.578527927,0.30895158,0.3,0,-0.034872036,0
5.588891029,0.308923278,0.3,-0.002830264,-0.036796567,0
5.599107027,0.308866672,0.3,-0.005660527,-0.037813773,0
5.609411001,0.308810067,0.3,-0.005660527,-0.038838409,0
5.620375872,0.308725159,0.3,-0.008490791,-0.039159532,0
5.630259991,0.308668554,0.3,-0.005660527,-0.039159532,0
5.640349865,0.308555343,0.3,-0.011321055,-0.039195688,0
5.650301933,0.308498738,0.3,-0.005660527,-0.039195688,0
5.660712004,0.308357225,0.3,-0.014151318,-0.03835822,0
5.670833826,0.308215712,0.3,-0.014151318,-0.03660439,0
5.681221008,0.308130804,0.3,-0.008490791,-0.036595199,0
5.692584991,0.308045896,0.3,-0.008490791,-0.036783023,0
5.701700926,0.308017593,0.3,-0.002830264,-0.036783023,0
5.712162018,0.307932685,0.3,-0.008490791,-0.038047757,0
5.722931862,0.307847777,0.3,-0.008490791,-0.038035932,0
5.732645988,0.307734567,0.3,-0.011321055,-0.038035932,0
5.74278903,0.307649659,0.3,-0.008490791,-0.036651639,0
5.753093958,0.307508146,0.3,-0.014151318,-0.034728283,0
5.763162851,0.307394935,0.3,-0.011321055,-0.033566842,0
5.781034946,0.307253422,0.3,-0.014151318,-0.033203925,0
5.791468859,0.307140212,0.3,-0.011321055,-0.031996604,0
5.801791906,0.307140212,0.3,0,-0.034252808,0
5.812458992,0.306970396,0.3,-0.016981582,-0.031389347,0
5.823166847,0.30691379,0.3,-0.005660527,-0.031911156,0
5.834954023,0.306772277,0.3,-0.014151318,-0.030063157,0
5.844228029,0.306687369,0.3,-0.008490791,-0.030063157,0
5.854398012,0.306574159,0.3,-0.011321055,-0.027953264,0
5.864930868,0.306602461,0.3,0.002830264,-0.030892404,0
5.87578702,0.306545856,0.3,-0.005660527,-0.031323929,0
5.885253906,0.306489251,0.3,-0.005660527,-0.031323929,0
5.895406961,0.306432646,0.3,-0.005660527,-0.031683582,0
5.90573597,0.306404343,0.3,-0.002830264,-0.032852275,0
5.916069984,0.30637604,0.3,-0.002830264,-0.033979899,0
5.926079035,0.306291132,0.3,-0.008490791,-0.033323374,0
5.937752962,0.306206224,0.3,-0.008490791,-0.032944829,0
5.948709011,0.305951501,0.3,-0.025472373,-0.027258754,0
5.960477829,0.305923198,0.3,-0.002830264,-0.028407317,0
5.967806816,0.305894895,0.3,-0.002830264,-0.028407317,0
5.977794886,0.30583829,0.3,-0.005660527,-0.028988935,0
5.988119841,0.305866593,0.3,0.002830264,-0.031655351,0
5.998513937,0.30583829,0.3,-0.002830264,-0.032625907,0
6.012279987,0.305781685,-0.3,-0.005660527,-18.28068409,-0.6
6.020310879,0.301847618,-0.3,-0.393406648,-18.28068409,0
6.030048847,0.274563877,-0.3,-2.72837416,-17.65093157,0
6.040133953,0.230100435,-0.3,-4.446344197,-16.47752184,0
6.050086021,0.181731229,-0.3,-4.836920581,-16.47752184,0
6.06435895,0.12645618,-0.3,-5.527504912,-13.6723013,0
6.070762873,0.083096541,-0.3,-4.335963915,-13.6723013,0
6.081053019,0.024396873,-0.3,-5.869966814,-10.77742354,0
6.09227705,-0.037557599,-0.3,-6.195447134,-8.997647814,0
6.103868008,-0.102993294,-0.3,-6.543569563,-7.106741273,0
6.112159014,-0.164693042,-0.3,-6.169974761,-7.106741273,0
6.122548819,-0.223647434,-0.3,-5.895439187,-3.53116463,0
6.132449865,-0.271790218,-0.3,-4.814278472,-3.53116463,0
6.142577887,-0.308130804,-0.3,-3.634058529,-0.991769176,0
6.153064966,-0.331876716,-0.3,-2.374591204,-0.269368705,0
6.163615942,-0.340056178,-0.3,-0.817946195,-0.011578645,0
6.173511028,-0.342207178,-0.3,-0.215100038,0.06577532,0
6.183892012,-0.342348691,-0.3,-0.014151318,0.083208136,0
6.193935871,-0.341386402,-0.3,0.096228964,0.066811303,0
6.204414845,-0.340225994,-0.3,0.11604081,0.044631638,0
6.214802027,-0.339490125,-0.3,0.073586855,0.034859903,0
6.224947929,-0.338980678,-0.3,0.050944746,0.031450784,0
6.235442877,-0.338754256,-0.3,0.022642109,0.036644767,0
6.245761871,-0.338046691,-0.3,0.070756591,0.027378769,0
6.255951881,-0.337593848,-0.3,0.045284218,0.025302626,0
6.265884876,-0.337225914,-0.3,0.036793427,0.025302626,0
6.276408911,-0.33697119,-0.3,0.025472373,0.029314887,0
6.286332846,-0.336574953,-0.3,0.039623691,0.029314887,0
6.297128916,-0.336263624,-0.3,0.0311329,0.030613044,0
6.3069489,-0.335867388,-0.3,0.039623691,0.030613044,0
6.317442894,-0.335471151,-0.3,0.039623691,0.028470603,0
6.327590942,-0.335386243,-0.3,0.008490791,0.028470603,0
6.337879896,-0.335131519,-0.3,0.025472373,0.039831445,0
6.348049879,-0.334848493,-0.3,0.028302637,0.04197316,0
6.358170986,-0.334339045,-0.3,0.050944746,0.037110808,0
6.372889996,-0.333688085,-0.3,0.065096064,0.032137174,0
6.379196882,-0.333235242,-0.3,0.045284218,0.032137174,0
6.389658928,-0.332754098,-0.3,0.048114482,0.020898019,0
6.400231838,-0.332103137,-0.3,0.065096064,0.011555811,0
6.410785913,-0.331876716,-0.3,0.022642109,0.014853092,0
6.425180912,-0.331565387,-0.3,0.0311329,0.019116286,0
6.436691999,-0.331197453,-0.3,0.036793427,0.01886202,0
6.447450876,-0.33074461,-0.3,0.045284218,0.01886202,0
6.455739975,-0.330433281,-0.3,0.0311329,0.012699444,0
6.464993,-0.330348373,-0.3,0.008490791,0.012699444,0
6.474480867,-0.330150255,-0.3,0.019811846,0.021803222,0
6.48613596,-0.329952137,-0.3,0.019811846,0.026316234,0
6.494870901,-0.329640808,-0.3,0.0311329,0.026316234,0
6.508476973,-0.329386084,-0.3,0.025472373,0.028749711,0
6.516392946,-0.32913136,-0.3,0.025472373,0.028749711,0
6.531116009,-0.328678518,-0.3,0.045284218,0.027267016,0
6.537530899,-0.328395492,-0.3,0.028302637,0.027267016,0
6.54813695,-0.328084163,-0.3,0.0311329,0.023782143,0
6.557220936,-0.327716228,-0.3,0.036793427,0.023782143,0
6.567214966,-0.327376597,-0.3,0.033963164,0.018249356,0
6.577466965,-0.327263386,-0.3,0.011321055,0.023238946,0
6.58960104,-0.326725636,-0.3,0.053775009,0.016819877,0
6.599877834,-0.326584123,-0.3,0.014151318,0.020763433,0
6.613657951,-0.326244491,-0.3,0.033963164,0.021415977,0
6.620829821,-0.325989767,-0.3,0.025472373,0.021415977,0
6.63121295,-0.325678438,-0.3,0.0311329,0.017970433,0
6.641402006,-0.32548032,-0.3,0.019811846,0.019813851,0
6.651651859,-0.325310504,-0.3,0.016981582,0.022352711,0
6.664659977,-0.325027478,-0.3,0.028302637,0.023757081,0
6.675127029,-0.324687846,-0.3,0.033963164,0.02133806,0
6.683625937,-0.324546333,-0.3,0.014151318,0.02133806,0
6.69559288,-0.324235004,-0.3,0.0311329,0.022509767,0
6.706336021,-0.323725557,-0.3,0.050944746,0.014846481,0
6.716580868,-0.323555741,-0.3,0.016981582,0.016948791,0
6.727010965,-0.323187806,-0.3,0.036793427,0.013223348,0
6.736402035,-0.322961385,-0.3,0.022642109,0.013223348,0
6.745368004,-0.322706662,-0.3,0.025472373,0.011429916,0
6.755650043,-0.322536846,-0.3,0.016981582,0.013158065,0
6.766316891,-0.322423635,-0.3,0.011321055,0.017055318,0
6.777264833,-0.322140609,-0.3,0.028302637,0.01583635,0
6.786785841,-0.321970793,-0.3,0.016981582,0.01583635,0
6.797348022,-0.321772675,-0.3,0.019811846,0.01791751,0
6.807617903,-0.321602859,-0.3,0.016981582,0.019351787,0
6.822530985,-0.321234924,-0.3,0.036793427,0.017586581,0
6.829529047,-0.320895293,-0.3,0.033963164,0.017586581,0
6.840319872,-0.320583964,-0.3,0.0311329,0.00920719,0
6.849635839,-0.320470753,-0.3,0.011321055,0.00920719,0
6.859797955,-0.320300937,-0.3,0.016981582,0.012758716,0
6.869967937,-0.32021603,-0.3,0.008490791,0.016379958,0
6.880463839,-0.319989608,-0.3,0.022642109,0.015878591,0
6.890681982,-0.319904701,-0.3,0.008490791,0.019436585,0
6.901362896,-0.319678279,-0.3,0.022642109,0.018951243,0
6.910868883,-0.319508464,-0.3,0.016981582,0.018951243,0
6.921301842,-0.319282043,-0.3,0.022642109,0.018600388,0
6.931578875,-0.319027319,-0.3,0.025472373,0.016718718,0
6.942970037,-0.318857503,-0.3,0.016981582,0.018033981,0
6.952338934,-0.318461266,-0.3,0.039623691,0.018033981,0
6.962265015,-0.318263148,-0.3,0.019811846,0.010913527,0
6.972910881,-0.318036727,-0.3,0.022642109,0.009724517,0
6.982828856,-0.317866911,-0.3,0.016981582,0.010100014,0
6.99643898,-0.317697095,-0.3,0.016981582,0.012219557,0
7.006862879,-0.317612187,-0.3,0.008490791,0.015180075,0
7.018703938,-0.317357463,-0.3,0.025472373,0.013705776,0
7.029153824,-0.317272555,-0.3,0.008490791,0.016491146,0
7.039891958,-0.317131042,-0.3,0.014151318,0.017843446,0
7.046783924,-0.317074437,-0.3,0.005660527,0.017843446,0
7.058132887,-0.316848016,-0.3,0.022642109,0.018578986,0
7.067642927,-0.316763108,-0.3,0.008490791,0.018578986,0
7.077963829,-0.316395174,-0.3,0.036793427,0.014752129,0
7.088536024,-0.316112147,-0.3,0.028302637,0.011366606,0
7.098470926,-0.315885726,-0.3,0.022642109,0.011366606,0
7.1089499,-0.315687608,-0.3,0.019811846,0.008238775,0
7.119004011,-0.315461187,-0.3,0.022642109,0.006114242,0
7.129400015,-0.315347976,-0.3,0.011321055,0.007502349,0
7.139773846,-0.315206463,-0.3,0.014151318,0.007990845,0
7.149684906,-0.315121555,-0.3,0.008490791,0.007990845,0
7.160235882,-0.314980042,-0.3,0.014151318,0.010392485,0
7.170158863,-0.314866831,-0.3,0.011321055,0.010392485,0
7.180635929,-0.314725318,-0.3,0.014151318,0.011763531,0
7.19165802,-0.3145272,-0.3,0.019811846,0.010615268,0
7.20221591,-0.314215871,-0.3,0.0311329,0.005781543,0
7.21115303,-0.314159265,-0.3,0.005660527,0.005781543,0
7.22189188,-0.314017752,-0.3,0.014151318,0.008109468,0
7.232131004,-0.313904542,-0.3,0.011321055,0.008985455,0
7.241979837,-0.313847936,-0.3,0.005660527,0.008985455,0
7.252369881,-0.313706423,-0.3,0.014151318,0.01137143,0
7.262565851,-0.313649818,-0.3,0.005660527,0.013848076,0
7.273259878,-0.313451699,-0.3,0.019811846,0.012210774,0
7.289873838,-0.313253581,-0.3,0.019811846,0.012629426,0
7.297261953,-0.31314037,-0.3,0.011321055,0.012629426,0
7.307426929,-0.312913949,-0.3,0.022642109,0.009412027,0
7.31771183,-0.312800739,-0.3,0.011321055,0.009967263,0
7.328093052,-0.312659226,-0.3,0.014151318,0.009731599,0
7.338533878,-0.312517712,-0.3,0.014151318,0.009405987,0
7.349205017,-0.312376199,-0.3,0.014151318,0.009124052,0
7.361208916,-0.312262989,-0.3,0.011321055,0.010138057,0
7.370267868,-0.312149778,-0.3,0.011321055,0.010138057,0
7.380094051,-0.312093173,-0.3,0.005660527,0.011898565,0
7.389927864,-0.311923357,-0.3,0.016981582,0.011898565,0
7.404412985,-0.311725239,-0.3,0.019811846,0.00941347,0
7.413190842,-0.311612028,-0.3,0.011321055,0.00941347,0
7.426847935,-0.311470515,-0.3,0.014151318,0.009490986,0
7.435977936,-0.311442212,-0.3,0.002830264,0.009490986,0
7.447793007,-0.311357304,-0.3,0.008490791,0.012966966,0
7.456194878,-0.311187489,-0.3,0.016981582,0.012966966,0
7.467887878,-0.311017673,-0.3,0.016981582,0.009674517,0
7.476080894,-0.31087616,-0.3,0.014151318,0.009674517,0
7.485803843,-0.310762949,-0.3,0.011321055,0.007829288,0
7.496203899,-0.310479923,-0.3,0.028302637,0.00260855,0
7.507954836,-0.310423317,-0.3,0.005660527,0.004574914,0
7.518052816,-0.310310107,-0.3,0.011321055,0.004307245,0
7.528312922,-0.310196896,-0.3,0.011321055,0.004052264,0
7.538461924,-0.310111988,-0.3,0.008490791,0.004582306,0
7.54911685,-0.310055383,-0.3,0.005660527,0.006094732,0
7.559212923,-0.309970475,-0.3,0.008490791,0.006570655,0
7.569671869,-0.309857265,-0.3,0.011321055,0.006264275,0
7.580061913,-0.309687449,-0.3,0.016981582,0.004189391,0
7.590181828,-0.309574238,-0.3,0.011321055,0.003701227,0
7.601822853,-0.30948933,-0.3,0.008490791,0.00438773,0
7.611121893,-0.309319515,-0.3,0.016981582,0.00438773,0
7.621134043,-0.309206304,-0.3,0.011321055,0.001312395,0
7.631481886,-0.309093093,-0.3,0.011321055,0.000681141,0
7.64147687,-0.30895158,-0.3,0.014151318,-0.00082372,0
7.651878834,-0.308923278,-0.3,0.002830264,0.001111279,0
7.661979914,-0.308866672,-0.3,0.005660527,0.002099947,0
7.672431946,-0.30883837,-0.3,0.002830264,0.004020908,0
7.682443857,-0.308781764,-0.3,0.005660527,0.004964123,0
7.694612026,-0.308640251,-0.3,0.014151318,0.003868606,0
7.705482006,-0.308498738,-0.3,0.014151318,0.002382182,0
7.713860035,-0.308442133,-0.3,0.005660527,0.002382182,0
7.724100828,-0.308357225,-0.3,0.008490791,0.002815179,0
7.73425293,-0.308215712,-0.3,0.014151318,0.001072925,0
7.74465394,-0.308130804,-0.3,0.008490791,0.001065653,0
7.757899046,-0.308045896,-0.3,0.008490791,0.001616034,0
7.765282869,-0.307960988,-0.3,0.008490791,0.001616034,0
7.778136015,-0.30787608,-0.3,0.008490791,0.001342633,0
7.786011934,-0.307819475,-0.3,0.005660527,0.001342633,0
7.796558857,-0.307706264,-0.3,0.011321055,0.00055729,0
7.806401968,-0.307677962,-0.3,0.002830264,0.00055729,0
7.817157984,-0.307621356,-0.3,0.005660527,0.002659943,0
7.826952934,-0.307564751,-0.3,0.005660527,0.00325047,0
7.83720994,-0.307451541,-0.3,0.011321055,0.002148881,0
7.850457907,-0.307394935,-0.3,0.005660527,0.003383781,0
7.857795954,-0.307281725,-0.3,0.011321055,0.003383781,0
7.868829012,-0.307111909,-0.3,0.016981582,-0.001188062,0
7.878155947,-0.307027001,-0.3,0.008490791,-0.001188062,0
7.889065981,-0.306970396,-0.3,0.005660527,-0.001253767,0
7.898810863,-0.306857185,-0.3,0.011321055,-0.002590232,0
7.909421921,-0.306715672,-0.3,0.014151318,-0.004700074,0
7.919448853,-0.306630764,-0.3,0.008490791,-0.004700074,0
7.931221962,-0.306574159,-0.3,0.005660527,-0.004646526,0
7.940462828,-0.306460948,-0.3,0.011321055,-0.004646526,0
7.951645851,-0.306432646,-0.3,0.002830264,-0.005123069,0
7.961963892,-0.30637604,-0.3,0.005660527,-0.004754409,0
7.970914841,-0.306347738,-0.3,0.002830264,-0.004754409,0
7.981324911,-0.30626283,-0.3,0.008490791,-0.004433615,0
7.991539955,-0.306177922,-0.3,0.008490791,-0.005123943,0
8.001572847,-0.306149619,0.3,0.002830264,18.18023322,0.6
8.012154818,-0.295564433,0.3,1.058518606,18.05151496,0
8.022326946,-0.255516202,0.3,4.004823067,17.01977429,0
8.032429934,-0.204967694,0.3,5.054850882,15.65648868,0
8.042788982,-0.155522988,0.3,4.9444706,14.31443736,0
8.053445816,-0.105229203,0.3,5.029378509,12.93514283,0
8.063513041,-0.054341062,0.3,5.088814046,12.93514283,0
8.075587988,0.00622658,0.3,6.056764215,9.784946524,0
8.08672595,0.072737776,0.3,6.651119582,7.866706778,0
8.095149994,0.132031799,0.3,5.929402351,7.866706778,0
8.105371952,0.191240915,0.3,5.92091156,4.372502388,0
8.11547184,0.238789344,0.3,4.754842935,4.372502388,0
8.12549901,0.282743339,0.3,4.395399451,1.637854137,0
8.136193037,0.315942331,0.3,3.319899264,0.63677748,0
8.146371841,0.328480399,0.3,1.253806798,0.251926326,0
8.157238007,0.334225835,0.3,0.574543521,0.068421829,0
8.167500019,0.336490046,0.3,0.226421092,-0.010527191,0
8.177842855,0.337027796,0.3,0.053775009,-0.038085569,0
8.188065052,0.337056098,0.3,0.002830264,-0.050581824,0
8.198523998,0.336914585,0.3,-0.014151318,-0.057612251,0
8.21062994,0.336659861,0.3,-0.025472373,-0.063585098,0
8.218638897,0.336659861,0.3,0,-0.063585098,0
8.229141951,0.336574953,0.3,-0.008490791,-0.081356679,0
8.239451885,0.336263624,0.3,-0.0311329,-0.083030762,0
8.250432014,0.335839085,0.3,-0.042453955,-0.082294672,0
8.260059834,0.335697572,0.3,-0.014151318,-0.082294672,0
8.270294905,0.335018308,0.3,-0.067926328,-0.078549844,0
8.280676842,0.334706979,0.3,-0.0311329,-0.080020986,0
8.290696859,0.334423953,0.3,-0.028302637,-0.08189652,0
8.30104804,0.334056019,0.3,-0.036793427,-0.081421669,0
8.313112974,0.333546571,0.3,-0.050944746,-0.078252287,0
8.32167697,0.333405058,0.3,-0.014151318,-0.078252287,0
8.332093954,0.332952216,0.3,-0.045284218,-0.079211277,0
8.342133045,0.332499374,0.3,-0.045284218,-0.075420678,0
8.352708817,0.33224465,0.3,-0.025472373,-0.07798834,0
8.362602949,0.331848413,0.3,-0.039623691,-0.07798834,0
8.373373985,0.331593689,0.3,-0.025472373,-0.078062007,0
8.383622885,0.33116915,0.3,-0.042453955,-0.074726272,0
8.393750906,0.330857821,0.3,-0.0311329,-0.074923161,0
8.404178858,0.330518189,0.3,-0.033963164,-0.074293483,0
8.414078951,0.330235163,0.3,-0.028302637,-0.074293483,0
8.424666882,0.329923834,0.3,-0.0311329,-0.074847096,0
8.434689045,0.329527597,0.3,-0.039623691,-0.071845715,0
8.444964886,0.32913136,0.3,-0.039623691,-0.068944501,0
8.455162048,0.328961544,0.3,-0.016981582,-0.072709587,0
8.465505838,0.328791728,0.3,-0.016981582,-0.076544638,0
8.476303816,0.328621913,0.3,-0.016981582,-0.080503081,0
8.48750782,0.328338886,0.3,-0.028302637,-0.081466008,0
8.496853828,0.327999255,0.3,-0.033963164,-0.081466008,0
8.506923914,0.327744531,0.3,-0.025472373,-0.080086582,0
8.517614841,0.327461505,0.3,-0.028302637,-0.080396978,0
8.527601957,0.327348294,0.3,-0.011321055,-0.080396978,0
8.537607908,0.32709357,0.3,-0.025472373,-0.085612557,0
8.548002005,0.326697333,0.3,-0.039623691,-0.082052581,0
8.561012983,0.326414307,0.3,-0.028302637,-0.083703355,0
8.569516897,0.326074675,0.3,-0.033963164,-0.083703355,0
8.578768015,0.325706741,0.3,-0.036793427,-0.07634028,0
8.589148998,0.325253899,0.3,-0.045284218,-0.070614585,0
8.600157976,0.324885965,0.3,-0.036793427,-0.067769462,0
8.609608889,0.324687846,0.3,-0.019811846,-0.067769462,0
8.620105982,0.324319912,0.3,-0.036793427,-0.065356504,0
8.631480932,0.324150096,0.3,-0.016981582,-0.068260521,0
8.640640974,0.32386707,0.3,-0.028302637,-0.068260521,0
8.651751041,0.323668951,0.3,-0.019811846,-0.068446536,0
8.663878918,0.323357622,0.3,-0.0311329,-0.067610696,0
8.675575018,0.323131201,0.3,-0.022642109,-0.068793448,0
8.682792902,0.322961385,0.3,-0.016981582,-0.068793448,0
8.694036961,0.322848175,0.3,-0.011321055,-0.073098505,0
8.702860832,0.322593451,0.3,-0.025472373,-0.073098505,0
8.713624954,0.322338727,0.3,-0.025472373,-0.070942846,0
8.723529816,0.322055701,0.3,-0.028302637,-0.070942846,0
8.734328985,0.321885885,0.3,-0.016981582,-0.070962476,0
8.745169878,0.321659464,0.3,-0.022642109,-0.071205715,0
8.757040024,0.321461346,0.3,-0.019811846,-0.072885299,0
8.765743017,0.321178319,0.3,-0.028302637,-0.072885299,0
8.775746822,0.320923595,0.3,-0.025472373,-0.068512262,0
8.785596848,0.320583964,0.3,-0.033963164,-0.068512262,0
8.800130844,0.320357543,0.3,-0.022642109,-0.065948105,0
8.806918859,0.320074516,0.3,-0.028302637,-0.065948105,0
8.817205906,0.319904701,0.3,-0.016981582,-0.063028309,0
8.831665039,0.319678279,0.3,-0.022642109,-0.064641127,0
8.839670897,0.319423556,0.3,-0.025472373,-0.064641127,0
8.850313902,0.319225437,0.3,-0.019811846,-0.061925009,0
8.862260818,0.319112227,0.3,-0.011321055,-0.065378658,0
8.870018005,0.318942411,0.3,-0.016981582,-0.065378658,0
8.880905867,0.318687687,0.3,-0.025472373,-0.06310214,0
8.89239502,0.318234845,0.3,-0.045284218,-0.055801832,0
8.901671886,0.318065029,0.3,-0.016981582,-0.055801832,0
8.912106991,0.317810305,0.3,-0.025472373,-0.05360341,0
8.922341824,0.317612187,0.3,-0.019811846,-0.053063433,0
8.932587862,0.317329161,0.3,-0.028302637,-0.049910702,0
8.9428339,0.317187647,0.3,-0.014151318,-0.050940721,0
8.953217983,0.317046134,0.3,-0.014151318,-0.052005458,0
8.963142872,0.316876318,0.3,-0.016981582,-0.052005458,0
8.97358489,0.316763108,0.3,-0.011321055,-0.053759205,0
8.983937979,0.316706503,0.3,-0.005660527,-0.057250919,0
8.993944883,0.316480082,0.3,-0.022642109,-0.055409615,0
9.00620389,0.316338568,0.3,-0.014151318,-0.057012839,0
9.014616966,0.316112147,0.3,-0.022642109,-0.057012839,0
9.025420904,0.315942331,0.3,-0.016981582,-0.054251542,0
9.036555052,0.315659305,0.3,-0.028302637,-0.051190485,0
9.045819998,0.315489489,0.3,-0.016981582,-0.051190485,0
9.055914879,0.315432884,0.3,-0.005660527,-0.053374768,0
9.065981865,0.315263068,0.3,-0.016981582,-0.05289076,0
9.076629877,0.315149858,0.3,-0.011321055,-0.05422025,0
9.089325905,0.315036647,0.3,-0.011321055,-0.056542607,0
9.098291874,0.314923437,0.3,-0.011321055,-0.056542607,0
9.110246897,0.314668713,0.3,-0.025472373,-0.054722011,0
9.117503881,0.314555502,0.3,-0.011321055,-0.054722011,0
9.127868891,0.314385686,0.3,-0.016981582,-0.053941719,0
9.137904882,0.314159265,0.3,-0.022642109,-0.051416408,0
9.149050951,0.314017752,0.3,-0.014151318,-0.051849875,0
9.158368826,0.313847936,0.3,-0.016981582,-0.051849875,0
9.168777943,0.313734726,0.3,-0.011321055,-0.05149234,0
9.18224287,0.313593213,0.3,-0.014151318,-0.052622972,0
9.18997097,0.313536607,0.3,-0.005660527,-0.052622972,0
9.201576948,0.313395094,0.3,-0.014151318,-0.054552059,0
9.210422039,0.313225278,0.3,-0.016981582,-0.054552059,0
9.221374035,0.313055463,0.3,-0.016981582,-0.052118034,0
9.231025934,0.312885647,0.3,-0.016981582,-0.052118034,0
9.241308928,0.312659226,0.3,-0.022642109,-0.047809432,0
9.251577854,0.31248941,0.3,-0.016981582,-0.046490274,0
9.262130022,0.312376199,0.3,-0.011321055,-0.047084151,0
9.272018909,0.312262989,0.3,-0.011321055,-0.047084151,0
9.282091856,0.312149778,0.3,-0.011321055,-0.047570081,0
9.293002844,0.31206487,0.3,-0.008490791,-0.048865287,0
9.30299592,0.311923357,0.3,-0.014151318,-0.048295226,0
9.313242912,0.311810147,0.3,-0.011321055,-0.048527014,0
9.324246883,0.311696936,0.3,-0.011321055,-0.04899208,0
9.333442926,0.31152712,0.3,-0.016981582,-0.04899208,0
9.347513914,0.311300699,0.3,-0.022642109,-0.044908518,0
9.355634928,0.311244094,0.3,-0.005660527,-0.044908518,0
9.366989851,0.311130883,0.3,-0.011321055,-0.046249505,0
9.374816895,0.310961067,0.3,-0.016981582,-0.046249505,0
9.38596797,0.310847857,0.3,-0.011321055,-0.044083223,0
9.397995949,0.310678041,0.3,-0.016981582,-0.042614055,0
9.408056974,0.310508225,0.3,-0.016981582,-0.040846042,0
9.41848588,0.310508225,0.3,0,-0.044199937,0
9.427860022,0.31045162,0.3,-0.005660527,-0.044199937,0
9.437943935,0.310366712,0.3,-0.008490791,-0.046009138,0
9.448442936,0.310253502,0.3,-0.011321055,-0.045842073,0
9.458297014,0.310055383,0.3,-0.019811846,-0.045842073,0
9.470609903,0.309970475,0.3,-0.008490791,-0.04397967,0
9.48092103,0.309885567,0.3,-0.008490791,-0.044485848,0
9.492108822,0.309687449,0.3,-0.019811846,-0.041795253,0
9.50094986,0.309630844,0.3,-0.005660527,-0.041795253,0
9.511534929,0.309545936,0.3,-0.008490791,-0.043061519,0
9.52136302,0.309432725,0.3,-0.011321055,-0.042501495,0
9.531196833,0.309347817,0.3,-0.008490791,-0.042501495,0
9.542531967,0.309234607,0.3,-0.011321055,-0.042299561,0
9.552685022,0.309149699,0.3,-0.008490791,-0.042595789,0
9.564041853,0.308979883,0.3,-0.016981582,-0.040620088,0
9.573385954,0.30895158,0.3,-0.002830264,-0.040620088,0
9.584751844,0.30883837,0.3,-0.011321055,-0.041870774,0
9.598389864,0.308668554,0.3,-0.016981582,-0.04024285,0
9.604964018,0.308583646,0.3,-0.008490791,-0.04024285,0
9.616142035,0.308498738,0.3,-0.008490791,-0.039750673,0
9.62535882,0.30830062,0.3,-0.019811846,-0.039750673,0
9.63657093,0.308244014,0.3,-0.005660527,-0.03716345,0
9.64567399,0.308130804,0.3,-0.011321055,-0.03716345,0
9.656628847,0.308102501,0.3,-0.002830264,-0.037791721,0
9.666327953,0.307989291,0.3,-0.011321055,-0.037791721,0
9.67669487,0.307932685,0.3,-0.005660527,-0.037478754,0
9.686707973,0.307847777,0.3,-0.008490791,-0.037289889,0
9.697145939,0.307649659,0.3,-0.019811846,-0.033740319,0
9.708212852,0.307536448,0.3,-0.011321055,-0.032841901,0
9.717856884,0.307479843,0.3,-0.005660527,-0.032841901,0
9.728535891,0.307451541,0.3,-0.002830264,-0.034839347,0
9.738404989,0.307281725,0.3,-0.016981582,-0.034839347,0
9.748754025,0.307281725,0.3,0,-0.034164841,0
9.758826971,0.307225119,0.3,-0.005660527,-0.034649358,0
9.771803856,0.307168514,0.3,-0.005660527,-0.035620893,0
9.77962184,0.307083606,0.3,-0.008490791,-0.035620893,0
9.789687872,0.306998698,0.3,-0.008490791,-0.0343981,0
9.80004096,0.306885488,0.3,-0.011321055,-0.033139725,0
9.810297966,0.30680058,0.3,-0.008490791,-0.032684512,0
9.820670843,0.306630764,0.3,-0.016981582,-0.029654437,0
9.830867052,0.306517553,0.3,-0.011321055,-0.028250725,0
9.844048023,0.306404343,0.3,-0.011321055,-0.027271025,0
9.853575945,0.30637604,0.3,-0.002830264,-0.028357559,0
9.866010904,0.30637604,0.3,0,-0.030734765,0
9.874876022,0.306347738,0.3,-0.002830264,-0.030734765,0
9.885751963,0.306319435,0.3,-0.002830264,-0.032780894,0
9.898522854,0.306234527,0.3,-0.008490791,-0.032622851,0
9.906791925,0.306177922,0.3,-0.005660527,-0.032622851,0
9.917349815,0.306093014,0.3,-0.008490791,-0.031819584,0
9.930413961,0.306008106,0.3,-0.008490791,-0.031620538,0
9.937731028,0.305894895,0.3,-0.011321055,-0.031620538,0
9.948448896,0.30583829,0.3,-0.005660527,-0.029644061,0
9.958220005,0.30572508,0.3,-0.011321055,-0.027975258,0
9.971798897,0.305696777,0.3,-0.002830264,-0.029166928,0
9.979085922,0.305696777,0.3,0,-0.029166928,0
9.992698908,0.305640172,0.3,-0.005660527,-0.031274682,0
10.00020194,0.305583566,0.3,-0.005660527,-0.031274682,0
10.01022887,0.305555264,-0.3,-0.002830264,-18.34780768,-0.6
10.020787,0.295253104,-0.3,-1.030215969,-18.22733674,0
10.03083992,0.260016322,-0.3,-3.523678247,-17.33914727,0
10.04112101,0.211137668,-0.3,-4.887865327,-16.03055982,0
10.05168986,0.163504331,-0.3,-4.763333726,-14.74792429,0
10.06166482,0.116861586,-0.3,-4.664274498,-13.47384938,0
10.07207584,0.064643222,-0.3,-5.221836438,-12.02122164,0
10.08200192,0.006339791,-0.3,-5.830343123,-12.02122164,0
10.09318399,-0.057652471,-0.3,-6.399226117,-8.505589034,0
10.10376787,-0.118672955,-0.3,-6.102048433,-6.732577334,0
10.11326885,-0.175476346,-0.3,-5.680339149,-6.732577334,0
10.12383103,-0.23327033,-0.3,-5.779398377,-3.334799798,0
10.13363099,-0.28404526,-0.3,-5.077492991,-3.334799798,0
10.14402294,-0.31925374,-0.3,-3.520847983,-0.74361472,0
10.15403199,-0.340735441,-0.3,-2.148170112,-0.086918592,0
10.16794491,-0.346877113,-0.3,-0.614167212,0.11683714,0
10.17631388,-0.347131837,-0.3,-0.025472373,0.11683714,0
10.18867183,-0.346452574,-0.3,0.067926328,0.13241437,0
10.19638491,-0.3456601,-0.3,0.079247382,0.13241437,0
10.20623398,-0.343905336,-0.3,0.175476346,0.079705985,0
10.21827698,-0.34254681,-0.3,0.135852655,0.0542991,0
10.22767186,-0.342037362,-0.3,0.050944746,0.0542991,0
10.23735404,-0.341329796,-0.3,0.070756591,0.04146056,0
10.24759197,-0.340593928,-0.3,0.073586855,0.031621321,0
10.25823283,-0.340169388,-0.3,0.042453955,0.031919128,0
10.27319694,-0.339575033,-0.3,0.059435537,0.031584006,0
10.27985787,-0.339348612,-0.3,0.022642109,0.031584006,0
10.293046,-0.338782559,-0.3,0.056605273,0.031159472,0
10.30027604,-0.338527835,-0.3,0.025472373,0.031159472,0
10.31051993,-0.338273112,-0.3,0.025472373,0.035970713,0
10.32156992,-0.338018388,-0.3,0.025472373,0.040916037,0
10.33200288,-0.337763664,-0.3,0.025472373,0.045091766,0
10.34168601,-0.337084401,-0.3,0.067926328,0.045091766,0
10.35317302,-0.336461743,-0.3,0.0622658,0.029191916,0
10.36478186,-0.335923993,-0.3,0.053775009,0.025557898,0
10.37358403,-0.335640966,-0.3,0.028302637,0.025557898,0
10.38350987,-0.335103216,-0.3,0.053775009,0.020485277,0
10.39556098,-0.334763585,-0.3,0.033963164,0.022833187,0
10.40487695,-0.334537164,-0.3,0.022642109,0.022833187,0
10.41448689,-0.334169229,-0.3,0.036793427,0.024616148,0
10.4274869,-0.333659782,-0.3,0.050944746,0.02227443,0
10.43541098,-0.333489966,-0.3,0.016981582,0.02227443,0
10.44878101,-0.332952216,-0.3,0.053775009,0.022272987,0
10.45739603,-0.33266919,-0.3,0.028302637,0.022272987,0
10.46669698,-0.332555979,-0.3,0.011321055,0.027896606,0
10.47971392,-0.332216347,-0.3,0.033963164,0.030263287,0
10.48988295,-0.331848413,-0.3,0.036793427,0.028816222,0
10.49864793,-0.331565387,-0.3,0.028302637,0.028816222,0
10.51180696,-0.331395571,-0.3,0.016981582,0.035092942,0
10.51884794,-0.330942729,-0.3,0.045284218,0.035092942,0
10.52933598,-0.330688005,-0.3,0.025472373,0.030916327,0
10.54369187,-0.330121952,-0.3,0.056605273,0.026882368,0
10.55338597,-0.329754018,-0.3,0.036793427,0.026882368,0
10.56106997,-0.3295559,-0.3,0.019811846,0.025332372,0
10.57396293,-0.329272873,-0.3,0.028302637,0.028149136,0
10.58312583,-0.328791728,-0.3,0.048114482,0.028149136,0
10.59220386,-0.328565307,-0.3,0.022642109,0.022565945,0
10.60266805,-0.328253978,-0.3,0.0311329,0.022093099,0
10.61278105,-0.327942649,-0.3,0.0311329,0.021237345,0
10.62284684,-0.327716228,-0.3,0.022642109,0.022820433,0
10.63321996,-0.327461505,-0.3,0.025472373,0.023725152,0
10.64349484,-0.327263386,-0.3,0.019811846,0.026031782,0
10.65349197,-0.326952057,-0.3,0.0311329,0.024936947,0
10.66386104,-0.326782241,-0.3,0.016981582,0.028171184,0
10.67399502,-0.326414307,-0.3,0.036793427,0.025163619,0
10.68445182,-0.326244491,-0.3,0.016981582,0.028295952,0
10.69920397,-0.325735044,-0.3,0.050944746,0.024375623,0
10.70500994,-0.32548032,-0.3,0.025472373,0.024375623,0
10.71518683,-0.325225596,-0.3,0.025472373,0.02120502,0
10.72798586,-0.324829359,-0.3,0.039623691,0.018841183,0
10.73632288,-0.324546333,-0.3,0.028302637,0.018841183,0
10.74637699,-0.324291609,-0.3,0.025472373,0.016125781,0
10.75690603,-0.324065188,-0.3,0.022642109,0.016934476,0
10.76675582,-0.32386707,-0.3,0.019811846,0.016934476,0
10.77885604,-0.323640649,-0.3,0.022642109,0.019755009,0
10.78966093,-0.323272714,-0.3,0.036793427,0.016259424,0
10.80016088,-0.323046293,-0.3,0.022642109,0.016720243,0
10.81056499,-0.322848175,-0.3,0.019811846,0.017907319,0
10.821136,-0.322593451,-0.3,0.025472373,0.017438912,0
10.83095288,-0.322338727,-0.3,0.025472373,0.017438912,0
10.84228182,-0.322112306,-0.3,0.022642109,0.01684242,0
10.85188603,-0.321857582,-0.3,0.025472373,0.01684242,0
10.8622849,-0.321659464,-0.3,0.019811846,0.016210527,0
10.87224603,-0.321433043,-0.3,0.022642109,0.016061963,0
10.88320804,-0.321263227,-0.3,0.016981582,0.017950538,0
10.89341688,-0.321036806,-0.3,0.022642109,0.017598944,0
10.90272784,-0.32086699,-0.3,0.016981582,0.017598944,0
10.91502094,-0.320612266,-0.3,0.025472373,0.018217005,0
10.92374492,-0.320470753,-0.3,0.014151318,0.018217005,0
10.93364191,-0.320244332,-0.3,0.022642109,0.018507597,0
10.94411492,-0.320017911,-0.3,0.022642109,0.018000676,0
10.95512199,-0.319763187,-0.3,0.025472373,0.016878506,0
10.96475387,-0.319565069,-0.3,0.019811846,0.016878506,0
10.97781992,-0.319310345,-0.3,0.025472373,0.01613949,0
10.98715496,-0.319055621,-0.3,0.025472373,0.01613949,0
10.99652696,-0.319027319,-0.3,0.002830264,0.01862781,0
11.00707102,-0.3188292,-0.3,0.019811846,0.018645327,0
11.01680088,-0.318772595,-0.3,0.005660527,0.018645327,0
11.02680087,-0.318602779,-0.3,0.016981582,0.022859871,0
11.04095984,-0.318234845,-0.3,0.036793427,0.019227679,0
11.04842496,-0.317980121,-0.3,0.025472373,0.019227679,0
11.060004,-0.31764049,-0.3,0.033963164,0.011792419,0
11.068964,-0.317385766,-0.3,0.025472373,0.011792419,0
11.07813501,-0.317159345,-0.3,0.022642109,0.006708503,0
11.09218383,-0.317017832,-0.3,0.014151318,0.009624442,0
11.10006905,-0.316932924,-0.3,0.008490791,0.009624442,0
11.10938287,-0.316734805,-0.3,0.019811846,0.009782332,0
11.1234479,-0.3166782,-0.3,0.005660527,0.014825353,0
11.13310003,-0.316536687,-0.3,0.014151318,0.014825353,0
11.14610887,-0.316168753,-0.3,0.036793427,0.010797827,0
11.15553784,-0.316083845,-0.3,0.008490791,0.010797827,0
11.16256499,-0.315942331,-0.3,0.014151318,0.01188798,0
11.17187691,-0.315772516,-0.3,0.016981582,0.01188798,0
11.18497586,-0.315631002,-0.3,0.014151318,0.013056346,0
11.19510603,-0.315517792,-0.3,0.011321055,0.014375964,0
11.20345998,-0.315347976,-0.3,0.016981582,0.014375964,0
11.21727085,-0.315036647,-0.3,0.0311329,0.00973721,0
11.225811,-0.314866831,-0.3,0.016981582,0.00973721,0
11.23895884,-0.314668713,-0.3,0.019811846,0.008435123,0
11.24587202,-0.314555502,-0.3,0.011321055,0.008435123,0
11.25616598,-0.314385686,-0.3,0.016981582,0.007278031,0
11.26837087,-0.314300779,-0.3,0.008490791,0.009852004,0
11.27643204,-0.314215871,-0.3,0.008490791,0.009852004,0
11.28858399,-0.314130963,-0.3,0.008490791,0.013521831,0
11.29991794,-0.313847936,-0.3,0.028302637,0.009750387,0
11.30844283,-0.313763028,-0.3,0.008490791,0.009750387,0
11.32199287,-0.313593213,-0.3,0.016981582,0.010955874,0
11.32875395,-0.313451699,-0.3,0.014151318,0.010955874,0
11.33809185,-0.313225278,-0.3,0.022642109,0.006467478,0
11.34921885,-0.313112068,-0.3,0.011321055,0.007438721,0
11.36454988,-0.312942252,-0.3,0.016981582,0.008028797,0
11.37437797,-0.312744134,-0.3,0.019811846,0.006096255,0
11.38388801,-0.312687528,-0.3,0.005660527,0.006096255,0
11.39433098,-0.312546015,-0.3,0.014151318,0.007519586,0
11.40190792,-0.312432805,-0.3,0.011321055,0.007519586,0
11.41227388,-0.312432805,-0.3,0,0.010965619,0
11.43552804,-0.312291291,-0.3,0.014151318,0.015062223,0
11.44132805,-0.312206383,-0.3,0.008490791,0.015062223,0
11.44967484,-0.311895054,-0.3,0.0311329,0.008453312,0
11.459898,-0.311781844,-0.3,0.011321055,0.008665788,0
11.47223091,-0.311442212,-0.3,0.033963164,0.002706877,0
11.4812119,-0.311300699,-0.3,0.014151318,0.002706877,0
11.49639392,-0.311102581,-0.3,0.019811846,0.000569097,0
11.50162888,-0.311102581,-0.3,0,0.000569097,0
11.51187682,-0.311045975,-0.3,0.005660527,0.004002363,0
11.52198601,-0.31098937,-0.3,0.005660527,0.005643851,0
11.53289199,-0.310819554,-0.3,0.016981582,0.004086062,0
11.54252481,-0.310649738,-0.3,0.016981582,0.004086062,0
11.552953,-0.310564831,-0.3,0.008490791,0.002804174,0
11.56308484,-0.310423317,-0.3,0.014151318,0.001725806,0
11.57332683,-0.310395015,-0.3,0.002830264,0.004074783,0
11.58372188,-0.310281804,-0.3,0.011321055,0.003881113,0
11.59874201,-0.310111988,-0.3,0.016981582,0.003198704,0
11.60543394,-0.310055383,-0.3,0.005660527,0.003198704,0
11.61708784,-0.30991387,-0.3,0.014151318,0.002757942,0
11.62640882,-0.309800659,-0.3,0.011321055,0.002757942,0
11.63879204,-0.309715751,-0.3,0.008490791,0.003154534,0
11.646595,-0.309602541,-0.3,0.011321055,0.003154534,0
11.65706897,-0.30948933,-0.3,0.011321055,0.001641536,0
11.67205405,-0.30937612,-0.3,0.011321055,0.002452968,0
11.68179893,-0.309234607,-0.3,0.014151318,0.002452968,0
11.68932104,-0.309178001,-0.3,0.005660527,0.001271389,0
11.70388985,-0.309064791,-0.3,0.011321055,0.00144354,0
11.71002293,-0.309036488,-0.3,0.002830264,0.00144354,0
11.72010183,-0.308979883,-0.3,0.005660527,0.003651121,0
11.73194599,-0.308866672,-0.3,0.011321055,0.003405353,0
11.74119782,-0.308810067,-0.3,0.005660527,0.003405353,0
11.75229096,-0.308696857,-0.3,0.011321055,0.00361794,0
11.76312685,-0.308640251,-0.3,0.005660527,0.004580576,0
11.77181482,-0.308498738,-0.3,0.014151318,0.004580576,0
11.78372002,-0.30841383,-0.3,0.008490791,0.003126487,0
11.79230404,-0.30830062,-0.3,0.011321055,0.003126487,0
11.80250692,-0.308244014,-0.3,0.005660527,0.002685592,0
11.81444597,-0.308130804,-0.3,0.011321055,0.002198066,0
11.82361197,-0.308045896,-0.3,0.008490791,0.002198066,0
11.83376288,-0.307960988,-0.3,0.008490791,0.001719947,0
11.84834003,-0.307904383,-0.3,0.005660527,0.003350661,0
11.85489297,-0.307819475,-0.3,0.008490791,0.003350661,0
11.86572886,-0.30776287,-0.3,0.005660527,0.003195912,0
11.87591887,-0.307677962,-0.3,0.008490791,0.003078974,0
11.88576698,-0.307649659,-0.3,0.002830264,0.003078974,0
11.89760685,-0.307536448,-0.3,0.011321055,0.003450855,0
11.90892887,-0.307394935,-0.3,0.014151318,0.00194948,0
11.91729283,-0.307168514,-0.3,0.022642109,0.00194948,0
11.92874384,-0.307111909,-0.3,0.005660527,-0.002270965,
