R=1," Q=[0.1, 0.01, 0, 0.01, 0.01, 0, 0, 0, 0.1]"," MassCenterhAndb=[0.5195, 0.4964]",Description = 
Time,Calculation Time,Reference Velocity,Measured Velocity,Phi,Delta,Phi Dot,Control Input,Velocity Control Input,phi_roll_comp,phi_uncomp,phi_dot,a_x,ay_roll_comp,ay,az,phi_Gyro_intArd,x,y,psi,nu,phi_ref,delta_ref,delta_ctrl_ref,x1_ref,x2_ref,x1,x2,delta_k,delta_stack,x_stack
0.02004694938659668,0.019455909729003906,4,0.0,0.9174620756712951,0.1467491703501178,0.013758722833333431,0,0.0,0.9174620756712951,0.9174620756712951,0.013758722833333431,0.204472,0.07911699999999999,0.07911699999999999,0.98088,1.0170078893834906,0.0,0.0,0.0,0.0,0.0,0.0,0.0,0.0,0.0,3.9561531346298215,-0.8514420591649201,0,[[0. 0. 0. 0. 0. 0. 0. 0.]],"[[0. 0. 0. 0.]
 [0. 0. 0. 0.]]"
0.050390005111694336,0.01910710334777832,4,0.0,0.8718874447120851,0.15096626319142303,0.010704486722222309,0,0.0,0.8718874447120851,0.8718874447120851,0.010704486722222309,0.202764,0.083753,0.083753,0.981673,1.017336141621106,0.0,0.0,0.0,0.0,0.0,0.0,0.0,0.0,0.0,3.7791878872798454,-0.8140005954620871,0,[[0. 0. 0. 0. 0. 0. 0. 0.]],"[[0. 0. 0. 0.]
 [0. 0. 0. 0.]]"
0.07900714874267578,0.01944589614868164,4,0.0,0.8288458025626588,0.15487202703102115,0.011620757555555652,0,0.0,0.8288458025626588,0.8288458025626588,0.011620757555555652,0.20258099999999998,0.08881599999999999,0.08881599999999999,0.98027,1.0176616294676877,0.0,0.0,0.0,0.0,0.0,0.0,0.0,0.0,0.0,3.6086309940087187,-0.777789460987395,0,[[0. 0. 0. 0. 0. 0. 0. 0.]],"[[0. 0. 0. 0.]
 [0. 0. 0. 0.]]"
0.10659003257751465,0.018839120864868164,4,0.0,0.7879680302314513,0.15832494868631805,0.012537028388888982,0,0.0,0.7879680302314513,0.7879680302314513,0.012537028388888982,0.201849,0.088633,0.088633,0.980514,1.0180094933389927,0.0,0.0,0.0,0.0,0.0,0.0,0.0,0.0,0.0,3.4462186748892365,-0.7432920791281993,0,[[0. 0. 0. 0. 0. 0. 0. 0.]],"[[0. 0. 0. 0.]
 [0. 0. 0. 0.]]"
0.13499999046325684,0.01940011978149414,4,0.0,0.7491046576620382,0.16140993606687018,0.011315333944444533,0,0.0,0.7491046576620382,0.7491046576620382,0.011315333944444533,0.201788,0.08845,0.08845,0.9806969999999999,1.0183366322456555,0.0,0.0,0.0,0.0,0.0,0.0,0.0,0.0,0.0,3.2933318904073268,-0.7108724608809247,0,[[0. 0. 0. 0. 0. 0. 0. 0.]],"[[0. 0. 0. 0.]
 [0. 0. 0. 0.]]"
0.1619739532470703,0.018632888793945312,4,0.0,0.7122775738392324,0.16347602853274457,0.011773469361111205,0,0.0,0.7122775738392324,0.7122775738392324,0.011773469361111205,0.202032,0.090829,0.090829,0.980636,1.018637681672571,0.0,0.0,0.0,0.0,0.0,0.0,0.0,0.0,0.0,3.1457454564404674,-0.6794788026454284,0,[[0. 0. 0. 0. 0. 0. 0. 0.]],"[[0. 0. 0. 0.]
 [0. 0. 0. 0.]]"
0.19022393226623535,0.019009828567504883,4,0.0,0.6774823296496999,0.16494776563172356,0.013911434638888984,0,0.0,0.6774823296496999,0.6774823296496999,0.013911434638888984,0.20136099999999998,0.09235399999999999,0.09235399999999999,0.978745,1.01905016859981,0.0,0.0,0.0,0.0,0.0,0.0,0.0,0.0,0.0,3.004086520194692,-0.6492673950805584,0,[[0. 0. 0. 0. 0. 0. 0. 0.]],"[[0. 0. 0. 0.]
 [0. 0. 0. 0.]]"
0.21897196769714355,0.01937413215637207,4,0.0,0.6441922281286899,0.16579684472728837,0.01299516380555564,0,0.0,0.6441922281286899,0.6441922281286899,0.01299516380555564,0.203313,0.08851099999999999,0.08851099999999999,0.979965,1.0194238067002268,0.0,0.0,0.0,0.0,0.0,0.0,0.0,0.0,0.0,2.8702851640599567,-0.6207921878567871,0,[[0. 0. 0. 0. 0. 0. 0. 0.]],"[[0. 0. 0. 0.]
 [0. 0. 0. 0.]]"
0.2475290298461914,0.018873929977416992,4,0.0,0.6125021956720575,0.1660515684559578,0.009330080472222307,0,0.0,0.6125021956720575,0.6125021956720575,0.009330080472222307,0.20374,0.089365,0.089365,0.9803919999999999,1.019687410195853,0.0,0.0,0.0,0.0,0.0,0.0,0.0,0.0,0.0,2.744505892611039,-0.5940805112301749,0,[[0. 0. 0. 0. 0. 0. 0. 0.]],"[[0. 0. 0. 0.]
 [0. 0. 0. 0.]]"
0.2600109577178955,0.00424504280090332,4,0.0,0.5824768245936855,0.1660515684559578,0.006275844361111199,0,0.0,0.5824768245936855,0.5824768245936855,0.006275844361111199,0.203374,0.092842,0.092842,0.980941,1.0198563743846172,0.0,0.0,0.0,0.0,0.0,0.0,0.0,0.0,0.0,2.6246025636098542,-0.5685905068224207,0,[[0. 0. 0. 0. 0. 0. 0. 0.]],"[[0. 0. 0. 0.]
 [0. 0. 0. 0.]]"
0.27228307723999023,0.004949808120727539,4,0.0,0.5540159030826537,0.1660515684559578,0.009177368666666755,0,0.0,0.5540159030826537,0.5540159030826537,0.009177368666666755,0.203923,0.095099,0.095099,0.979721,1.0199689454484129,0.0,0.0,0.0,0.0,0.0,0.0,0.0,0.0,0.0,2.5058982115482693,-0.543175603229199,0,[[0. 0. 0. 0. 0. 0. 0. 0.]],"[[0. 0. 0. 0.]
 [0. 0. 0. 0.]]"
0.28449010848999023,0.0051538944244384766,4,0.0,0.526983633871982,0.1660515684559578,0.008413809638888978,0,0.0,0.526983633871982,0.526983633871982,0.008413809638888978,0.204289,0.095404,0.095404,0.97966,1.0200715949113588,0.0,0.0,0.0,0.0,0.0,0.0,0.0,0.0,0.0,2.3962176686923624,-0.5197972359726538,0,[[0. 0. 0. 0. 0. 0. 0. 0.]],"[[0. 0. 0. 0.]
 [0. 0. 0. 0.]]"
0.29471611976623535,0.003103971481323242,4,0.0,0.5012132816954292,0.1660515684559578,0.007192115194444529,0,0.0,0.5012132816954292,0.5012132816954292,0.007192115194444529,0.20380099999999998,0.09406199999999999,0.09406199999999999,0.978806,1.02014519128972,0.0,0.0,0.0,0.0,0.0,0.0,0.0,0.0,0.0,2.292087270763831,-0.49761695352217045,0,[[0. 0. 0. 0. 0. 0. 0. 0.]],"[[0. 0. 0. 0.]
 [0. 0. 0. 0.]]"
0.30690908432006836,0.0036749839782714844,4,0.0,0.47661085244188395,0.1660515684559578,0.006428556166666752,0,0.0,0.47661085244188395,0.47661085244188395,0.006428556166666752,0.20435,0.091561,0.091561,0.978928,1.0202234855513332,0.0,0.0,0.0,0.0,0.0,0.0,0.0,0.0,0.0,2.1923253195396772,-0.4763548255750735,0,[[0. 0. 0. 0. 0. 0. 0. 0.]],"[[0. 0. 0. 0.]
 [0. 0. 0. 0.]]"
0.3183889389038086,0.0030798912048339844,4,0.0,0.45315998714822675,0.1660515684559578,0.005817708944444527,0,0.0,0.45315998714822675,0.45315998714822675,0.005817708944444527,0.204045,0.090158,0.090158,0.9785619999999999,1.020290342743571,0.0,0.0,0.0,0.0,0.0,0.0,0.0,0.0,0.0,2.0971310427821033,-0.45606262692120864,0,[[0. 0. 0. 0. 0. 0. 0. 0.]],"[[0. 0. 0. 0.]
 [0. 0. 0. 0.]]"
0.32857394218444824,0.0027840137481689453,4,0.0,0.4308338627000445,0.1660515684559578,0.0026107610277778664,0,0.0,0.4308338627000445,0.4308338627000445,0.0026107610277778664,0.204899,0.090036,0.090036,0.9791719999999999,1.0203168810670733,0.0,0.0,0.0,0.0,0.0,0.0,0.0,0.0,0.0,2.008788993238036,-0.43731119815128605,0,[[0. 0. 0. 0. 0. 0. 0. 0.]],"[[0. 0. 0. 0.]
 [0. 0. 0. 0.]]"
0.3417019844055176,0.0045680999755859375,4,0.0,0.40972118018257303,0.1660515684559578,0.0029161846388889717,0,0.0,0.40972118018257303,0.40972118018257303,0.0029161846388889717,0.203252,0.091927,0.091927,0.981246,1.0203551064592389,0.0,0.0,0.0,0.0,0.0,0.0,0.0,0.0,0.0,1.922341149223677,-0.4188573438248648,0,[[0. 0. 0. 0. 0. 0. 0. 0.]],"[[0. 0. 0. 0.]
 [0. 0. 0. 0.]]"
0.3547840118408203,0.004893064498901367,4,0.0,0.3896994475302288,0.1660515684559578,0.0026107610277778664,0,0.0,0.3896994475302288,0.3896994475302288,0.0026107610277778664,0.203313,0.09272,0.09272,0.981246,1.0203892661087166,0.0,0.0,0.0,0.0,0.0,0.0,0.0,0.0,0.0,1.8408785656875324,-0.40148568375959803,0,[[0. 0. 0. 0. 0. 0. 0. 0.]],"[[0. 0. 0. 0.]
 [0. 0. 0. 0.]]"
0.3670010566711426,0.005115032196044922,4,0.0,0.3707679913912258,0.1660515684559578,0.0036797436666667627,0,0.0,0.3707679913912258,0.3707679913912258,0.0036797436666667627,0.20349599999999998,0.094123,0.094123,0.979111,1.0204341953824787,0.0,0.0,0.0,0.0,0.0,0.0,0.0,0.0,0.0,1.7626694618486556,-0.3847664857251169,0,[[0. 0. 0. 0. 0. 0. 0. 0.]],"[[0. 0. 0. 0.]
 [0. 0. 0. 0.]]"
0.38050198554992676,0.006417036056518555,4,0.0,0.3527599163097259,0.1660515684559578,0.001541778388888984,0,0.0,0.3527599163097259,0.3527599163097259,0.001541778388888984,0.20319099999999998,0.094123,0.094123,0.979233,1.0204549942813663,0.0,0.0,0.0,0.0,0.0,0.0,0.0,0.0,0.0,1.6910226457142459,-0.36954473059313114,0,[[0. 0. 0. 0. 0. 0. 0. 0.]],"[[0. 0. 0. 0.]
 [0. 0. 0. 0.]]"
0.3942830562591553,0.005307912826538086,4,0.0,0.335741502037422,0.1660515684559578,0.006733979777777871,0,0.0,0.335741502037422,0.335741502037422,0.006733979777777871,0.202764,0.094611,0.094611,0.980026,1.0205476945859673,0.0,0.0,0.0,0.0,0.0,0.0,0.0,0.0,0.0,1.6170315001075453,-0.3536003701297569,0,[[0. 0. 0. 0. 0. 0. 0. 0.]],"[[0. 0. 0. 0.]
 [0. 0. 0. 0.]]"
0.4229581356048584,0.007909059524536133,4,0.0,0.3194446897687476,0.1660515684559578,0.0038324554722223153,0,0.0,0.3194446897687476,0.3194446897687476,0.0038324554722223153,0.201605,0.091622,0.091622,0.979721,1.0206575677075074,0.0,0.0,0.0,0.0,0.0,0.0,0.0,0.0,0.0,1.5530350605298997,-0.34003407442685196,0,[[0. 0. 0. 0. 0. 0. 0. 0.]],"[[0. 0. 0. 0.]
 [0. 0. 0. 0.]]"
0.4458169937133789,0.006988048553466797,4,0.0,0.30386928223862536,0.1660515684559578,0.003985167277777868,0,0.0,0.30386928223862536,0.30386928223862536,0.003985167277777868,0.201178,0.090158,0.090158,0.980453,1.0207484569507823,0.0,0.0,0.0,0.0,0.0,0.0,0.0,0.0,0.0,1.48932334113813,-0.3264358530518219,0,[[0. 0. 0. 0. 0. 0. 0. 0.]],"[[0. 0. 0. 0.]
 [0. 0. 0. 0.]]"
0.4689171314239502,0.0074651241302490234,4,0.0,0.28910476903284643,0.1660515684559578,0.0004727957500000879,0,0.0,0.28910476903284643,0.28910476903284643,0.0004727957500000879,0.201849,0.09235399999999999,0.09235399999999999,0.980453,1.0207592854882779,0.0,0.0,0.0,0.0,0.0,0.0,0.0,0.0,0.0,1.4321137467261282,-0.3143361392808606,0,[[0. 0. 0. 0. 0. 0. 0. 0.]],"[[0. 0. 0. 0.]
 [0. 0. 0. 0.]]"
0.49517393112182617,0.009778976440429688,4,0.0,0.27511594487211,0.1660515684559578,-0.0002907632777776892,0,0.0,0.27511594487211,0.27511594487211,-0.0002907632777776892,0.201117,0.093452,0.093452,0.980453,1.0207515941992957,0.0,0.0,0.0,0.0,0.0,0.0,0.0,0.0,0.0,1.3756764656505234,-0.3023178005168694,0,[[0. 0. 0. 0. 0. 0. 0. 0.]],"[[0. 0. 0. 0.]
 [0. 0. 0. 0.]]"
0.5103950500488281,0.0048370361328125,4,0.0,0.2617999984461431,0.1660515684559578,-0.0016651695277776907,0,0.0,0.2617999984461431,0.2617999984461431,-0.0016651695277776907,0.20069,0.093147,0.093147,0.979355,1.0207262004179902,0.0,0.0,0.0,0.0,0.0,0.0,0.0,0.0,0.0,1.3225178772104753,-0.2910175412196188,0,[[0. 0. 0. 0. 0. 0. 0. 0.]],"[[0. 0. 0. 0.]
 [0. 0. 0. 0.]]"
0.5230090618133545,0.005187034606933594,4,0.0,0.24911437691430008,0.1660515684559578,-0.0004434750833332418,0,0.0,0.24911437691430008,0.24911437691430008,-0.0004434750833332418,0.201422,0.09211,0.09211,0.979843,1.02072060282316,0.0,0.0,0.0,0.0,0.0,0.0,0.0,0.0,0.0,1.2696712290186116,-0.2797050650190089,0,[[0. 0. 0. 0. 0. 0. 0. 0.]],"[[0. 0. 0. 0.]
 [0. 0. 0. 0.]]"
0.5351850986480713,0.004927873611450195,4,0.0,0.23707059712875278,0.1660515684559578,-0.0009016104999999136,0,0.0,0.23707059712875278,0.23707059712875278,-0.0009016104999999136,0.20197099999999998,0.092293,0.092293,0.978928,1.0207096329490077,0.0,0.0,0.0,0.0,0.0,0.0,0.0,0.0,0.0,1.2209076020684921,-0.2693147163701037,0,[[0. 0. 0. 0. 0. 0. 0. 0.]],"[[0. 0. 0. 0.]
 [0. 0. 0. 0.]]"
0.5473470687866211,0.005115985870361328,4,0.0,0.225578792857858,0.1660515684559578,-0.003192287583333245,0,0.0,0.225578792857858,0.225578792857858,-0.003192287583333245,0.202703,0.091866,0.091866,0.979355,1.0206708175759536,0.0,0.0,0.0,0.0,0.0,0.0,0.0,0.0,0.0,1.175993165434112,-0.2598012385947029,0,[[0. 0. 0. 0. 0. 0. 0. 0.]],"[[0. 0. 0. 0.]
 [0. 0. 0. 0.]]"
0.5593259334564209,0.0049610137939453125,4,0.0,0.2146800959219211,0.1660515684559578,-0.0038031348055554692,0,0.0,0.2146800959219211,0.2146800959219211,-0.0038031348055554692,0.20319099999999998,0.092476,0.092476,0.980453,1.0206253210902425,0.0,0.0,0.0,0.0,0.0,0.0,0.0,0.0,0.0,1.1320367620467977,-0.2504411970236589,0,[[0. 0. 0. 0. 0. 0. 0. 0.]],"[[0. 0. 0. 0.]
 [0. 0. 0. 0.]]"
0.5714471340179443,0.0050640106201171875,4,0.0,0.20431773732913341,0.1660515684559578,-0.004413982027777694,0,0.0,0.20431773732913341,0.20431773732913341,-0.004413982027777694,0.203069,0.092415,0.092415,0.980026,1.0205718235906855,0.0,0.0,0.0,0.0,0.0,0.0,0.0,0.0,0.0,1.090269688449104,-0.24154827275456242,0,[[0. 0. 0. 0. 0. 0. 0. 0.]],"[[0. 0. 0. 0.]
 [0. 0. 0. 0.]]"
0.583575963973999,0.005120038986206055,4,0.0,0.1945595177279123,0.1660515684559578,-0.001970593138888796,0,0.0,0.1945595177279123,0.1945595177279123,-0.001970593138888796,0.20252,0.093574,0.093574,0.980148,1.0205484878022888,0.0,0.0,0.0,0.0,0.0,0.0,0.0,0.0,0.0,1.048308656985536,-0.23252129164923066,0,[[0. 0. 0. 0. 0. 0. 0. 0.]],"[[0. 0. 0. 0.]
 [0. 0. 0. 0.]]"
0.595757007598877,0.004878044128417969,4,0.0,0.18526012570970693,0.1660515684559578,-0.0024287285555554677,0,0.0,0.18526012570970693,0.18526012570970693,-0.0024287285555554677,0.203679,0.093208,0.093208,0.98088,1.0205182357045257,0.0,0.0,0.0,0.0,0.0,0.0,0.0,0.0,0.0,1.0107476038772076,-0.22452113386725264,0,[[0. 0. 0. 0. 0. 0. 0. 0.]],"[[0. 0. 0. 0.]
 [0. 0. 0. 0.]]"
0.6083371639251709,0.0048389434814453125,4,0.0,0.17643490314348534,0.1660515684559578,-0.004413982027777694,0,0.0,0.17643490314348534,0.17643490314348534,-0.004413982027777694,0.20374,0.093818,0.093818,0.980209,1.0204627513203584,0.0,0.0,0.0,0.0,0.0,0.0,0.0,0.0,0.0,0.9764521322712917,-0.21726406029462722,0,[[0. 0. 0. 0. 0. 0. 0. 0.]],"[[0. 0. 0. 0.]
 [0. 0. 0. 0.]]"
0.620945930480957,0.005290985107421875,4,0.0,0.16802779198437273,0.1660515684559578,-0.005482964666666576,0,0.0,0.16802779198437273,0.16802779198437273,-0.005482964666666576,0.20349599999999998,0.093513,0.093513,0.979355,1.0203944780631873,0.0,0.0,0.0,0.0,0.0,0.0,0.0,0.0,0.0,0.9430653739909655,-0.21017306843961,0,[[0. 0. 0. 0. 0. 0. 0. 0.]],"[[0. 0. 0. 0.]
 [0. 0. 0. 0.]]"
0.632957935333252,0.0051538944244384766,4,0.0,0.16002009054414962,0.1660515684559578,-0.003192287583333245,0,0.0,0.16002009054414962,0.16002009054414962,-0.003192287583333245,0.204045,0.092476,0.092476,0.978806,1.0203561992661052,0.0,0.0,0.0,0.0,0.0,0.0,0.0,0.0,0.0,0.9083829492755369,-0.20270369087112175,0,[[0. 0. 0. 0. 0. 0. 0. 0.]],"[[0. 0. 0. 0.]
 [0. 0. 0. 0.]]"
0.6449849605560303,0.005212068557739258,4,0.0,0.15237159993058738,0.1660515684559578,-0.00349771119444435,0,0.0,0.15237159993058738,0.15237159993058738,-0.00349771119444435,0.203679,0.09174399999999999,0.09174399999999999,0.9791719999999999,1.0203141455480569,0.0,0.0,0.0,0.0,0.0,0.0,0.0,0.0,0.0,0.8774278629856949,-0.19610835420567085,0,[[0. 0. 0. 0. 0. 0. 0. 0.]],"[[0. 0. 0. 0.]
 [0. 0. 0. 0.]]"
0.6563050746917725,0.0044858455657958984,4,0.0,0.1451326459619949,0.1660515684559578,-0.0018178813333332433,0,0.0,0.1451326459619949,0.1451326459619949,-0.0018178813333332433,0.203557,0.091927,0.091927,0.97966,1.020293252696782,0.0,0.0,0.0,0.0,0.0,0.0,0.0,0.0,0.0,0.8464154705769732,-0.1894405526754308,0,[[0. 0. 0. 0. 0. 0. 0. 0.]],"[[0. 0. 0. 0.]
 [0. 0. 0. 0.]]"
0.668226957321167,0.0045239925384521484,4,0.0,0.13824845497577712,0.1660515684559578,-0.002734152166666573,0,0.0,0.13824845497577712,0.13824845497577712,-0.002734152166666573,0.203252,0.09211,0.09211,0.98088,1.0202606838342125,0.0,0.0,0.0,0.0,0.0,0.0,0.0,0.0,0.0,0.8191122605210538,-0.18364291825279844,0,[[0. 0. 0. 0. 0. 0. 0. 0.]],"[[0. 0. 0. 0.]
 [0. 0. 0. 0.]]"
0.6809680461883545,0.004954099655151367,4,0.0,0.13170534678570833,0.1660515684559578,-0.0009016104999999136,0,0.0,0.13170534678570833,0.13170534678570833,-0.0009016104999999136,0.203557,0.091683,0.091683,0.9813069999999999,1.020249359704836,0.0,0.0,0.0,0.0,0.0,0.0,0.0,0.0,0.0,0.7908073037895782,-0.17754814385496898,0,[[0. 0. 0. 0. 0. 0. 0. 0.]],"[[0. 0. 0. 0.]
 [0. 0. 0. 0.]]"
0.6908299922943115,0.003030061721801758,4,0.0,0.12551145189394586,0.1660515684559578,-0.003192287583333245,0,0.0,0.12551145189394586,0.12551145189394586,-0.003192287583333245,0.20374,0.092415,0.092415,0.980026,1.0202172831171115,0.0,0.0,0.0,0.0,0.0,0.0,0.0,0.0,0.0,0.7675189003758354,-0.1726488152761571,0,[[0. 0. 0. 0. 0. 0. 0. 0.]],"[[0. 0. 0. 0.]
 [0. 0. 0. 0.]]"
0.7009451389312744,0.002981901168823242,4,0.0,0.11961832551399076,0.1660515684559578,-0.0024287285555554677,0,0.0,0.11961832551399076,0.11961832551399076,-0.0024287285555554677,0.20252,0.091988,0.091988,0.979233,1.0201931608851114,0.0,0.0,0.0,0.0,0.0,0.0,0.0,0.0,0.0,0.742798182679765,-0.1673512130625058,0,[[0. 0. 0. 0. 0. 0. 0. 0.]],"[[0. 0. 0. 0.]
 [0. 0. 0. 0.]]"
0.7115139961242676,0.0033850669860839844,4,0.0,0.11398051690482493,0.1660515684559578,-0.004566693833333246,0,0.0,0.11398051690482493,0.11398051690482493,-0.004566693833333246,0.20252,0.091622,0.091622,0.978684,1.020144160131716,0.0,0.0,0.0,0.0,0.0,0.0,0.0,0.0,0.0,0.7216467175478763,-0.16290318979723245,0,[[0. 0. 0. 0. 0. 0. 0. 0.]],"[[0. 0. 0. 0.]
 [0. 0. 0. 0.]]"
0.7243790626525879,0.0045928955078125,4,0.0,0.10860063179813889,0.1660515684559578,-0.004719405638888799,0,0.0,0.10860063179813889,0.10860063179813889,-0.004719405638888799,0.20227599999999998,0.09143899999999999,0.09143899999999999,0.979599,1.0200835301789406,0.0,0.0,0.0,0.0,0.0,0.0,0.0,0.0,0.0,0.6998190623899788,-0.15825065606020505,0,[[0. 0. 0. 0. 0. 0. 0. 0.]],"[[0. 0. 0. 0.]
 [0. 0. 0. 0.]]"
0.7368941307067871,0.0045969486236572266,4,0.0,0.10350585956527072,0.1660515684559578,-0.0041085584166665745,0,0.0,0.10350585956527072,0.10350585956527072,-0.0041085584166665745,0.202215,0.091561,0.091561,0.9794769999999999,1.0200328714267195,0.0,0.0,0.0,0.0,0.0,0.0,0.0,0.0,0.0,0.6784902238439049,-0.1536813818134689,0,[[0. 0. 0. 0. 0. 0. 0. 0.]],"[[0. 0. 0. 0.]
 [0. 0. 0. 0.]]"
0.7479090690612793,0.004148960113525391,4,0.0,0.09864851377936582,0.1660515684559578,-0.0068573709166665775,0,0.0,0.09864851377936582,0.09864851377936582,-0.0068573709166665775,0.201544,0.091683,0.091683,0.979294,1.0199561166200997,0.0,0.0,0.0,0.0,0.0,0.0,0.0,0.0,0.0,0.6610566130114032,-0.15004513792826105,0,[[0. 0. 0. 0. 0. 0. 0. 0.]],"[[0. 0. 0. 0.]
 [0. 0. 0. 0.]]"
0.7594389915466309,0.004514932632446289,4,0.0,0.09401087179464143,0.1660515684559578,-0.005482964666666576,0,0.0,0.09401087179464143,0.09401087179464143,-0.005482964666666576,0.201544,0.091012,0.091012,0.980209,1.0198942645289772,0.0,0.0,0.0,0.0,0.0,0.0,0.0,0.0,0.0,0.6409287649320611,-0.14570893959424722,0,[[0. 0. 0. 0. 0. 0. 0. 0.]],"[[0. 0. 0. 0.]
 [0. 0. 0. 0.]]"
0.7710599899291992,0.004405975341796875,4,0.0,0.08965909009550878,0.1660515684559578,-0.006551947305555472,0,0.0,0.08965909009550878,0.08965909009550878,-0.006551947305555472,0.202947,0.092415,0.092415,0.980026,1.0198165591297579,0.0,0.0,0.0,0.0,0.0,0.0,0.0,0.0,0.0,0.624095836350596,-0.14214988719507904,0,[[0. 0. 0. 0. 0. 0. 0. 0.]],"[[0. 0. 0. 0.]
 [0. 0. 0. 0.]]"
0.7832779884338379,0.005131959915161133,4,0.0,0.08554603548154252,0.1660515684559578,-0.004413982027777694,0,0.0,0.08554603548154252,0.08554603548154252,-0.004413982027777694,0.20191,0.092415,0.092415,0.980575,1.0197626827750845,0.0,0.0,0.0,0.0,0.0,0.0,0.0,0.0,0.0,0.6054443382940347,-0.13810551572738836,0,[[0. 0. 0. 0. 0. 0. 0. 0.]],"[[0. 0. 0. 0.]
 [0. 0. 0. 0.]]"
0.7958250045776367,0.00551605224609375,4,0.0,0.08165475175929512,0.1660515684559578,-0.00639923549999992,0,0.0,0.08165475175929512,0.08165475175929512,-0.00639923549999992,0.202398,0.093269,0.093269,0.980758,1.0196826081128803,0.0,0.0,0.0,0.0,0.0,0.0,0.0,0.0,0.0,0.5912891744420907,-0.13514559567773832,0,[[0. 0. 0. 0. 0. 0. 0. 0.]],"[[0. 0. 0. 0.]
 [0. 0. 0. 0.]]"
0.8072309494018555,0.004411935806274414,4,0.0,0.07795636254308382,0.1660515684559578,-0.006246523694444353,0,0.0,0.07795636254308382,0.07795636254308382,-0.006246523694444353,0.20166599999999998,0.092964,0.092964,0.9806969999999999,1.0196156646485854,0.0,0.0,0.0,0.0,0.0,0.0,0.0,0.0,0.0,0.5760593701299676,-0.13189151773537303,0,[[0. 0. 0. 0. 0. 0. 0. 0.]],"[[0. 0. 0. 0.]
 [0. 0. 0. 0.]]"
0.8217120170593262,0.0053730010986328125,4,0.0,0.07433101066205541,0.1660515684559578,-0.008537200777777698,0,0.0,0.07433101066205541,0.07433101066205541,-0.008537200777777698,0.20252,0.091866,0.091866,0.9800869999999999,1.019486148375399,0.0,0.0,0.0,0.0,0.0,0.0,0.0,0.0,0.0,0.5632557433523757,-0.1292292301894004,0,[[0. 0. 0. 0. 0. 0. 0. 0.]],"[[0. 0. 0. 0.]
 [0. 0. 0. 0.]]"
0.831805944442749,0.0032019615173339844,4,0.0,0.0709076942052212,0.1660515684559578,-0.005788388277777695,0,0.0,0.0709076942052212,0.0709076942052212,-0.005788388277777695,0.202093,0.090829,0.090829,0.979111,1.019427639380957,0.0,0.0,0.0,0.0,0.0,0.0,0.0,0.0,0.0,0.5468877422781665,-0.12565353285397202,0,[[0. 0. 0. 0. 0. 0. 0. 0.]],"[[0. 0. 0. 0.]
 [0. 0. 0. 0.]]"
0.8456230163574219,0.00510716438293457,4,0.0,0.06760644838248193,0.1660515684559578,-0.00639923549999992,0,0.0,0.06760644838248193,0.06760644838248193,-0.00639923549999992,0.20197099999999998,0.090402,0.090402,0.97905,1.0193393488423719,0.0,0.0,0.0,0.0,0.0,0.0,0.0,0.0,0.0,0.5339440872049976,-0.12291039814965647,0,[[0. 0. 0. 0. 0. 0. 0. 0.]],"[[0. 0. 0. 0.]
 [0. 0. 0. 0.]]"
0.8580629825592041,0.0052111148834228516,4,0.0,0.06451821834133371,0.1660515684559578,-0.007315506333333249,0,0.0,0.06451821834133371,0.06451821834133371,-0.007315506333333249,0.202459,0.0915,0.0915,0.979843,1.0192483808180415,0.0,0.0,0.0,0.0,0.0,0.0,0.0,0.0,0.0,0.5221359661790383,-0.12041880935588394,0,[[0. 0. 0. 0. 0. 0. 0. 0.]],"[[0. 0. 0. 0.]
 [0. 0. 0. 0.]]"
0.8704781532287598,0.00486302375793457,4,0.0,0.061616717814859716,0.1660515684559578,-0.00701008272222213,0,0.0,0.061616717814859716,0.061616717814859716,-0.00701008272222213,0.202154,0.091988,0.091988,0.978928,1.0191613778573148,0.0,0.0,0.0,0.0,0.0,0.0,0.0,0.0,0.0,0.5100260540809272,-0.11782576063019173,0,[[0. 0. 0. 0. 0. 0. 0. 0.]],"[[0. 0. 0. 0.]
 [0. 0. 0. 0.]]"
0.8826191425323486,0.005052089691162109,4,0.0,0.05895512524141052,0.1660515684559578,-0.004719405638888799,0,0.0,0.05895512524141052,0.05895512524141052,-0.004719405638888799,0.202703,0.093391,0.093391,0.9794769999999999,1.0191041178605293,0.0,0.0,0.0,0.0,0.0,0.0,0.0,0.0,0.0,0.4971664125956891,-0.11501251101090265,0,[[0. 0. 0. 0. 0. 0. 0. 0.]],"[[0. 0. 0. 0.]
 [0. 0. 0. 0.]]"
0.8945629596710205,0.004848003387451172,4,0.0,0.05633782023814549,0.1660515684559578,-0.0060938118888888,0,0.0,0.05633782023814549,0.05633782023814549,-0.0060938118888888,0.20258099999999998,0.091988,0.091988,0.980514,1.0190313388442849,0.0,0.0,0.0,0.0,0.0,0.0,0.0,0.0,0.0,0.48767961207530025,-0.1130301022453346,0,[[0. 0. 0. 0. 0. 0. 0. 0.]],"[[0. 0. 0. 0.]
 [0. 0. 0. 0.]]"
0.9061019420623779,0.0042650699615478516,4,0.0,0.053833668331073455,0.1660515684559578,-0.006551947305555472,0,0.0,0.053833668331073455,0.053833668331073455,-0.006551947305555472,0.202642,0.091805,0.091805,0.981856,1.018955787589194,0.0,0.0,0.0,0.0,0.0,0.0,0.0,0.0,0.0,0.47785668694711614,-0.11094817549669873,0,[[0. 0. 0. 0. 0. 0. 0. 0.]],"[[0. 0. 0. 0.]
 [0. 0. 0. 0.]]"
0.9182560443878174,0.0041959285736083984,4,0.0,0.05145614065600625,0.1660515684559578,-0.005330252861111023,0,0.0,0.05145614065600625,0.05145614065600625,-0.005330252861111023,0.20288599999999998,0.0915,0.0915,0.9803919999999999,1.0188910196713066,0.0,0.0,0.0,0.0,0.0,0.0,0.0,0.0,0.0,0.46708761393351855,-0.10861340721516909,0,[[0. 0. 0. 0. 0. 0. 0. 0.]],"[[0. 0. 0. 0.]
 [0. 0. 0. 0.]]"
0.9304790496826172,0.00510716438293457,4,0.0,0.049214781186337195,0.1660515684559578,-0.005330252861111023,0,0.0,0.049214781186337195,0.049214781186337195,-0.005330252861111023,0.203069,0.091805,0.091805,0.979965,1.0188267308568244,0.0,0.0,0.0,0.0,0.0,0.0,0.0,0.0,0.0,0.457938398482349,-0.1066613226746188,0,[[0. 0. 0. 0. 0. 0. 0. 0.]],"[[0. 0. 0. 0.]
 [0. 0. 0. 0.]]"
0.9427411556243896,0.00453495979309082,4,0.0,0.046985187709632246,0.1660515684559578,-0.0076209299444443546,0,0.0,0.046985187709632246,0.046985187709632246,-0.0076209299444443546,0.20319099999999998,0.090402,0.090402,0.9803919999999999,1.01873212479576,0.0,0.0,0.0,0.0,0.0,0.0,0.0,0.0,0.0,0.4508322488527764,-0.10521465379236071,0,[[0. 0. 0. 0. 0. 0. 0. 0.]],"[[0. 0. 0. 0.]
 [0. 0. 0. 0.]]"
0.9547040462493896,0.004909992218017578,4,0.0,0.04489323687414637,0.1660515684559578,-0.00960618341666658,0,0.0,0.04489323687414637,0.04489323687414637,-0.00960618341666658,0.203435,0.091256,0.091256,0.97966,1.018617360523827,0.0,0.0,0.0,0.0,0.0,0.0,0.0,0.0,0.0,0.44402195068263534,-0.1038218406521925,0,[[0. 0. 0. 0. 0. 0. 0. 0.]],"[[0. 0. 0. 0.]
 [0. 0. 0. 0.]]"
0.9646821022033691,0.002827882766723633,4,0.0,0.042862072284199144,0.1660515684559578,-0.011896860499999912,0,0.0,0.042862072284199144,0.042862072284199144,-0.011896860499999912,0.203374,0.090402,0.090402,0.979111,1.018498440251638,0.0,0.0,0.0,0.0,0.0,0.0,0.0,0.0,0.0,0.4377257865378765,-0.10254799097518912,0,[[0. 0. 0. 0. 0. 0. 0. 0.]],"[[0. 0. 0. 0.]
 [0. 0. 0. 0.]]"
0.9782540798187256,0.005028963088989258,4,0.0,0.04089196520727785,0.1660515684559578,-0.010980589666666582,0,0.0,0.04089196520727785,0.04089196520727785,-0.010980589666666582,0.202825,0.090158,0.090158,0.979233,1.0183496632602307,0.0,0.0,0.0,0.0,0.0,0.0,0.0,0.0,0.0,0.4288858068266974,-0.10063408309486802,0,[[0. 0. 0. 0. 0. 0. 0. 0.]],"[[0. 0. 0. 0.]
 [0. 0. 0. 0.]]"
0.9904680252075195,0.004261016845703125,4,0.0,0.03907870210430702,0.1660515684559578,-0.008231777166666579,0,0.0,0.03907870210430702,0.03907870210430702,-0.008231777166666579,0.203374,0.090463,0.090463,0.979721,1.0182491541478107,0.0,0.0,0.0,0.0,0.0,0.0,0.0,0.0,0.0,0.419090033555175,-0.09846064198119683,0,[[0. 0. 0. 0. 0. 0. 0. 0.]],"[[0. 0. 0. 0.]
 [0. 0. 0. 0.]]"
1.0016779899597168,0.004153013229370117,4,0.0,0.03737859247419083,0.1660515684559578,-0.010675166055555477,0,0.0,0.03737859247419083,0.03737859247419083,-0.010675166055555477,0.202825,0.091317,0.091317,0.98088,1.0181326342729544,0.0,0.0,0.0,0.0,0.0,0.0,0.0,0.0,0.0,0.4142782361768716,-0.09750813177524337,0,[[0. 0. 0. 0. 0. 0. 0. 0.]],"[[0. 0. 0. 0.]
 [0. 0. 0. 0.]]"
1.0140490531921387,0.005474090576171875,4,0.0,0.035726042586283,0.1660515684559578,-0.011591436888888806,0,0.0,0.035726042586283,0.035726042586283,-0.011591436888888806,0.20227599999999998,0.091073,0.091073,0.980636,1.01798775457719,0.0,0.0,0.0,0.0,0.0,0.0,0.0,0.0,0.0,0.40833055263036044,-0.09626693100277708,0,[[0. 0. 0. 0. 0. 0. 0. 0.]],"[[0. 0. 0. 0.]
 [0. 0. 0. 0.]]"
1.0259461402893066,0.004255056381225586,4,0.0,0.03419881806970644,0.1660515684559578,-0.010217030638888805,0,0.0,0.03419881806970644,0.03419881806970644,-0.010217030638888805,0.202947,0.0915,0.0915,0.980331,1.017864783962587,0.0,0.0,0.0,0.0,0.0,0.0,0.0,0.0,0.0,0.40089940936087537,-0.09463971261436985,0,[[0. 0. 0. 0. 0. 0. 0. 0.]],"[[0. 0. 0. 0.]
 [0. 0. 0. 0.]]"
1.0382640361785889,0.0050580501556396484,4,0.0,0.03275163899262678,0.1660515684559578,-0.010217030638888805,0,0.0,0.03275163899262678,0.03275163899262678,-0.010217030638888805,0.20258099999999998,0.091561,0.091561,0.97966,1.0177390217722868,0.0,0.0,0.0,0.0,0.0,0.0,0.0,0.0,0.0,0.3949920333456476,-0.09337930974637643,0,[[0. 0. 0. 0. 0. 0. 0. 0.]],"[[0. 0. 0. 0.]
 [0. 0. 0. 0.]]"
1.0501770973205566,0.004791975021362305,4,0.0,0.031319955711772186,0.1660515684559578,-0.010980589666666582,0,0.0,0.031319955711772186,0.031319955711772186,-0.010980589666666582,0.203618,0.090585,0.090585,0.98027,1.0176081438867983,0.0,0.0,0.0,0.0,0.0,0.0,0.0,0.0,0.0,0.3898129234449197,-0.09229745882239633,0,[[0. 0. 0. 0. 0. 0. 0. 0.]],"[[0. 0. 0. 0.]
 [0. 0. 0. 0.]]"
1.061933994293213,0.004660129547119141,4,0.0,0.029999716397057754,0.1660515684559578,-0.008384488972222132,0,0.0,0.029999716397057754,0.029999716397057754,-0.008384488972222132,0.202459,0.090768,0.090768,0.980514,1.0175097002489681,0.0,0.0,0.0,0.0,0.0,0.0,0.0,0.0,0.0,0.38216267269272974,-0.0905864219443962,0,[[0. 0. 0. 0. 0. 0. 0. 0.]],"[[0. 0. 0. 0.]
 [0. 0. 0. 0.]]"
1.074242115020752,0.00467681884765625,4,0.0,0.028706108522327738,0.1660515684559578,-0.008842624388888803,0,0.0,0.028706108522327738,0.028706108522327738,-0.008842624388888803,0.203069,0.090158,0.090158,0.98027,1.017401068660298,0.0,0.0,0.0,0.0,0.0,0.0,0.0,0.0,0.0,0.377281180795093,-0.08955880367379272,0,[[0. 0. 0. 0. 0. 0. 0. 0.]],"[[0. 0. 0. 0.]
 [0. 0. 0. 0.]]"
1.0883431434631348,0.006677865982055664,4,0.0,0.02739600942770256,0.1660515684559578,-0.01082787786111103,0,0.0,0.02739600942770256,0.02739600942770256,-0.01082787786111103,0.202398,0.089365,0.089365,0.9803919999999999,1.017248276020783,0.0,0.0,0.0,0.0,0.0,0.0,0.0,0.0,0.0,0.3736623965810166,-0.08884693471816527,0,[[0. 0. 0. 0. 0. 0. 0. 0.]],"[[0. 0. 0. 0.]
 [0. 0. 0. 0.]]"
1.099694013595581,0.004334926605224609,4,0.0,0.026190299937455575,0.1660515684559578,-0.012049572305555464,0,0.0,0.026190299937455575,0.026190299937455575,-0.012049572305555464,0.203069,0.089853,0.089853,0.9803919999999999,1.017111597694174,0.0,0.0,0.0,0.0,0.0,0.0,0.0,0.0,0.0,0.3698047177140074,-0.08806092653782377,0,[[0. 0. 0. 0. 0. 0. 0. 0.]],"[[0. 0. 0. 0.]
 [0. 0. 0. 0.]]"
1.11167311668396,0.004951953887939453,4,0.0,0.02501570222703028,0.1660515684559578,-0.01311855494444436,0,0.0,0.02501570222703028,0.02501570222703028,-0.01311855494444436,0.201605,0.089609,0.089609,0.980148,1.016954436661295,0.0,0.0,0.0,0.0,0.0,0.0,0.0,0.0,0.0,0.3659410344651448,-0.0872690035664735,0,[[0. 0. 0. 0. 0. 0. 0. 0.]],"[[0. 0. 0. 0.]
 [0. 0. 0. 0.]]"
1.1243000030517578,0.005061149597167969,4,0.0,0.023896117475414445,0.1660515684559578,-0.011438725083333254,0,0.0,0.023896117475414445,0.023896117475414445,-0.011438725083333254,0.202093,0.089243,0.089243,0.979538,1.0168101375397043,0.0,0.0,0.0,0.0,0.0,0.0,0.0,0.0,0.0,0.3599078692393081,-0.08593079160365048,0,[[0. 0. 0. 0. 0. 0. 0. 0.]],"[[0. 0. 0. 0.]
 [0. 0. 0. 0.]]"
1.136242151260376,0.004153013229370117,4,0.0,0.022879547109851954,0.1660515684559578,-0.010369742444444358,0,0.0,0.022879547109851954,0.022879547109851954,-0.010369742444444358,0.202703,0.089853,0.089853,0.980026,1.0166863227896008,0.0,0.0,0.0,0.0,0.0,0.0,0.0,0.0,0.0,0.35482721799465144,-0.08481434361319572,0,[[0. 0. 0. 0. 0. 0. 0. 0.]],"[[0. 0. 0. 0.]
 [0. 0. 0. 0.]]"
1.1484711170196533,0.0050868988037109375,4,0.0,0.021897013081058063,0.1660515684559578,-0.009758895222222133,0,0.0,0.021897013081058063,0.021897013081058063,-0.009758895222222133,0.202398,0.089487,0.089487,0.980758,1.0165669815940799,0.0,0.0,0.0,0.0,0.0,0.0,0.0,0.0,0.0,0.35028451028780494,-0.08382657279501005,0,[[0. 0. 0. 0. 0. 0. 0. 0.]],"[[0. 0. 0. 0.]
 [0. 0. 0. 0.]]"
1.1598279476165771,0.004143953323364258,4,0.0,0.02089325343259104,0.1660515684559578,-0.012813131333333241,0,0.0,0.02089325343259104,0.02089325343259104,-0.012813131333333241,0.202459,0.088572,0.088572,0.980819,1.0164216299960938,0.0,0.0,0.0,0.0,0.0,0.0,0.0,0.0,0.0,0.34884721911121364,-0.0836125849213375,0,[[0. 0. 0. 0. 0. 0. 0. 0.]],"[[0. 0. 0. 0.]
 [0. 0. 0. 0.]]"
1.1710529327392578,0.0041959285736083984,4,0.0,0.019994107826034592,0.1660515684559578,-0.012354995916666583,0,0.0,0.019994107826034592,0.019994107826034592,-0.012354995916666583,0.20227599999999998,0.089304,0.089304,0.979599,1.016289667348162,0.0,0.0,0.0,0.0,0.0,0.0,0.0,0.0,0.0,0.3447779049007369,-0.08273045144083556,0,[[0. 0. 0. 0. 0. 0. 0. 0.]],"[[0. 0. 0. 0.]
 [0. 0. 0. 0.]]"
1.182448148727417,0.004211902618408203,4,0.0,0.019077222067686177,0.1660515684559578,-0.013271266749999913,0,0.0,0.019077222067686177,0.019077222067686177,-0.013271266749999913,0.202154,0.088572,0.088572,0.980026,1.0161317399623488,0.0,0.0,0.0,0.0,0.0,0.0,0.0,0.0,0.0,0.34183319776747817,-0.08212996831932348,0,[[0. 0. 0. 0. 0. 0. 0. 0.]],"[[0. 0. 0. 0.]
 [0. 0. 0. 0.]]"
1.1944129467010498,0.004787921905517578,4,0.0,0.018221424961471173,0.1660515684559578,-0.012507707722222136,0,0.0,0.018221424961471173,0.018221424961471173,-0.012507707722222136,0.203252,0.08881599999999999,0.08881599999999999,0.980819,1.0159817478103703,0.0,0.0,0.0,0.0,0.0,0.0,0.0,0.0,0.0,0.33767482691831346,-0.08121956625540158,0,[[0. 0. 0. 0. 0. 0. 0. 0.]],"[[0. 0. 0. 0.]
 [0. 0. 0. 0.]]"
1.2065839767456055,0.00506901741027832,4,0.0,0.017379294046048266,0.1660515684559578,-0.012660419527777689,0,0.0,0.017379294046048266,0.017379294046048266,-0.012660419527777689,0.203008,0.088267,0.088267,0.980453,1.0158278476281128,0.0,0.0,0.0,0.0,0.0,0.0,0.0,0.0,0.0,0.33437025621970795,-0.0805191338771491,0,[[0. 0. 0. 0. 0. 0. 0. 0.]],"[[0. 0. 0. 0.]
 [0. 0. 0. 0.]]"
1.2175970077514648,0.003885984420776367,4,0.0,0.016556688229170682,0.1660515684559578,-0.011438725083333254,0,0.0,0.016556688229170682,0.016556688229170682,-0.011438725083333254,0.203618,0.087352,0.087352,0.9813069999999999,1.015702273493176,0.0,0.0,0.0,0.0,0.0,0.0,0.0,0.0,0.0,0.3299483645854589,-0.07953860571738983,0,[[0. 0. 0. 0. 0. 0. 0. 0.]],"[[0. 0. 0. 0.]
 [0. 0. 0. 0.]]"
1.2311439514160156,0.00495600700378418,4,0.0,0.01579011180376058,0.1660515684559578,-0.011744148694444359,0,0.0,0.01579011180376058,0.01579011180376058,-0.011744148694444359,0.203435,0.088145,0.088145,0.979965,1.0155448533863476,0.0,0.0,0.0,0.0,0.0,0.0,0.0,0.0,0.0,0.3270852093204791,-0.07893698780963072,0,[[0. 0. 0. 0. 0. 0. 0. 0.]],"[[0. 0. 0. 0.]
 [0. 0. 0. 0.]]"
1.2443721294403076,0.00612187385559082,4,0.0,0.015064246942365004,0.1660515684559578,-0.012507707722222136,0,0.0,0.015064246942365004,0.015064246942365004,-0.012507707722222136,0.202642,0.088328,0.088328,0.9794769999999999,1.0153774489282057,0.0,0.0,0.0,0.0,0.0,0.0,0.0,0.0,0.0,0.3247872458295182,-0.078469860781441,0,[[0. 0. 0. 0. 0. 0. 0. 0.]],"[[0. 0. 0. 0.]
 [0. 0. 0. 0.]]"
1.2559680938720703,0.004196882247924805,4,0.0,0.014363163372497514,0.1660515684559578,-0.012660419527777689,0,0.0,0.014363163372497514,0.014363163372497514,-0.012660419527777689,0.203252,0.087779,0.087779,0.98027,1.0152307146156512,0.0,0.0,0.0,0.0,0.0,0.0,0.0,0.0,0.0,0.32205842952049873,-0.07789227185889937,0,[[0. 0. 0. 0. 0. 0. 0. 0.]],"[[0. 0. 0. 0.]
 [0. 0. 0. 0.]]"
1.267397165298462,0.004251003265380859,4,0.0,0.013701892572648354,0.1660515684559578,-0.01220228411111103,0,0.0,0.013701892572648354,0.013701892572648354,-0.01220228411111103,0.203374,0.087718,0.087718,0.980026,1.0150911927447042,0.0,0.0,0.0,0.0,0.0,0.0,0.0,0.0,0.0,0.31896011879537167,-0.07721731252384063,0,[[0. 0. 0. 0. 0. 0. 0. 0.]],"[[0. 0. 0. 0.]
 [0. 0. 0. 0.]]"
1.2794289588928223,0.004289150238037109,4,0.0,0.01307096174257416,0.1660515684559578,-0.01311855494444436,0,0.0,0.01307096174257416,0.01307096174257416,-0.01311855494444436,0.203252,0.088023,0.088023,0.980209,1.0149335969605202,0.0,0.0,0.0,0.0,0.0,0.0,0.0,0.0,0.0,0.31718267790543925,-0.07686587833996311,0,[[0. 0. 0. 0. 0. 0. 0. 0.]],"[[0. 0. 0. 0.]
 [0. 0. 0. 0.]]"
1.2915971279144287,0.0041980743408203125,4,0.0,0.012426763137449608,0.1660515684559578,-0.015256520222222139,0,0.0,0.012426763137449608,0.012426763137449608,-0.015256520222222139,0.203252,0.087657,0.087657,0.980209,1.0147479239442716,0.0,0.0,0.0,0.0,0.0,0.0,0.0,0.0,0.0,0.3164150978327533,-0.07676697846267785,0,[[0. 0. 0. 0. 0. 0. 0. 0.]],"[[0. 0. 0. 0.]
 [0. 0. 0. 0.]]"
1.3037559986114502,0.005139827728271484,4,0.0,0.011780566429602799,0.1660515684559578,-0.015256520222222139,0,0.0,0.011780566429602799,0.011780566429602799,-0.015256520222222139,0.203557,0.086986,0.086986,0.980453,1.0145626183092482,0.0,0.0,0.0,0.0,0.0,0.0,0.0,0.0,0.0,0.31377732687993065,-0.07620418136537489,0,[[0. 0. 0. 0. 0. 0. 0. 0.]],"[[0. 0. 0. 0.]
 [0. 0. 0. 0.]]"
1.3158280849456787,0.0049588680267333984,4,0.0,0.011177041423859313,0.1660515684559578,-0.01434024938888881,0,0.0,0.011177041423859313,0.011177041423859313,-0.01434024938888881,0.203862,0.086925,0.086925,0.979965,1.0143895186754806,0.0,0.0,0.0,0.0,0.0,0.0,0.0,0.0,0.0,0.3105157267058622,-0.0754804813792535,0,[[0. 0. 0. 0. 0. 0. 0. 0.]],"[[0. 0. 0. 0.]
 [0. 0. 0. 0.]]"
1.3281769752502441,0.005274057388305664,4,0.0,0.01059109036257915,0.1660515684559578,-0.013576690361111032,0,0.0,0.01059109036257915,0.01059109036257915,-0.013576690361111032,0.203374,0.08662,0.08662,0.9806969999999999,1.014221858378577,0.0,0.0,0.0,0.0,0.0,0.0,0.0,0.0,0.0,0.3074588657381621,-0.07480509841859206,0,[[0. 0. 0. 0. 0. 0. 0. 0.]],"[[0. 0. 0. 0.]
 [0. 0. 0. 0.]]"
1.340346097946167,0.0048220157623291016,4,0.0,0.010114963965538858,0.1660515684559578,-0.01311855494444436,0,0.0,0.010114963965538858,0.010114963965538858,-0.01311855494444436,0.203069,0.087962,0.087962,0.979294,1.0140623890977625,0.0,0.0,0.0,0.0,0.0,0.0,0.0,0.0,0.0,0.3051163133167785,-0.07429138833042274,0,[[0. 0. 0. 0. 0. 0. 0. 0.]],"[[0. 0. 0. 0.]
 [0. 0. 0. 0.]]"
1.3524551391601562,0.005052089691162109,4,0.0,0.009559293763602593,0.1660515684559578,-0.014645672999999915,0,0.0,0.009559293763602593,0.009559293763602593,-0.014645672999999915,0.204167,0.086315,0.086315,0.980209,1.0138851906954218,0.0,0.0,0.0,0.0,0.0,0.0,0.0,0.0,0.0,0.30417809574038274,-0.07413754632384807,0,[[0. 0. 0. 0. 0. 0. 0. 0.]],"[[0. 0. 0. 0.]
 [0. 0. 0. 0.]]"
1.364349126815796,0.0048370361328125,4,0.0,0.009048648065255535,0.1660515684559578,-0.012354995916666583,0,0.0,0.009048648065255535,0.009048648065255535,-0.012354995916666583,0.203923,0.08601,0.08601,0.979416,1.0137383495159447,0.0,0.0,0.0,0.0,0.0,0.0,0.0,0.0,0.0,0.3000986060561564,-0.07319763750475282,0,[[0. 0. 0. 0. 0. 0. 0. 0.]],"[[0. 0. 0. 0.]
 [0. 0. 0. 0.]]"
1.376004934310913,0.004584074020385742,4,0.0,0.008514503782738039,0.1660515684559578,-0.014798384805555467,0,0.0,0.008514503782738039,0.008514503782738039,-0.014798384805555467,0.203374,0.085522,0.085522,0.97966,1.0135659505966594,0.0,0.0,0.0,0.0,0.0,0.0,0.0,0.0,0.0,0.300046271993817,-0.07326061051809789,0,[[0. 0. 0. 0. 0. 0. 0. 0.]],"[[0. 0. 0. 0.]
 [0. 0. 0. 0.]]"
1.388442039489746,0.005068063735961914,4,0.0,0.00798825565782927,0.1660515684559578,-0.013882113972222138,0,0.0,0.00798825565782927,0.00798825565782927,-0.013882113972222138,0.203069,0.085095,0.085095,0.98088,1.0134010752067195,0.0,0.0,0.0,0.0,0.0,0.0,0.0,0.0,0.0,0.29710011556793753,-0.07260421388356325,0,[[0. 0. 0. 0. 0. 0. 0. 0.]],"[[0. 0. 0. 0.]
 [0. 0. 0. 0.]]"
1.3992021083831787,0.0036978721618652344,4,0.0,0.007529429355955397,0.1660515684559578,-0.01403482577777769,0,0.0,0.007529429355955397,0.007529429355955397,-0.01403482577777769,0.20313,0.085827,0.085827,0.981246,1.0132429455714378,0.0,0.0,0.0,0.0,0.0,0.0,0.0,0.0,0.0,0.29536019192405244,-0.07223761595737266,0,[[0. 0. 0. 0. 0. 0. 0. 0.]],"[[0. 0. 0. 0.]
 [0. 0. 0. 0.]]"
1.4119369983673096,0.004961967468261719,4,0.0,0.007055679932014072,0.1660515684559578,-0.01403482577777769,0,0.0,0.007055679932014072,0.007055679932014072,-0.01403482577777769,0.203679,0.085522,0.085522,0.981795,1.0130637484925238,0.0,0.0,0.0,0.0,0.0,0.0,0.0,0.0,0.0,0.2934263497143748,-0.07182500970697632,0,[[0. 0. 0. 0. 0. 0. 0. 0.]],"[[0. 0. 0. 0.]
 [0. 0. 0. 0.]]"
1.4237160682678223,0.004297971725463867,4,0.0,0.006644601601731734,0.1660515684559578,-0.01220228411111103,0,0.0,0.006644601601731734,0.006644601601731734,-0.01220228411111103,0.203923,0.085522,0.085522,0.980514,1.0129202264011223,0.0,0.0,0.0,0.0,0.0,0.0,0.0,0.0,0.0,0.29015230083119503,-0.07107085150814033,0,[[0. 0. 0. 0. 0. 0. 0. 0.]],"[[0. 0. 0. 0.]
 [0. 0. 0. 0.]]"
1.4360840320587158,0.005302906036376953,4,0.0,0.0062385380253731654,0.1660515684559578,-0.012507707722222136,0,0.0,0.0062385380253731654,0.0062385380253731654,-0.012507707722222136,0.20288599999999998,0.085461,0.085461,0.981185,1.0127655166145573,0.0,0.0,0.0,0.0,0.0,0.0,0.0,0.0,0.0,0.2887607567796429,-0.07078321784468773,0,[[0. 0. 0. 0. 0. 0. 0. 0.]],"[[0. 0. 0. 0.]
 [0. 0. 0. 0.]]"
1.4477651119232178,0.004590034484863281,4,0.0,0.005823832772950976,0.1660515684559578,-0.01220228411111103,0,0.0,0.005823832772950976,0.005823832772950976,-0.01220228411111103,0.203374,0.084485,0.084485,0.9791719999999999,1.012622992396331,0.0,0.0,0.0,0.0,0.0,0.0,0.0,0.0,0.0,0.28680192756365847,-0.07035601296318125,0,[[0. 0. 0. 0. 0. 0. 0. 0.]],"[[0. 0. 0. 0.]
 [0. 0. 0. 0.]]"
1.4593279361724854,0.004160881042480469,4,0.0,0.005488802013903906,0.1660515684559578,-0.012813131333333241,0,0.0,0.005488802013903906,0.005488802013903906,-0.012813131333333241,0.203984,0.085827,0.085827,0.979599,1.012474821136198,0.0,0.0,0.0,0.0,0.0,0.0,0.0,0.0,0.0,0.285966343979902,-0.07019626688890811,0,[[0. 0. 0. 0. 0. 0. 0. 0.]],"[[0. 0. 0. 0.]
 [0. 0. 0. 0.]]"
1.4706649780273438,0.004273176193237305,4,0.0,0.005095811319543484,0.1660515684559578,-0.012965843138888808,0,0.0,0.005095811319543484,0.005095811319543484,-0.012965843138888808,0.203984,0.084424,0.084424,0.981124,1.0123278422863384,0.0,0.0,0.0,0.0,0.0,0.0,0.0,0.0,0.0,0.2844951608774831,-0.06988700767762866,0,[[0. 0. 0. 0. 0. 0. 0. 0.]],"[[0. 0. 0. 0.]
 [0. 0. 0. 0.]]"
1.4833481311798096,0.005090951919555664,4,0.0,0.004703145322807826,0.1660515684559578,-0.012965843138888808,0,0.0,0.004703145322807826,0.004703145322807826,-0.012965843138888808,0.204533,0.084363,0.084363,0.9810019999999999,1.01216366963757,0.0,0.0,0.0,0.0,0.0,0.0,0.0,0.0,0.0,0.28289230071466714,-0.06954502004369477,0,[[0. 0. 0. 0. 0. 0. 0. 0.]],"[[0. 0. 0. 0.]
 [0. 0. 0. 0.]]"
1.4954500198364258,0.004987001419067383,4,0.0,0.004299731007631154,0.1660515684559578,-0.014798384805555467,0,0.0,0.004299731007631154,0.004299731007631154,-0.014798384805555467,0.20410599999999998,0.084058,0.084058,0.981368,1.0119846094580345,0.0,0.0,0.0,0.0,0.0,0.0,0.0,0.0,0.0,0.28284159567169614,-0.06958980586246036,0,[[0. 0. 0. 0. 0. 0. 0. 0.]],"[[0. 0. 0. 0.]
 [0. 0. 0. 0.]]"
1.5068719387054443,0.004384040832519531,4,0.0,0.003966682127059342,0.1660515684559578,-0.01434024938888881,0,0.0,0.003966682127059342,0.003966682127059342,-0.01434024938888881,0.203374,0.084729,0.084729,0.980941,1.0118209017675002,0.0,0.0,0.0,0.0,0.0,0.0,0.0,0.0,0.0,0.28108308478497174,-0.06920070738245923,0,[[0. 0. 0. 0. 0. 0. 0. 0.]],"[[0. 0. 0. 0.]
 [0. 0. 0. 0.]]"
1.519650936126709,0.00545191764831543,4,0.0,0.0035844750563602474,0.1660515684559578,-0.014492961194444362,0,0.0,0.0035844750563602474,0.0035844750563602474,-0.014492961194444362,0.203374,0.083814,0.083814,0.9810019999999999,1.0116359139434163,0.0,0.0,0.0,0.0,0.0,0.0,0.0,0.0,0.0,0.27965592036744336,-0.0689008400359499,0,[[0. 0. 0. 0. 0. 0. 0. 0.]],"[[0. 0. 0. 0.]
 [0. 0. 0. 0.]]"
1.531696081161499,0.004994869232177734,4,0.0,0.0032210795886482412,0.1660515684559578,-0.013882113972222138,0,0.0,0.0032210795886482412,0.0032210795886482412,-0.013882113972222138,0.203618,0.083326,0.083326,0.979233,1.0114687581330475,0.0,0.0,0.0,0.0,0.0,0.0,0.0,0.0,0.0,0.2776405324261772,-0.06845230035400181,0,[[0. 0. 0. 0. 0. 0. 0. 0.]],"[[0. 0. 0. 0.]
 [0. 0. 0. 0.]]"
1.5441710948944092,0.005321979522705078,4,0.0,0.0028402260979386203,0.166023265819439,-0.01403482577777769,0,0.0,0.0028402260979386203,0.0028402260979386203,-0.01403482577777769,0.203557,0.082777,0.082777,0.9794769999999999,1.011293770527464,0.0,0.0,0.0,0.0,0.0,0.0,0.0,0.0,0.0,0.27617587274983146,-0.06814293418741375,0,[[0. 0. 0. 0. 0. 0. 0. 0.]],"[[0. 0. 0. 0.]
 [0. 0. 0. 0.]]"
1.5563609600067139,0.004948854446411133,4,0.0,0.002501811560830507,0.1659383579098825,-0.012354995916666583,0,0.0,0.002501811560830507,0.002501811560830507,-0.012354995916666583,0.204228,0.082838,0.082838,0.980026,1.0111431382828318,0.0,0.0,0.0,0.0,0.0,0.0,0.0,0.0,0.0,0.27320237780190115,-0.06745303973020503,0,[[0. 0. 0. 0. 0. 0. 0. 0.]],"[[0. 0. 0. 0.]
 [0. 0. 0. 0.]]"
1.5689339637756348,0.005450010299682617,4,0.0,0.0021252193392113316,0.16582514736380718,-0.016020079249999916,0,0.0,0.0021252193392113316,0.0021252193392113316,-0.016020079249999916,0.203374,0.08265499999999999,0.08265499999999999,0.980331,1.0109446014768646,0.0,0.0,0.0,0.0,0.0,0.0,0.0,0.0,0.0,0.2746851078117383,-0.06787460967533376,0,[[0. 0. 0. 0. 0. 0. 0. 0.]],"[[0. 0. 0. 0.]
 [0. 0. 0. 0.]]"
1.579897165298462,0.003971099853515625,4,0.0,0.0018664341773551335,0.1657119368177319,-0.012049572305555464,0,0.0,0.0018664341773551335,0.0018664341773551335,-0.012049572305555464,0.203313,0.08326499999999999,0.08326499999999999,0.981124,1.0108217185370973,0.0,0.0,0.0,0.0,0.0,0.0,0.0,0.0,0.0,0.2699986018043705,-0.06674822153087628,0,[[0. 0. 0. 0. 0. 0. 0. 0.]],"[[0. 0. 0. 0.]
 [0. 0. 0. 0.]]"
1.5923709869384766,0.0047719478607177734,4,0.0,0.0015267533643044376,0.16557042363513774,-0.013576690361111032,0,0.0,0.0015267533643044376,0.0015267533643044376,-0.013576690361111032,0.204045,0.082472,0.082472,0.980575,1.010639763934241,0.0,0.0,0.0,0.0,0.0,0.0,0.0,0.0,0.0,0.2697269487538514,-0.06672910431366391,0,[[0. 0. 0. 0. 0. 0. 0. 0.]],"[[0. 0. 0. 0.]
 [0. 0. 0. 0.]]"
1.6046209335327148,0.005103111267089844,4,0.0,0.0012394460715277314,0.16540060781602478,-0.013882113972222138,0,0.0,0.0012394460715277314,0.0012394460715277314,-0.013882113972222138,0.203862,0.083021,0.083021,0.981429,1.010469861028145,0.0,0.0,0.0,0.0,0.0,0.0,0.0,0.0,0.0,0.2685620437315631,-0.06648083375507302,0,[[0. 0. 0. 0. 0. 0. 0. 0.]],"[[0. 0. 0. 0.]
 [0. 0. 0. 0.]]"
1.6169531345367432,0.0052258968353271484,4,0.0,0.0009829498765532851,0.165202489360393,-0.012049572305555464,0,0.0,0.0009829498765532851,0.0009829498765532851,-0.012049572305555464,0.203435,0.082716,0.082716,0.980819,1.010330229420055,0.0,0.0,0.0,0.0,0.0,0.0,0.0,0.0,0.0,0.2656178542182135,-0.06578656304329757,0,[[0. 0. 0. 0. 0. 0. 0. 0.]],"[[0. 0. 0. 0.]
 [0. 0. 0. 0.]]"
1.6302831172943115,0.0051839351654052734,4,0.0,0.0006603872797457334,0.16497606826824238,-0.011591436888888806,0,0.0,0.0006603872797457334,0.0006603872797457334,-0.011591436888888806,0.204228,0.081618,0.081618,0.9813069999999999,1.0101675769232175,0.0,0.0,0.0,0.0,0.0,0.0,0.0,0.0,0.0,0.2635579837652626,-0.06532117583177528,0,[[0. 0. 0. 0. 0. 0. 0. 0.]],"[[0. 0. 0. 0.]
 [0. 0. 0. 0.]]"
1.64198899269104,0.004317045211791992,4,0.0,0.0003450482439220626,0.16469304190305412,-0.012660419527777689,0,0.0,0.0003450482439220626,0.0003450482439220626,-0.012660419527777689,0.20435,0.081069,0.081069,0.980148,1.010019502405883,0.0,0.0,0.0,0.0,0.0,0.0,0.0,0.0,0.0,0.26277158345643303,-0.06517083662484276,0,[[0. 0. 0. 0. 0. 0. 0. 0.]],"[[0. 0. 0. 0.]
 [0. 0. 0. 0.]]"
1.6542460918426514,0.0048220157623291016,4,0.0,2.733697463740687e-05,0.164381712901347,-0.01052245424999991,0,0.0,2.733697463740687e-05,2.733697463740687e-05,-0.01052245424999991,0.20435,0.080398,0.080398,0.98088,1.009890382133404,0.0,0.0,0.0,0.0,0.0,0.0,0.0,0.0,0.0,0.2591394271855648,-0.06431451815086597,0,[[0. 0. 0. 0. 0. 0. 0. 0.]],"[[0. 0. 0. 0.]
 [0. 0. 0. 0.]]"
1.6666810512542725,0.005235195159912109,4,0.0,-0.0002870454423940911,0.16407038389963993,-0.010980589666666582,0,0.0,-0.0002870454423940911,-0.0002870454423940911,-0.010980589666666582,0.20435,0.080215,0.080215,0.979965,1.0097538494184897,0.0,0.0,0.0,0.0,0.0,0.0,0.0,0.0,0.0,0.2577819013284246,-0.06402228953909485,0,[[0. 0. 0. 0. 0. 0. 0. 0.]],"[[0. 0. 0. 0.]
 [0. 0. 0. 0.]]"
1.6788671016693115,0.0049288272857666016,4,0.0,-0.000599330401556627,0.163730752261414,-0.011438725083333254,0,0.0,-0.000599330401556627,-0.000599330401556627,-0.011438725083333254,0.203618,0.079971,0.079971,0.979843,1.0096146038069878,0.0,0.0,0.0,0.0,0.0,0.0,0.0,0.0,0.0,0.2563899167173563,-0.06372120997856072,0,[[0. 0. 0. 0. 0. 0. 0. 0.]],"[[0. 0. 0. 0.]
 [0. 0. 0. 0.]]"
1.6917610168457031,0.005300045013427734,4,0.0,-0.0009015838063163473,0.1633062127136316,-0.011438725083333254,0,0.0,-0.0009015838063163473,-0.0009015838063163473,-0.011438725083333254,0.204289,0.080154,0.080154,0.981429,1.009466977495808,0.0,0.0,0.0,0.0,0.0,0.0,0.0,0.0,0.0,0.25451081173505635,-0.06329780052318663,0,[[0. 0. 0. 0. 0. 0. 0. 0.]],"[[0. 0. 0. 0.]
 [0. 0. 0. 0.]]"
1.7039690017700195,0.005023002624511719,4,0.0,-0.00108397746477382,0.16282506789281154,-0.008384488972222132,0,0.0,-0.00108397746477382,-0.00108397746477382,-0.008384488972222132,0.20410599999999998,0.081313,0.081313,0.9803919999999999,1.0093646957435192,0.0,0.0,0.0,0.0,0.0,0.0,0.0,0.0,0.0,0.2503748828840085,-0.06229720175450597,0,[[0. 0. 0. 0. 0. 0. 0. 0.]],"[[0. 0. 0. 0.]
 [0. 0. 0. 0.]]"
1.7165491580963135,0.005383014678955078,4,0.0,-0.0012912569192604678,0.162259015162435,-0.010675166055555477,0,0.0,-0.0012912569192604678,-0.0012912569192604678,-0.010675166055555477,0.204777,0.081313,0.081313,0.981185,1.0092304870211004,0.0,0.0,0.0,0.0,0.0,0.0,0.0,0.0,0.0,0.25066339526918097,-0.06239828838747661,0,[[0. 0. 0. 0. 0. 0. 0. 0.]],"[[0. 0. 0. 0.]
 [0. 0. 0. 0.]]"
1.7273509502410889,0.003607034683227539,4,0.0,-0.0014203546716428208,0.1617495677050961,-0.009758895222222133,0,0.0,-0.0014203546716428208,-0.0014203546716428208,-0.009758895222222133,0.20435,0.082167,0.082167,0.981734,1.0091250432162222,0.0,0.0,0.0,0.0,0.0,0.0,0.0,0.0,0.0,0.24856403404939822,-0.06189558632752331,0,[[0. 0. 0. 0. 0. 0. 0. 0.]],"[[0. 0. 0. 0.]
 [0. 0. 0. 0.]]"
1.7405221462249756,0.004957914352416992,4,0.0,-0.0015509291202683907,0.1610986070651631,-0.007773641749999907,0,0.0,-0.0015509291202683907,-0.0015509291202683907,-0.007773641749999907,0.204289,0.081862,0.081862,0.9806969999999999,1.0090227736735842,0.0,0.0,0.0,0.0,0.0,0.0,0.0,0.0,0.0,0.24531252482641308,-0.061107131138762594,0,[[0. 0. 0. 0. 0. 0. 0. 0.]],"[[0. 0. 0. 0.]
 [0. 0. 0. 0.]]"
1.753119945526123,0.0054471492767333984,4,0.0,-0.0016448617355399005,0.1603910411521924,-0.006551947305555472,0,0.0,-0.0016448617355399005,-0.0016448617355399005,-0.006551947305555472,0.204716,0.082106,0.082106,0.981063,1.008941372331647,0.0,0.0,0.0,0.0,0.0,0.0,0.0,0.0,0.0,0.24278955858243573,-0.0604942893677646,0,[[0. 0. 0. 0. 0. 0. 0. 0.]],"[[0. 0. 0. 0.]
 [0. 0. 0. 0.]]"
1.7684340476989746,0.0054302215576171875,4,0.0,-0.0018685845931151167,0.1594287515105523,-0.0060938118888888,0,0.0,-0.0018685845931151167,-0.0018685845931151167,-0.0060938118888888,0.204411,0.079544,0.079544,0.979904,1.0088471197789783,0.0,0.0,0.0,0.0,0.0,0.0,0.0,0.0,0.0,0.24001461666950993,-0.05983736511168612,0,[[0. 0. 0. 0. 0. 0. 0. 0.]],"[[0. 0. 0. 0.]
 [0. 0. 0. 0.]]"
1.7809579372406006,0.005136966705322266,4,0.0,-0.0020819293904655147,0.15855136977846868,-0.006551947305555472,0,0.0,-0.0020819293904655147,-0.0020819293904655147,-0.006551947305555472,0.204533,0.0793,0.0793,0.980209,1.008766104277215,0.0,0.0,0.0,0.0,0.0,0.0,0.0,0.0,0.0,0.23820911447037837,-0.059419579896195375,0,[[0. 0. 0. 0. 0. 0. 0. 0.]],"[[0. 0. 0. 0.]
 [0. 0. 0. 0.]]"
1.7939691543579102,0.005339860916137695,4,0.0,-0.0022861496305833263,0.1576173827733474,-0.009453471611111028,0,0.0,-0.0022861496305833263,-0.0022861496305833263,-0.009453471611111028,0.203984,0.080215,0.080215,0.981856,1.008641942355687,0.0,0.0,0.0,0.0,0.0,0.0,0.0,0.0,0.0,0.23848285711478523,-0.059516565619072544,0,[[0. 0. 0. 0. 0. 0. 0. 0.]],"[[0. 0. 0. 0.]
 [0. 0. 0. 0.]]"
1.8059420585632324,0.004275083541870117,4,0.0,-0.002438493086148301,0.1566833957682261,-0.007468218138888802,0,0.0,-0.002438493086148301,-0.002438493086148301,-0.007468218138888802,0.204655,0.08033699999999999,0.08033699999999999,0.9810019999999999,1.0085523533808158,0.0,0.0,0.0,0.0,0.0,0.0,0.0,0.0,0.0,0.2347122813011379,-0.05860237394101447,0,[[0. 0. 0. 0. 0. 0. 0. 0.]],"[[0. 0. 0. 0.]
 [0. 0. 0. 0.]]"
1.8184311389923096,0.004374027252197266,4,0.0,-0.00257734968173152,0.15560789558051066,-0.006246523694444353,0,0.0,-0.00257734968173152,-0.00257734968173152,-0.006246523694444353,0.203374,0.080154,0.080154,0.98027,1.0084744085512098,0.0,0.0,0.0,0.0,0.0,0.0,0.0,0.0,0.0,0.23144666831701888,-0.05781159602874087,0,[[0. 0. 0. 0. 0. 0. 0. 0.]],"[[0. 0. 0. 0.]
 [0. 0. 0. 0.]]"
1.8305549621582031,0.004418134689331055,4,0.0,-0.0027372833877109108,0.1545890006658329,-0.007773641749999907,0,0.0,-0.0027372833877109108,-0.0027372833877109108,-0.007773641749999907,0.204045,0.07991,0.07991,0.980819,1.0083825235001884,0.0,0.0,0.0,0.0,0.0,0.0,0.0,0.0,0.0,0.2305751043604553,-0.057618018526841945,0,[[0. 0. 0. 0. 0. 0. 0. 0.]],"[[0. 0. 0. 0.]
 [0. 0. 0. 0.]]"
1.8431921005249023,0.005240917205810547,4,0.0,-0.002826587546774043,0.15351350047811746,-0.005941100083333248,0,0.0,-0.002826587546774043,-0.002826587546774043,-0.005941100083333248,0.203618,0.080886,0.080886,0.980941,1.0083057579822345,0.0,0.0,0.0,0.0,0.0,0.0,0.0,0.0,0.0,0.22697975421846991,-0.056738352845137056,0,[[0. 0. 0. 0. 0. 0. 0. 0.]],"[[0. 0. 0. 0.]
 [0. 0. 0. 0.]]"
1.855355978012085,0.004971981048583984,4,0.0,-0.0028859917477959355,0.15243800029040205,-0.007162794527777697,0,0.0,-0.0028859917477959355,-0.0028859917477959355,-0.007162794527777697,0.20410599999999998,0.081679,0.081679,0.981856,1.00821860842647,0.0,0.0,0.0,0.0,0.0,0.0,0.0,0.0,0.0,0.2261665050014699,-0.0565449524465431,0,[[0. 0. 0. 0. 0. 0. 0. 0.]],"[[0. 0. 0. 0.]
 [0. 0. 0. 0.]]"
1.8676819801330566,0.005198001861572266,4,0.0,-0.0029114652084347697,0.15136250010268662,-0.003192287583333245,0,0.0,-0.0029114652084347697,-0.0029114652084347697,-0.003192287583333245,0.204533,0.081374,0.081374,0.9816119999999999,1.0081793082322892,0.0,0.0,0.0,0.0,0.0,0.0,0.0,0.0,0.0,0.2209696767372667,-0.05525872233180987,0,[[0. 0. 0. 0. 0. 0. 0. 0.]],"[[0. 0. 0. 0.]
 [0. 0. 0. 0.]]"
1.8791179656982422,0.004316091537475586,4,0.0,-0.003014493763430376,0.15031530255149,-0.003955846611111022,0,0.0,-0.003014493763430376,-0.003014493763430376,-0.003955846611111022,0.204533,0.079788,0.079788,0.980209,1.0081340371605372,0.0,0.0,0.0,0.0,0.0,0.0,0.0,0.0,0.0,0.219622366319641,-0.05493897189892533,0,[[0. 0. 0. 0. 0. 0. 0. 0.]],"[[0. 0. 0. 0.]
 [0. 0. 0. 0.]]"
1.8913869857788086,0.004258155822753906,4,0.0,-0.003103330189415525,0.14926810500029342,-0.0038031348055554692,0,0.0,-0.003103330189415525,-0.003103330189415525,-0.0038031348055554692,0.20313,0.080093,0.080093,0.981734,1.0080873918377846,0.0,0.0,0.0,0.0,0.0,0.0,0.0,0.0,0.0,0.21753497324007426,-0.05443351464233005,0,[[0. 0. 0. 0. 0. 0. 0. 0.]],"[[0. 0. 0. 0.]
 [0. 0. 0. 0.]]"
1.903810977935791,0.00533294677734375,4,0.0,-0.003215762730912783,0.14824921008561565,-0.0009016104999999136,0,0.0,-0.003215762730912783,-0.003215762730912783,-0.0009016104999999136,0.203252,0.07869,0.07869,0.97966,1.0080761973297068,0.0,0.0,0.0,0.0,0.0,0.0,0.0,0.0,0.0,0.21300023699373283,-0.05332398248906613,0,[[0. 0. 0. 0. 0. 0. 0. 0.]],"[[0. 0. 0. 0.]
 [0. 0. 0. 0.]]"
1.916409969329834,0.005242109298706055,4,0.0,-0.003313709045917548,0.1472586178074567,-0.002276016749999915,0,0.0,-0.003313709045917548,-0.003313709045917548,-0.002276016749999915,0.203313,0.079239,0.079239,0.980209,1.0080479087199172,0.0,0.0,0.0,0.0,0.0,0.0,0.0,0.0,0.0,0.2122917232724465,-0.053162058634981926,0,[[0. 0. 0. 0. 0. 0. 0. 0.]],"[[0. 0. 0. 0.]
 [0. 0. 0. 0.]]"
1.9290649890899658,0.005450010299682617,4,0.0,-0.003357746387736572,0.14623972289277892,-0.004566693833333246,0,0.0,-0.003357746387736572,-0.003357746387736572,-0.004566693833333246,0.204228,0.080825,0.080825,0.980453,1.0079901486939729,0.0,0.0,0.0,0.0,0.0,0.0,0.0,0.0,0.0,0.21255825992587102,-0.053234475720358665,0,[[0. 0. 0. 0. 0. 0. 0. 0.]],"[[0. 0. 0. 0.]
 [0. 0. 0. 0.]]"
1.9413061141967773,0.005158901214599609,4,0.0,-0.0033492963405318647,0.14527743325113882,-0.003192287583333245,0,0.0,-0.0033492963405318647,-0.0033492963405318647,-0.003192287583333245,0.203679,0.081496,0.081496,0.980758,1.007951081396597,0.0,0.0,0.0,0.0,0.0,0.0,0.0,0.0,0.0,0.20993303152547596,-0.052581692323761225,0,[[0. 0. 0. 0. 0. 0. 0. 0.]],"[[0. 0. 0. 0.]
 [0. 0. 0. 0.]]"
1.9530560970306396,0.0047838687896728516,4,0.0,-0.0032876095558031287,0.1444000515190552,-0.0024287285555554677,0,0.0,-0.0032876095558031287,-0.0032876095558031287,-0.0024287285555554677,0.204167,0.08234999999999999,0.08234999999999999,0.980331,1.0079225560378955,0.0,0.0,0.0,0.0,0.0,0.0,0.0,0.0,0.0,0.2081861867455674,-0.05213935277896046,0,[[0. 0. 0. 0. 0. 0. 0. 0.]],"[[0. 0. 0. 0.]
 [0. 0. 0. 0.]]"
1.965942144393921,0.004342079162597656,4,0.0,-0.0032045076794380675,0.14352266978697154,-0.002276016749999915,0,0.0,-0.0032045076794380675,-0.0032045076794380675,-0.002276016749999915,0.205509,0.082899,0.082899,0.980453,1.0078928608930966,0.0,0.0,0.0,0.0,0.0,0.0,0.0,0.0,0.0,0.2070587681332206,-0.051847709301844735,0,[[0. 0. 0. 0. 0. 0. 0. 0.]],"[[0. 0. 0. 0.]
 [0. 0. 0. 0.]]"
1.977471113204956,0.0042989253997802734,4,0.0,-0.003151078304897728,0.14281510387400087,-0.0024287285555554677,0,0.0,-0.003151078304897728,-0.003151078304897728,-0.0024287285555554677,0.204655,0.08234999999999999,0.08234999999999999,0.9810019999999999,1.0078665093031531,0.0,0.0,0.0,0.0,0.0,0.0,0.0,0.0,0.0,0.20633435488429572,-0.05166031157514141,0,[[0. 0. 0. 0. 0. 0. 0. 0.]],"[[0. 0. 0. 0.]
 [0. 0. 0. 0.]]"
1.9899399280548096,0.004052877426147461,4,0.0,-0.0030872035712457002,0.14202263005147372,-0.001512457722222138,0,0.0,-0.0030872035712457002,-0.0030872035712457002,-0.001512457722222138,0.204655,0.082411,0.082411,0.9803919999999999,1.0078482194109257,0.0,0.0,0.0,0.0,0.0,0.0,0.0,0.0,0.0,0.20459250051604538,-0.05121889949546048,0,[[0. 0. 0. 0. 0. 0. 0. 0.]],"[[0. 0. 0. 0.]
 [0. 0. 0. 0.]]"
2.002579927444458,0.004335880279541016,4,0.0,-0.0030533577757822054,0.14114524831939007,-0.0005961868888887945,0,0.0,-0.0030533577757822054,-0.0030533577757822054,-0.0005961868888887945,0.204411,0.081618,0.081618,0.979721,1.0078400689868723,0.0,0.0,0.0,0.0,0.0,0.0,0.0,0.0,0.0,0.20259900651657742,-0.05071930096845155,0,[[0. 0. 0. 0. 0. 0. 0. 0.]],"[[0. 0. 0. 0.]
 [0. 0. 0. 0.]]"
2.014944076538086,0.00465083122253418,4,0.0,-0.0030947589754272476,0.1404093797699006,-0.0038031348055554692,0,0.0,-0.0030947589754272476,-0.0030947589754272476,-0.0038031348055554692,0.205082,0.080886,0.080886,0.97966,1.0077930627823972,0.0,0.0,0.0,0.0,0.0,0.0,0.0,0.0,0.0,0.20410452436990278,-0.051098858293627175,0,[[0. 0. 0. 0. 0. 0. 0. 0.]],"[[0. 0. 0. 0.]
 [0. 0. 0. 0.]]"
2.0272469520568848,0.00492095947265625,4,0.0,-0.0031716539773139103,0.1397018138569299,-0.005482964666666576,0,0.0,-0.0031716539773139103,-0.0031716539773139103,-0.005482964666666576,0.205021,0.080581,0.080581,0.980453,1.0077256601474958,0.0,0.0,0.0,0.0,0.0,0.0,0.0,0.0,0.0,0.20417815256572627,-0.05112806829034575,0,[[0. 0. 0. 0. 0. 0. 0. 0.]],"[[0. 0. 0. 0.]
 [0. 0. 0. 0.]]"
2.040205955505371,0.00452113151550293,4,0.0,-0.003159782270374153,0.13902255058047805,-0.0025814403611110204,0,0.0,-0.003159782270374153,-0.003159782270374153,-0.0025814403611110204,0.204594,0.081618,0.081618,0.980636,1.0076939059317807,0.0,0.0,0.0,0.0,0.0,0.0,0.0,0.0,0.0,0.20066707225764988,-0.0502549298453382,0,[[0. 0. 0. 0. 0. 0. 0. 0.]],"[[0. 0. 0. 0.]
 [0. 0. 0. 0.]]"
2.053025960922241,0.0036878585815429688,4,0.0,-0.0030898724109536613,0.1383432873040262,1.4660333333416098e-05,0,0.0,-0.0030898724109536613,-0.0030898724109536613,1.4660333333416098e-05,0.20374,0.082228,0.082228,0.9813069999999999,1.0076941008259814,0.0,0.0,0.0,0.0,0.0,0.0,0.0,0.0,0.0,0.197658908276141,-0.0494983614455512,0,[[0. 0. 0. 0. 0. 0. 0. 0.]],"[[0. 0. 0. 0.]
 [0. 0. 0. 0.]]"
2.065490961074829,0.004581928253173828,4,0.0,-0.003103886692933311,0.1376923266640932,-0.0025814403611110204,0,0.0,-0.003103886692933311,-0.003103886692933311,-0.0025814403611110204,0.204655,0.08113,0.08113,0.980453,1.0076641689972246,0.0,0.0,0.0,0.0,0.0,0.0,0.0,0.0,0.0,0.1988732711529495,-0.04980175932641003,0,[[0. 0. 0. 0. 0. 0. 0. 0.]],"[[0. 0. 0. 0.]
 [0. 0. 0. 0.]]"
2.078191041946411,0.005118131637573242,4,0.0,-0.0030930878302487526,0.1369564581146037,-0.0013597459166665854,0,0.0,-0.0030930878302487526,-0.0030930878302487526,-0.0013597459166665854,0.203679,0.081374,0.081374,0.980331,1.007645529768528,0.0,0.0,0.0,0.0,0.0,0.0,0.0,0.0,0.0,0.19673479758836132,-0.04926945444767042,0,[[0. 0. 0. 0. 0. 0. 0. 0.]],"[[0. 0. 0. 0.]
 [0. 0. 0. 0.]]"
2.0899391174316406,0.0045888423919677734,4,0.0,-0.003063110571815802,0.13627719483815184,-0.0016651695277776907,0,0.0,-0.003063110571815802,-0.003063110571815802,-0.0016651695277776907,0.203618,0.08174,0.08174,0.979721,1.0076259342796097,0.0,0.0,0.0,0.0,0.0,0.0,0.0,0.0,0.0,0.1960906759849934,-0.049105320306113816,0,[[0. 0. 0. 0. 0. 0. 0. 0.]],"[[0. 0. 0. 0.]
 [0. 0. 0. 0.]]"
2.1029140949249268,0.004549980163574219,4,0.0,-0.0030391148563026537,0.13554132628866233,-0.0033449993888887974,0,0.0,-0.0030391148563026537,-0.0030391148563026537,-0.0033449993888887974,0.204594,0.082106,0.082106,0.979538,1.007582583230954,0.0,0.0,0.0,0.0,0.0,0.0,0.0,0.0,0.0,0.19653311889944114,-0.04921172213179001,0,[[0. 0. 0. 0. 0. 0. 0. 0.]],"[[0. 0. 0. 0.]
 [0. 0. 0. 0.]]"
2.115823984146118,0.0048100948333740234,4,0.0,-0.0029979921226655536,0.13480545773917285,-0.0009016104999999136,0,0.0,-0.0029979921226655536,-0.0029979921226655536,-0.0009016104999999136,0.204655,0.081923,0.081923,0.980209,1.0075709452589638,0.0,0.0,0.0,0.0,0.0,0.0,0.0,0.0,0.0,0.19345440739527378,-0.0484417377439966,0,[[0. 0. 0. 0. 0. 0. 0. 0.]],"[[0. 0. 0. 0.]
 [0. 0. 0. 0.]]"
2.127380132675171,0.004274845123291016,4,0.0,-0.0030041811187536834,0.13415449709923982,-0.0025814403611110204,0,0.0,-0.0030041811187536834,-0.0030041811187536834,-0.0025814403611110204,0.203984,0.081435,0.081435,0.9813069999999999,1.0075411297527788,0.0,0.0,0.0,0.0,0.0,0.0,0.0,0.0,0.0,0.19390269819602562,-0.04855388367721752,0,[[0. 0. 0. 0. 0. 0. 0. 0.]],"[[0. 0. 0. 0.]
 [0. 0. 0. 0.]]"
2.1401021480560303,0.005449056625366211,4,0.0,-0.003004600835472366,0.13344693118626916,-0.0016651695277776907,0,0.0,-0.003004600835472366,-0.003004600835472366,-0.0016651695277776907,0.204411,0.081313,0.081313,0.9803919999999999,1.0075200002274494,0.0,0.0,0.0,0.0,0.0,0.0,0.0,0.0,0.0,0.1920274559720185,-0.04808850824644512,0,[[0. 0. 0. 0. 0. 0. 0. 0.]],"[[0. 0. 0. 0.]
 [0. 0. 0. 0.]]"
2.152127981185913,0.004862070083618164,4,0.0,-0.0030248293509542844,0.13268276000026083,-0.002734152166666573,0,0.0,-0.0030248293509542844,-0.0030248293509542844,-0.002734152166666573,0.203252,0.08113,0.08113,0.980514,1.0074870591455827,0.0,0.0,0.0,0.0,0.0,0.0,0.0,0.0,0.0,0.1917143453895983,-0.04801367096028921,0,[[0. 0. 0. 0. 0. 0. 0. 0.]],"[[0. 0. 0. 0.]
 [0. 0. 0. 0.]]"
2.164591073989868,0.005253791809082031,4,0.0,-0.0030478772196995733,0.1319185888142525,-0.003192287583333245,0,0.0,-0.0030478772196995733,-0.0030478772196995733,-0.003192287583333245,0.203862,0.081252,0.081252,0.981246,1.0074472741302753,0.0,0.0,0.0,0.0,0.0,0.0,0.0,0.0,0.0,0.19085771632829815,-0.047804333336713384,0,[[0. 0. 0. 0. 0. 0. 0. 0.]],"[[0. 0. 0. 0.]
 [0. 0. 0. 0.]]"
2.176464080810547,0.004714012145996094,4,0.0,-0.002979751168692938,0.13123932553780066,-0.0009016104999999136,0,0.0,-0.002979751168692938,-0.002979751168692938,-0.0009016104999999136,0.20288599999999998,0.082411,0.082411,0.980209,1.0074365738168338,0.0,0.0,0.0,0.0,0.0,0.0,0.0,0.0,0.0,0.18810827580008374,-0.04711223377900299,0,[[0. 0. 0. 0. 0. 0. 0. 0.]],"[[0. 0. 0. 0.]
 [0. 0. 0. 0.]]"
2.186933994293213,0.003042936325073242,4,0.0,-0.00291340460325999,0.1306732728074241,-0.0012070341111110189,0,0.0,-0.00291340460325999,-0.00291340460325999,-0.0012070341111110189,0.203069,0.082533,0.082533,0.980819,1.0074239446197213,0.0,0.0,0.0,0.0,0.0,0.0,0.0,0.0,0.0,0.1877846957380277,-0.04702248585519747,0,[[0. 0. 0. 0. 0. 0. 0. 0.]],"[[0. 0. 0. 0.]
 [0. 0. 0. 0.]]"
2.200500011444092,0.004995107650756836,4,0.0,-0.002838079638773068,0.12996570689445344,-0.0013597459166665854,0,0.0,-0.002838079638773068,-0.002838079638773068,-0.0013597459166665854,0.20258099999999998,0.082899,0.082899,0.9810019999999999,1.0074055037945027,0.0,0.0,0.0,0.0,0.0,0.0,0.0,0.0,0.0,0.18714966015143797,-0.046854157824015696,0,[[0. 0. 0. 0. 0. 0. 0. 0.]],"[[0. 0. 0. 0.]
 [0. 0. 0. 0.]]"
2.2125630378723145,0.004895210266113281,4,0.0,-0.0027684302132369764,0.12934304889103923,0.00032008394444453525,0,0.0,-0.0027684302132369764,-0.0027684302132369764,0.00032008394444453525,0.203435,0.082472,0.082472,0.9813069999999999,1.007409362762479,0.0,0.0,0.0,0.0,0.0,0.0,0.0,0.0,0.0,0.18502448905282645,-0.04631678529488037,0,[[0. 0. 0. 0. 0. 0. 0. 0.]],"[[0. 0. 0. 0.]
 [0. 0. 0. 0.]]"
2.2249650955200195,0.005162954330444336,4,0.0,-0.0027473900274957064,0.12869208825110623,-0.0013597459166665854,0,0.0,-0.0027473900274957064,-0.0027473900274957064,-0.0013597459166665854,0.20288599999999998,0.081862,0.081862,0.98027,1.0073927344762228,0.0,0.0,0.0,0.0,0.0,0.0,0.0,0.0,0.0,0.18558392920489278,-0.04645264615005839,0,[[0. 0. 0. 0. 0. 0. 0. 0.]],"[[0. 0. 0. 0.]
 [0. 0. 0. 0.]]"
2.237136125564575,0.005204916000366211,4,0.0,-0.002713209739947361,0.12809773288421086,-0.003192287583333245,0,0.0,-0.002713209739947361,-0.002713209739947361,-0.003192287583333245,0.203252,0.082594,0.082594,0.9806969999999999,1.0073549374558648,0.0,0.0,0.0,0.0,0.0,0.0,0.0,0.0,0.0,0.186416050772985,-0.04665431783775322,0,[[0. 0. 0. 0. 0. 0. 0. 0.]],"[[0. 0. 0. 0.]
 [0. 0. 0. 0.]]"
2.2482550144195557,0.00417017936706543,4,0.0,-0.00268558146383631,0.12753168015383431,-0.003192287583333245,0,0.0,-0.00268558146383631,-0.00268558146383631,-0.003192287583333245,0.203252,0.082472,0.082472,0.980575,1.0073178969695724,0.0,0.0,0.0,0.0,0.0,0.0,0.0,0.0,0.0,0.18566841794592737,-0.046464826266593394,0,[[0. 0. 0. 0. 0. 0. 0. 0.]],"[[0. 0. 0. 0.]
 [0. 0. 0. 0.]]"
2.2605509757995605,0.005173921585083008,4,0.0,-0.0026819513790700827,0.12699393005997658,-0.002734152166666573,0,0.0,-0.0026819513790700827,-0.0026819513790700827,-0.002734152166666573,0.20319099999999998,0.081801,0.081801,0.978745,1.0072843711579165,0.0,0.0,0.0,0.0,0.0,0.0,0.0,0.0,0.0,0.18446683779234657,-0.04616607782677603,0,[[0. 0. 0. 0. 0. 0. 0. 0.]],"[[0. 0. 0. 0.]
 [0. 0. 0. 0.]]"
2.2725770473480225,0.0048558712005615234,4,0.0,-0.002677244296073377,0.12645617996611888,-0.003039575777777692,0,0.0,-0.002677244296073377,-0.002677244296073377,-0.003039575777777692,0.204045,0.08204499999999999,0.08204499999999999,0.980575,1.0072478293218887,0.0,0.0,0.0,0.0,0.0,0.0,0.0,0.0,0.0,0.1839346663092971,-0.04603332345570057,0,[[0. 0. 0. 0. 0. 0. 0. 0.]],"[[0. 0. 0. 0.]
 [0. 0. 0. 0.]]"
2.2850069999694824,0.0053369998931884766,4,0.0,-0.0026685647489532623,0.1259750351452988,-0.005024829249999918,0,0.0,-0.0026685647489532623,-0.0026685647489532623,-0.005024829249999918,0.203069,0.082533,0.082533,0.979843,1.0071863053822474,0.0,0.0,0.0,0.0,0.0,0.0,0.0,0.0,0.0,0.1849677787429901,-0.046288507616223634,0,[[0. 0. 0. 0. 0. 0. 0. 0.]],"[[0. 0. 0. 0.]
 [0. 0. 0. 0.]]"
2.296010971069336,0.0040740966796875,4,0.0,-0.002565838595676397,0.1255221929609976,-0.004261270222222141,0,0.0,-0.002565838595676397,-0.002565838595676397,-0.004261270222222141,0.20374,0.084241,0.084241,0.980941,1.0071403390169258,0.0,0.0,0.0,0.0,0.0,0.0,0.0,0.0,0.0,0.18403376486997755,-0.046042076365665166,0,[[0. 0. 0. 0. 0. 0. 0. 0.]],"[[0. 0. 0. 0.]
 [0. 0. 0. 0.]]"
2.3099000453948975,0.0053369998931884766,4,0.0,-0.0024694189392585678,0.12495614023062106,-0.0038031348055554692,0,0.0,-0.0024694189392585678,-0.0024694189392585678,-0.0038031348055554692,0.20380099999999998,0.084424,0.084424,0.98149,1.0070860109031292,0.0,0.0,0.0,0.0,0.0,0.0,0.0,0.0,0.0,0.18316793060833134,-0.04581346416127398,0,[[0. 0. 0. 0. 0. 0. 0. 0.]],"[[0. 0. 0. 0.]
 [0. 0. 0. 0.]]"
2.321877956390381,0.004148960113525391,4,0.0,-0.002379687808735859,0.12441839013676334,-0.0041085584166665745,0,0.0,-0.002379687808735859,-0.002379687808735859,-0.0041085584166665745,0.204777,0.08418,0.08418,0.979965,1.0070367656511683,0.0,0.0,0.0,0.0,0.0,0.0,0.0,0.0,0.0,0.18298282675984595,-0.0457547604415985,0,[[0. 0. 0. 0. 0. 0. 0. 0.]],"[[0. 0. 0. 0.]
 [0. 0. 0. 0.]]"
2.334291934967041,0.0043239593505859375,4,0.0,-0.0023263356810198474,0.12390894267942446,-0.005024829249999918,0,0.0,-0.0023263356810198474,-0.0023263356810198474,-0.005024829249999918,0.204594,0.083814,0.083814,0.980331,1.0069744582112539,0.0,0.0,0.0,0.0,0.0,0.0,0.0,0.0,0.0,0.18322425450786278,-0.04580709543584837,0,[[0. 0. 0. 0. 0. 0. 0. 0.]],"[[0. 0. 0. 0.]
 [0. 0. 0. 0.]]"
2.345881938934326,0.004208087921142578,4,0.0,-0.0022783468051274726,0.1234277978586044,-0.002276016749999915,0,0.0,-0.0022783468051274726,-0.0022783468051274726,-0.002276016749999915,0.204472,0.08295999999999999,0.08295999999999999,0.978989,1.00694809056363,0.0,0.0,0.0,0.0,0.0,0.0,0.0,0.0,0.0,0.18029475068105322,-0.045073167938028354,0,[[0. 0. 0. 0. 0. 0. 0. 0.]],"[[0. 0. 0. 0.]
 [0. 0. 0. 0.]]"
2.357764959335327,0.004202127456665039,4,0.0,-0.00223247890869797,0.123003258310822,-0.005024829249999918,0,0.0,-0.00223247890869797,-0.00223247890869797,-0.005024829249999918,0.204411,0.083692,0.083692,0.9800869999999999,1.0068884007813559,0.0,0.0,0.0,0.0,0.0,0.0,0.0,0.0,0.0,0.18223071922424433,-0.04554715231355996,0,[[0. 0. 0. 0. 0. 0. 0. 0.]],"[[0. 0. 0. 0.]
 [0. 0. 0. 0.]]"
2.369955062866211,0.004251956939697266,4,0.0,-0.0022012000037650837,0.12257871876303959,-0.006704659111111025,0,0.0,-0.0022012000037650837,-0.0022012000037650837,-0.006704659111111025,0.204899,0.083875,0.083875,0.9800869999999999,1.0068066511104685,0.0,0.0,0.0,0.0,0.0,0.0,0.0,0.0,0.0,0.1831761182760377,-0.045777352087398,0,[[0. 0. 0. 0. 0. 0. 0. 0.]],"[[0. 0. 0. 0.]
 [0. 0. 0. 0.]]"
2.381916046142578,0.004210948944091797,4,0.0,-0.002097716821738675,0.12209757394221954,-0.005177541055555471,0,0.0,-0.002097716821738675,-0.002097716821738675,-0.005177541055555471,0.20380099999999998,0.084912,0.084912,0.9794769999999999,1.0067447892872774,0.0,0.0,0.0,0.0,0.0,0.0,0.0,0.0,0.0,0.18153716165531142,-0.04535584638743281,0,[[0. 0. 0. 0. 0. 0. 0. 0.]],"[[0. 0. 0. 0.]
 [0. 0. 0. 0.]]"
2.3941800594329834,0.004200935363769531,4,0.0,-0.002030048940075503,0.12161642912139947,-0.005024829249999918,0,0.0,-0.002030048940075503,-0.002030048940075503,-0.005024829249999918,0.204899,0.084302,0.084302,0.979416,1.0066832605555853,0.0,0.0,0.0,0.0,0.0,0.0,0.0,0.0,0.0,0.18094902946746239,-0.045200248717495235,0,[[0. 0. 0. 0. 0. 0. 0. 0.]],"[[0. 0. 0. 0.]
 [0. 0. 0. 0.]]"
2.4067230224609375,0.0048291683197021484,4,0.0,-0.001966953183975807,0.12113528430057942,-0.007773641749999907,0,0.0,-0.001966953183975807,-0.001966953183975807,-0.007773641749999907,0.204289,0.085034,0.085034,0.980331,1.006585670799014,0.0,0.0,0.0,0.0,0.0,0.0,0.0,0.0,0.0,0.18286928089908072,-0.04566788207817374,0,[[0. 0. 0. 0. 0. 0. 0. 0.]],"[[0. 0. 0. 0.]
 [0. 0. 0. 0.]]"
2.419175148010254,0.005307912826538086,4,0.0,-0.0018960769115608652,0.12071074475279701,-0.007468218138888802,0,0.0,-0.0018960769115608652,-0.0018960769115608652,-0.007468218138888802,0.204655,0.085217,0.085217,0.98088,1.0064927592955308,0.0,0.0,0.0,0.0,0.0,0.0,0.0,0.0,0.0,0.18224728399616585,-0.04550342291068178,0,[[0. 0. 0. 0. 0. 0. 0. 0.]],"[[0. 0. 0. 0.]
 [0. 0. 0. 0.]]"
2.431062936782837,0.0047740936279296875,4,0.0,-0.0018310299312536416,0.12034281047805226,-0.01052245424999991,0,0.0,-0.0018310299312536416,-0.0018310299312536416,-0.01052245424999991,0.203252,0.085705,0.085705,0.980209,1.0063677859844729,0.0,0.0,0.0,0.0,0.0,0.0,0.0,0.0,0.0,0.18461358751682017,-0.04608148891016687,0,[[0. 0. 0. 0. 0. 0. 0. 0.]],"[[0. 0. 0. 0.]
 [0. 0. 0. 0.]]"
2.4451990127563477,0.0051801204681396484,4,0.0,-0.001779077643354475,0.11994657356678869,-0.008995336194444356,0,0.0,-0.001779077643354475,-0.001779077643354475,-0.008995336194444356,0.204533,0.085522,0.085522,0.981063,1.0062468896220211,0.0,0.0,0.0,0.0,0.0,0.0,0.0,0.0,0.0,0.1828933437977456,-0.04564713612187953,0,[[0. 0. 0. 0. 0. 0. 0. 0.]],"[[0. 0. 0. 0.]
 [0. 0. 0. 0.]]"
2.4581689834594727,0.004819154739379883,4,0.0,-0.0017987623362880466,0.11952203401900628,-0.011896860499999912,0,0.0,-0.0017987623362880466,-0.0017987623362880466,-0.011896860499999912,0.20380099999999998,0.08479,0.08479,0.979599,1.006084495347737,0.0,0.0,0.0,0.0,0.0,0.0,0.0,0.0,0.0,0.1846947295518918,-0.04609703948775536,0,[[0. 0. 0. 0. 0. 0. 0. 0.]],"[[0. 0. 0. 0.]
 [0. 0. 0. 0.]]"
2.4716739654541016,0.005288124084472656,4,0.0,-0.0018218808099164834,0.1191257971077427,-0.012049572305555464,0,0.0,-0.0018218808099164834,-0.0018218808099164834,-0.012049572305555464,0.203618,0.084729,0.084729,0.979904,1.0059217919462846,0.0,0.0,0.0,0.0,0.0,0.0,0.0,0.0,0.0,0.18413107466491258,-0.04596042809518706,0,[[0. 0. 0. 0. 0. 0. 0. 0.]],"[[0. 0. 0. 0.]
 [0. 0. 0. 0.]]"
2.483652114868164,0.004853963851928711,4,0.0,-0.00193042876686751,0.11872956019647912,-0.018616179944444367,0,0.0,-0.00193042876686751,-0.00193042876686751,-0.018616179944444367,0.203313,0.084302,0.084302,0.982039,1.005699146321515,0.0,0.0,0.0,0.0,0.0,0.0,0.0,0.0,0.0,0.18880480106862071,-0.047135883932757784,0,[[0. 0. 0. 0. 0. 0. 0. 0.]],"[[0. 0. 0. 0.]
 [0. 0. 0. 0.]]"
2.4959230422973633,0.0051670074462890625,4,0.0,-0.002070780879406864,0.11833332328521555,-0.017699909111111023,0,0.0,-0.002070780879406864,-0.002070780879406864,-0.017699909111111023,0.20252,0.083387,0.083387,0.98149,1.005481968901258,0.0,0.0,0.0,0.0,0.0,0.0,0.0,0.0,0.0,0.1868315818762431,-0.04666609084173423,0,[[0. 0. 0. 0. 0. 0. 0. 0.]],"[[0. 0. 0. 0.]
 [0. 0. 0. 0.]]"
2.5084011554718018,0.004739999771118164,4,0.0,-0.002163495912374027,0.11785217846439548,-0.017394485499999918,0,0.0,-0.002163495912374027,-0.002163495912374027,-0.017394485499999918,0.202032,0.083997,0.083997,0.97905,1.005264831452039,0.0,0.0,0.0,0.0,0.0,0.0,0.0,0.0,0.0,0.18545576515170317,-0.04633779842527616,0,[[0. 0. 0. 0. 0. 0. 0. 0.]],"[[0. 0. 0. 0.]
 [0. 0. 0. 0.]]"
2.5209391117095947,0.004612922668457031,4,0.0,-0.002293852504257267,0.11742763891661308,-0.01968516258333325,0,0.0,-0.002293852504257267,-0.002293852504257267,-0.01968516258333325,0.20288599999999998,0.083692,0.083692,0.9794769999999999,1.0050217227654359,0.0,0.0,0.0,0.0,0.0,0.0,0.0,0.0,0.0,0.18627337900452903,-0.046559268601843604,0,[[0. 0. 0. 0. 0. 0. 0. 0.]],"[[0. 0. 0. 0.]
 [0. 0. 0. 0.]]"
2.5316669940948486,0.003717184066772461,4,0.0,-0.002442261874070329,0.11697479673231186,-0.022433975083333252,0,0.0,-0.002442261874070329,-0.002442261874070329,-0.022433975083333252,0.202642,0.08295999999999999,0.08295999999999999,0.979843,1.0047923394266451,0.0,0.0,0.0,0.0,0.0,0.0,0.0,0.0,0.0,0.18737328838815726,-0.046853371871120535,0,[[0. 0. 0. 0. 0. 0. 0. 0.]],"[[0. 0. 0. 0.]
 [0. 0. 0. 0.]]"
2.5446929931640625,0.005167961120605469,4,0.0,-0.0026600072803401324,0.11629553345586001,-0.01754719730555547,0,0.0,-0.0026600072803401324,-0.0026600072803401324,-0.01754719730555547,0.20374,0.081679,0.081679,0.98027,1.0045518213525395,0.0,0.0,0.0,0.0,0.0,0.0,0.0,0.0,0.0,0.181195880285231,-0.04535110543465425,0,[[0. 0. 0. 0. 0. 0. 0. 0.]],"[[0. 0. 0. 0.]
 [0. 0. 0. 0.]]"
2.55729603767395,0.005489826202392578,4,0.0,-0.0029092427455960066,0.11561627017940816,-0.0198378743888888,0,0.0,-0.0029092427455960066,-0.0029092427455960066,-0.0198378743888888,0.203252,0.080886,0.080886,0.9797819999999999,1.004305672647815,0.0,0.0,0.0,0.0,0.0,0.0,0.0,0.0,0.0,0.18114104623896204,-0.04537294017874516,0,[[0. 0. 0. 0. 0. 0. 0. 0.]],"[[0. 0. 0. 0.]
 [0. 0. 0. 0.]]"
2.5698070526123047,0.0043849945068359375,4,0.0,-0.0030936159727548295,0.11485209899339983,-0.0198378743888888,0,0.0,-0.0030936159727548295,-0.0030936159727548295,-0.0198378743888888,0.204472,0.082106,0.082106,0.98027,1.00405404692985,0.0,0.0,0.0,0.0,0.0,0.0,0.0,0.0,0.0,0.17922688064312017,-0.0449240645706578,0,[[0. 0. 0. 0. 0. 0. 0. 0.]],"[[0. 0. 0. 0.]
 [0. 0. 0. 0.]]"
2.582205057144165,0.004408836364746094,4,0.0,-0.003255870555727973,0.11394641462479736,-0.02014329799999992,0,0.0,-0.003255870555727973,-0.003255870555727973,-0.02014329799999992,0.20380099999999998,0.08234999999999999,0.08234999999999999,0.9806969999999999,1.0038044687136636,0.0,0.0,0.0,0.0,0.0,0.0,0.0,0.0,0.0,0.1774539053441194,-0.044507086832735986,0,[[0. 0. 0. 0. 0. 0. 0. 0.]],"[[0. 0. 0. 0.]
 [0. 0. 0. 0.]]"
2.594486951828003,0.004235982894897461,4,0.0,-0.003486927708561604,0.11292751971011959,-0.020906857027777698,0,0.0,-0.003486927708561604,-0.003486927708561604,-0.020906857027777698,0.205143,0.081008,0.081008,0.981368,1.0035479022499705,0.0,0.0,0.0,0.0,0.0,0.0,0.0,0.0,0.0,0.17562700354826755,-0.044086509166763634,0,[[0. 0. 0. 0. 0. 0. 0. 0.]],"[[0. 0. 0. 0.]
 [0. 0. 0. 0.]]"
2.6063289642333984,0.004670143127441406,4,0.0,-0.0037540714496664285,0.11182371688588534,-0.02319753411111103,0,0.0,-0.0037540714496664285,-0.0037540714496664285,-0.02319753411111103,0.204838,0.08033699999999999,0.08033699999999999,0.980758,1.0032734290536232,0.0,0.0,0.0,0.0,0.0,0.0,0.0,0.0,0.0,0.17485375957200958,-0.04393258135810312,0,[[0. 0. 0. 0. 0. 0. 0. 0.]],"[[0. 0. 0. 0.]
 [0. 0. 0. 0.]]"
2.6188371181488037,0.0048139095306396484,4,0.0,-0.004094035886586241,0.11049349296950048,-0.024724652166666583,0,0.0,-0.004094035886586241,-0.004094035886586241,-0.024724652166666583,0.205387,0.079178,0.079178,0.9794769999999999,1.002964027823223,0.0,0.0,0.0,0.0,0.0,0.0,0.0,0.0,0.0,0.17277408508523268,-0.04346475355544832,0,[[0. 0. 0. 0. 0. 0. 0. 0.]],"[[0. 0. 0. 0.]
 [0. 0. 0. 0.]]"
2.63092303276062,0.0049669742584228516,4,0.0,-0.004450363726340807,0.10913496641659678,-0.022892110499999924,0,0.0,-0.004450363726340807,-0.004450363726340807,-0.022892110499999924,0.205326,0.077897,0.077897,0.9797819999999999,1.0026876286256587,0.0,0.0,0.0,0.0,0.0,0.0,0.0,0.0,0.0,0.16765854029573904,-0.042245749834312,0,[[0. 0. 0. 0. 0. 0. 0. 0.]],"[[0. 0. 0. 0.]
 [0. 0. 0. 0.]]"
2.6434500217437744,0.005166053771972656,4,0.0,-0.004789060027082459,0.10769153195413661,-0.023044822305555476,0,0.0,-0.004789060027082459,-0.004789060027082459,-0.023044822305555476,0.204594,0.077775,0.077775,0.9785619999999999,1.0024119459369447,0.0,0.0,0.0,0.0,0.0,0.0,0.0,0.0,0.0,0.16421493781044,-0.04143921475681519,0,[[0. 0. 0. 0. 0. 0. 0. 0.]],"[[0. 0. 0. 0.]
 [0. 0. 0. 0.]]"
2.654865026473999,0.0042819976806640625,4,0.0,-0.005262953836592137,0.10627640012819525,-0.02457194036111103,0,0.0,-0.005262953836592137,-0.005262953836592137,-0.02457194036111103,0.20557,0.075152,0.075152,0.979599,1.0021181878293952,0.0,0.0,0.0,0.0,0.0,0.0,0.0,0.0,0.0,0.16145950276375381,-0.04082270969779621,0,[[0. 0. 0. 0. 0. 0. 0. 0.]],"[[0. 0. 0. 0.]
 [0. 0. 0. 0.]]"
2.6669700145721436,0.0049440860748291016,4,0.0,-0.005761992060367202,0.10460654457358447,-0.026099058416666585,0,0.0,-0.005761992060367202,-0.005761992060367202,-0.026099058416666585,0.206241,0.074664,0.074664,0.980331,1.001801867020362,0.0,0.0,0.0,0.0,0.0,0.0,0.0,0.0,0.0,0.15821424329857758,-0.04008820608383696,0,[[0. 0. 0. 0. 0. 0. 0. 0.]],"[[0. 0. 0. 0.]
 [0. 0. 0. 0.]]"
2.6793620586395264,0.005237102508544922,4,0.0,-0.006265253814705151,0.10288008374593602,-0.025030075777777702,0,0.0,-0.006265253814705151,-0.006265253814705151,-0.025030075777777702,0.20557,0.073993,0.073993,0.9810019999999999,1.0014918961179071,0.0,0.0,0.0,0.0,0.0,0.0,0.0,0.0,0.0,0.1526046602204878,-0.03876747799063246,0,[[0. 0. 0. 0. 0. 0. 0. 0.]],"[[0. 0. 0. 0.]
 [0. 0. 0. 0.]]"
2.691601037979126,0.005079030990600586,4,0.0,-0.006602408863372281,0.10109701764524992,-0.02579363480555548,0,0.0,-0.006602408863372281,-0.006602408863372281,-0.02579363480555548,0.20496,0.077043,0.077043,0.9825269999999999,1.0011765158385169,0.0,0.0,0.0,0.0,0.0,0.0,0.0,0.0,0.0,0.1491831122456919,-0.0379661976563686,0,[[0. 0. 0. 0. 0. 0. 0. 0.]],"[[0. 0. 0. 0.]
 [0. 0. 0. 0.]]"
2.703953981399536,0.0050280094146728516,4,0.0,-0.006751979064384512,0.09922904363500734,-0.025030075777777702,0,0.0,-0.006751979064384512,-0.006751979064384512,-0.025030075777777702,0.205448,0.08033699999999999,0.08033699999999999,0.981978,1.0008673445991658,0.0,0.0,0.0,0.0,0.0,0.0,0.0,0.0,0.0,0.1450681980226779,-0.03696614679190935,0,[[0. 0. 0. 0. 0. 0. 0. 0.]],"[[0. 0. 0. 0.]
 [0. 0. 0. 0.]]"
2.7156059741973877,0.00448298454284668,4,0.0,-0.00688397963357428,0.09744597753432124,-0.02457194036111103,0,0.0,-0.00688397963357428,-0.00688397963357428,-0.02457194036111103,0.205143,0.080093,0.080093,0.981978,1.000581255146519,0.0,0.0,0.0,0.0,0.0,0.0,0.0,0.0,0.0,0.14142006956775924,-0.03607945352284479,0,[[0. 0. 0. 0. 0. 0. 0. 0.]],"[[0. 0. 0. 0.]
 [0. 0. 0. 0.]]"
2.7278411388397217,0.004840850830078125,4,0.0,-0.007161773208563461,0.09554970088755983,-0.024724652166666583,0,0.0,-0.007161773208563461,-0.007161773208563461,-0.024724652166666583,0.205509,0.077165,0.077165,0.979721,1.0002788510632312,0.0,0.0,0.0,0.0,0.0,0.0,0.0,0.0,0.0,0.13753674260817533,-0.03515511766388021,0,[[0. 0. 0. 0. 0. 0. 0. 0.]],"[[0. 0. 0. 0.]
 [0. 0. 0. 0.]]"
2.7403061389923096,0.005391120910644531,4,0.0,-0.007542485691113039,0.0936251216042796,-0.026251770222222137,0,0.0,-0.007542485691113039,-0.007542485691113039,-0.026251770222222137,0.205204,0.074969,0.074969,0.979355,0.9999666378679084,0.0,0.0,0.0,0.0,0.0,0.0,0.0,0.0,0.0,0.13438730300922186,-0.03442756906728984,0,[[0. 0. 0. 0. 0. 0. 0. 0.]],"[[0. 0. 0. 0.]
 [0. 0. 0. 0.]]"
2.751163959503174,0.0037009716033935547,4,0.0,-0.007890408596850603,0.0917288449575182,-0.02670990563888881,0,0.0,-0.007890408596850603,-0.007890408596850603,-0.02670990563888881,0.205021,0.075152,0.075152,0.979965,0.9996615276520131,0.0,0.0,0.0,0.0,0.0,0.0,0.0,0.0,0.0,0.13048371350473664,-0.03350817735596062,0,[[0. 0. 0. 0. 0. 0. 0. 0.]],"[[0. 0. 0. 0.]
 [0. 0. 0. 0.]]"
2.76495099067688,0.005264997482299805,4,0.0,-0.008275601000203374,0.08946463403601204,-0.027320752861111033,0,0.0,-0.008275601000203374,-0.008275601000203374,-0.027320752861111033,0.203252,0.075213,0.075213,0.978989,0.9992905095373948,0.0,0.0,0.0,0.0,0.0,0.0,0.0,0.0,0.0,0.1260017252850802,-0.03245052729524895,0,[[0. 0. 0. 0. 0. 0. 0. 0.]],"[[0. 0. 0. 0.]
 [0. 0. 0. 0.]]"
2.7763969898223877,0.00424504280090332,4,0.0,-0.008528760330189632,0.08754005475273181,-0.02777888827777769,0,0.0,-0.008528760330189632,-0.008528760330189632,-0.02777888827777769,0.202215,0.07649399999999999,0.07649399999999999,0.982161,0.99898271871562,0.0,0.0,0.0,0.0,0.0,0.0,0.0,0.0,0.0,0.12244193954501897,-0.03160299105400601,0,[[0. 0. 0. 0. 0. 0. 0. 0.]],"[[0. 0. 0. 0.]
 [0. 0. 0. 0.]]"
2.7885429859161377,0.004958152770996094,4,0.0,-0.008815505153792074,0.08519093592166917,-0.027320752861111033,0,0.0,-0.008815505153792074,-0.008815505153792074,-0.027320752861111033,0.203862,0.076311,0.076311,0.981856,0.9986359383580637,0.0,0.0,0.0,0.0,0.0,0.0,0.0,0.0,0.0,0.11730173472477218,-0.03036797109506284,0,[[0. 0. 0. 0. 0. 0. 0. 0.]],"[[0. 0. 0. 0.]
 [0. 0. 0. 0.]]"
2.8010830879211426,0.00535893440246582,4,0.0,-0.009186557690312645,0.0830116329097195,-0.02762617647222214,0,0.0,-0.009186557690312645,-0.009186557690312645,-0.02762617647222214,0.203679,0.074237,0.074237,0.9822219999999999,0.9982948054950549,0.0,0.0,0.0,0.0,0.0,0.0,0.0,0.0,0.0,0.11274052209744864,-0.029288646661718907,0,[[0. 0. 0. 0. 0. 0. 0. 0.]],"[[0. 0. 0. 0.]
 [0. 0. 0. 0.]]"
2.8133721351623535,0.004409074783325195,4,0.0,-0.009558017440748818,0.08071911935169451,-0.02900058272222214,0,0.0,-0.009558017440748818,-0.009558017440748818,-0.02900058272222214,0.203435,0.074115,0.074115,0.980514,0.9979334307697186,0.0,0.0,0.0,0.0,0.0,0.0,0.0,0.0,0.0,0.10893658228830659,-0.028397335253011087,0,[[0. 0. 0. 0. 0. 0. 0. 0.]],"[[0. 0. 0. 0.]
 [0. 0. 0. 0.]]"
2.8259329795837402,0.005340099334716797,4,0.0,-0.009912921900099958,0.07856811897626366,-0.024877363972222136,0,0.0,-0.009912921900099958,-0.009912921900099958,-0.024877363972222136,0.203252,0.07326099999999999,0.07326099999999999,0.9822219999999999,0.9976208195842824,0.0,0.0,0.0,0.0,0.0,0.0,0.0,0.0,0.0,0.10062723482722782,-0.0263854272854121,0,[[0. 0. 0. 0. 0. 0. 0. 0.]],"[[0. 0. 0. 0.]
 [0. 0. 0. 0.]]"
2.838573932647705,0.0052471160888671875,4,0.0,-0.010244547040231861,0.07675675023905873,-0.027473464666666586,0,0.0,-0.010244547040231861,-0.010244547040231861,-0.027473464666666586,0.202703,0.073505,0.073505,0.980148,0.9972930876575713,0.0,0.0,0.0,0.0,0.0,0.0,0.0,0.0,0.0,0.098781269029876,-0.025974420022016095,0,[[0. 0. 0. 0. 0. 0. 0. 0.]],"[[0. 0. 0. 0.]
 [0. 0. 0. 0.]]"
2.8512051105499268,0.005406856536865234,4,0.0,-0.010581855706856859,0.07460574986362788,-0.027168041055555467,0,0.0,-0.010581855706856859,-0.010581855706856859,-0.027168041055555467,0.20252,0.07381,0.07381,0.981734,0.9969318061057537,0.0,0.0,0.0,0.0,0.0,0.0,0.0,0.0,0.0,0.09386880933772922,-0.024803117245995588,0,[[0. 0. 0. 0. 0. 0. 0. 0.]],"[[0. 0. 0. 0.]
 [0. 0. 0. 0.]]"
2.8629260063171387,0.004500150680541992,4,0.0,-0.010990081340256447,0.07279438112642296,-0.029306006333333245,0,0.0,-0.010990081340256447,-0.010990081340256447,-0.029306006333333245,0.204411,0.071614,0.071614,0.979965,0.9965877824408419,0.0,0.0,0.0,0.0,0.0,0.0,0.0,0.0,0.0,0.09131115337977992,-0.024226362080263436,0,[[0. 0. 0. 0. 0. 0. 0. 0.]],"[[0. 0. 0. 0.]
 [0. 0. 0. 0.]]"
2.8858931064605713,0.004484891891479492,4,0.0,-0.011773138739097449,0.06945467001720138,-0.03174939522222214,0,0.0,-0.011773138739097449,-0.011773138739097449,-0.03174939522222214,0.204289,0.071126,0.071126,0.98149,0.9958586893066738,0.0,0.0,0.0,0.0,0.0,0.0,0.0,0.0,0.0,0.08516633097606337,-0.02281257819940453,0,[[0. 0. 0. 0. 0. 0. 0. 0.]],"[[0. 0. 0. 0.]
 [0. 0. 0. 0.]]"
2.898293972015381,0.0044040679931640625,4,0.0,-0.012104869969447419,0.06786972237214707,-0.03205481883333325,0,0.0,-0.012104869969447419,-0.012104869969447419,-0.03205481883333325,0.205265,0.073017,0.073017,0.9803919999999999,0.9954613652270824,0.0,0.0,0.0,0.0,0.0,0.0,0.0,0.0,0.0,0.08166905951929469,-0.021991731958762716,0,[[0. 0. 0. 0. 0. 0. 0. 0.]],"[[0. 0. 0. 0.]
 [0. 0. 0. 0.]]"
2.9107980728149414,0.004761934280395508,4,0.0,-0.012422468752587103,0.06656780109228103,-0.03129125980555547,0,0.0,-0.012422468752587103,-0.012422468752587103,-0.03129125980555547,0.206119,0.072712,0.072712,0.9813069999999999,0.9950814583764873,0.0,0.0,0.0,0.0,0.0,0.0,0.0,0.0,0.0,0.07772866494513676,-0.021058892740903206,0,[[0. 0. 0. 0. 0. 0. 0. 0.]],"[[0. 0. 0. 0.]
 [0. 0. 0. 0.]]"
2.9232521057128906,0.005269050598144531,4,0.0,-0.012709782227224204,0.06520927453937733,-0.029306006333333245,0,0.0,-0.012709782227224204,-0.012709782227224204,-0.029306006333333245,0.204716,0.072773,0.072773,0.979721,0.9947065447584391,0.0,0.0,0.0,0.0,0.0,0.0,0.0,0.0,0.0,0.07276183389184271,-0.019866985020558375,0,[[0. 0. 0. 0. 0. 0. 0. 0.]],"[[0. 0. 0. 0.]
 [0. 0. 0. 0.]]"
2.935606002807617,0.0051190853118896484,4,0.0,-0.013007596646923891,0.06419037962469956,-0.030527700777777694,0,0.0,-0.013007596646923891,-0.013007596646923891,-0.030527700777777694,0.204228,0.072407,0.072407,0.981063,0.9943291903333605,0.0,0.0,0.0,0.0,0.0,0.0,0.0,0.0,0.0,0.07106143676902606,-0.019487299573970832,0,[[0. 0. 0. 0. 0. 0. 0. 0.]],"[[0. 0. 0. 0.]
 [0. 0. 0. 0.]]"
2.9481770992279053,0.0053369998931884766,4,0.0,-0.013411673820645599,0.06334130052913475,-0.030527700777777694,0,0.0,-0.013411673820645599,-0.013411673820645599,-0.030527700777777694,0.205814,0.070089,0.070089,0.980941,0.9939461878923529,0.0,0.0,0.0,0.0,0.0,0.0,0.0,0.0,0.0,0.06812137933440991,-0.01881504239631524,0,[[0. 0. 0. 0. 0. 0. 0. 0.]],"[[0. 0. 0. 0.]
 [0. 0. 0. 0.]]"
2.9596309661865234,0.004318952560424805,4,0.0,-0.013796449975205448,0.0626620372526829,-0.03113854799999992,0,0.0,-0.013796449975205448,-0.013796449975205448,-0.03113854799999992,0.206058,0.06954,0.06954,0.980514,0.9935895904983433,0.0,0.0,0.0,0.0,0.0,0.0,0.0,0.0,0.0,0.0660502418202554,-0.018355706284667532,0,[[0. 0. 0. 0. 0. 0. 0. 0.]],"[[0. 0. 0. 0.]
 [0. 0. 0. 0.]]"
2.971666097640991,0.0048618316650390625,4,0.0,-0.014158698047434306,0.062095984522306365,-0.030069565361111036,0,0.0,-0.014158698047434306,-0.014158698047434306,-0.030069565361111036,0.206973,0.069784,0.069784,0.981429,0.9932276419732993,0.0,0.0,0.0,0.0,0.0,0.0,0.0,0.0,0.0,0.06278011883921836,-0.01759557819115103,0,[[0. 0. 0. 0. 0. 0. 0. 0.]],"[[0. 0. 0. 0.]
 [0. 0. 0. 0.]]"
2.983070135116577,0.004045009613037109,4,0.0,-0.014418995674269686,0.06175635288408044,-0.02991685355555547,0,0.0,-0.014418995674269686,-0.014418995674269686,-0.02991685355555547,0.2074,0.071065,0.071065,0.981368,0.9928871609293706,0.0,0.0,0.0,0.0,0.0,0.0,0.0,0.0,0.0,0.06106833629986364,-0.017207731503825527,0,[[0. 0. 0. 0. 0. 0. 0. 0.]],"[[0. 0. 0. 0.]
 [0. 0. 0. 0.]]"
2.9957361221313477,0.005157947540283203,4,0.0,-0.014744793284075791,0.06152993179192982,-0.030680412583333247,0,0.0,-0.014744793284075791,-0.014744793284075791,-0.030680412583333247,0.207766,0.07033299999999999,0.07033299999999999,0.980331,0.992498811924515,0.0,0.0,0.0,0.0,0.0,0.0,0.0,0.0,0.0,0.06005928033661752,-0.017003616509955903,0,[[0. 0. 0. 0. 0. 0. 0. 0.]],"[[0. 0. 0. 0.]
 [0. 0. 0. 0.]]"
3.0074541568756104,0.004570960998535156,4,0.0,-0.015087653524716978,0.061501629155411,-0.030069565361111036,0,0.0,-0.015087653524716978,-0.015087653524716978,-0.030069565361111036,0.207583,0.069052,0.069052,0.981368,0.9921458248282804,0.0,0.0,0.0,0.0,0.0,0.0,0.0,0.0,0.0,0.05808469650092878,-0.01656228402819779,0,[[0. 0. 0. 0. 0. 0. 0. 0.]],"[[0. 0. 0. 0.]
 [0. 0. 0. 0.]]"
