Time,Calculation Time,Reference Velocity,Measured Velocity,Phi,Delta,Phi Dot,Control Input,Velocity Control Input,phi_roll_comp,phi_uncomp,phi_dot,a_x,ay_roll_comp,ay,az,CurrentReading,MotorRPM
0.00610804557800293,0.00610804557800293,3.9,0.0,0.0037474600095972585,0.0,0.0,0,0.0,0.0035,0.0035,0.0,-0.02,0.02,0.02,1.0,0.0,21.98
0.04462313652038574,0.004433870315551758,3.9,0.0,0.010543960009597259,0.0,-0.0,0,0.0,0.0104,0.0105,-0.0,-0.02,0.02,0.02,1.0,0.0,65.93
0.08499813079833984,0.00462794303894043,3.9,0.0,0.01074096000959726,0.0,0.0,0,0.0,0.0106,0.0106,0.0,-0.02,0.02,0.02,1.0,0.0,0.0
0.12515902519226074,0.004606008529663086,3.9,0.0,0.010937960009597259,0.0,-0.0,0,0.0,0.0108,0.0108,-0.0,-0.02,0.02,0.02,1.0,0.0,0.0
0.16533112525939941,0.004591941833496094,3.9,0.0,0.011134960009597258,0.0,0.0,0,0.0,0.011,0.011,0.0,-0.02,0.02,0.02,1.0,0.0,0.0
0.20506906509399414,0.004143953323364258,3.9,0.0,0.01123346000959726,0.0,0.0,0,0.0,0.0111,0.0111,0.0,-0.02,0.02,0.02,1.0,0.0,0.0
0.24578213691711426,0.0046689510345458984,3.9,0.0,0.011430460009597259,0.0,0.0,0,0.0,0.0113,0.0113,0.0,-0.02,0.02,0.02,1.0,0.0,17.58
0.28545594215393066,0.004137992858886719,3.9,0.0,0.011528960009597258,0.0,-0.0,0,0.0,0.0114,0.0114,-0.0,-0.02,0.02,0.02,1.0,0.0,21.98
0.3258998394012451,0.004388093948364258,3.9,0.0,0.011627460009597258,0.0,0.0,0,0.0,0.0115,0.0115,0.0,-0.02,0.02,0.02,1.0,0.0,8.79
0.36623597145080566,0.004523038864135742,3.9,0.0,0.011824460009597259,0.0,0.0,0,0.0,0.0117,0.0117,0.0,-0.02,0.02,0.02,1.0,0.01,4.4
0.4065699577331543,0.004643917083740234,3.9,0.0,0.01202146000959726,0.0,0.0,0,0.0,0.0119,0.0119,0.0,-0.02,0.02,0.02,1.0,0.0,8.79
0.4464561939239502,0.004348039627075195,3.9,0.0,0.01211996000959726,0.0,0.0,0,0.0,0.012,0.012,0.0,-0.02,0.02,0.02,1.0,0.0,0.0
0.48668909072875977,0.004392862319946289,3.9,0.0,0.01221846000959726,0.0,-0.0,0,0.0,0.0121,0.0121,-0.0,-0.02,0.02,0.02,1.0,0.0,0.0
0.5270848274230957,0.0046079158782958984,3.9,0.0,0.012316960009597259,0.0,-0.0,0,0.0,0.0122,0.0122,-0.0,-0.02,0.02,0.02,1.0,0.0,0.0
0.5671849250793457,0.004518032073974609,3.9,0.0,0.012513960009597258,0.0,0.0,0,0.0,0.0124,0.0124,0.0,-0.02,0.02,0.02,1.0,0.01,0.0
0.6069817543029785,0.00412297248840332,3.9,0.0,0.01261246000959726,0.0,0.0,0,0.0,0.0125,0.0125,0.0,-0.02,0.02,0.02,1.0,0.0,0.0
0.6476657390594482,0.004621028900146484,3.9,0.0,0.012809460009597259,0.0,0.0,0,0.0,0.0127,0.0127,0.0,-0.02,0.02,0.02,1.0,0.01,4.4
0.6875936985015869,0.004359006881713867,3.9,0.0,0.01290796000959726,0.0,-0.0,0,0.0,0.0128,0.0128,-0.0,-0.02,0.02,0.02,1.0,0.01,39.56
0.7280306816101074,0.004601955413818359,3.9,0.0,0.013104960009597258,0.0,0.0,0,0.0,0.013,0.0129,0.0,-0.02,0.02,0.02,1.0,0.0,0.0
0.7681868076324463,0.004579067230224609,3.9,0.0,0.013203460009597259,0.0,-0.0,0,0.0,0.0131,0.0131,-0.0,-0.02,0.02,0.02,1.0,0.0,13.19
0.8088967800140381,0.004611968994140625,3.9,0.0,0.013301960009597259,0.0,-0.0,0,0.0,0.0132,0.0132,-0.0,-0.02,0.02,0.02,1.0,0.01,4.4
0.8491206169128418,0.00465083122253418,3.9,0.0,0.013400460009597258,0.0,0.0,0,0.0,0.0133,0.0133,0.0,-0.02,0.02,0.02,1.0,0.0,13.19
0.8890297412872314,0.0043680667877197266,3.9,0.0,0.01349896000959726,0.0,0.0,0,0.0,0.0134,0.0134,0.0,-0.02,0.02,0.02,1.0,0.0,17.58
0.9292647838592529,0.004422903060913086,3.9,0.0,0.01359746000959726,0.0,-0.0,0,0.0,0.0135,0.0135,-0.0,-0.02,0.02,0.02,1.0,0.0,4.4
0.969437837600708,0.004412174224853516,3.9,0.0,0.013695960009597259,0.0,0.0,0,0.0,0.0136,0.0136,0.0,-0.02,0.02,0.02,1.0,0.0,0.0
1.0097908973693848,0.00457310676574707,3.9,0.0,0.013794460009597258,0.0,-0.0,0,0.0,0.0137,0.0137,-0.0,-0.02,0.02,0.02,1.0,0.0,0.0
1.0497658252716064,0.0043599605560302734,3.9,0.0,0.013991460009597258,0.0,0.0,0,0.0,0.0139,0.0139,0.0,-0.02,0.02,0.02,1.0,0.0,17.58
1.089939832687378,0.004352092742919922,3.9,0.0,0.013991460009597258,0.0,0.0,0,0.0,0.0139,0.0139,0.0,-0.02,0.02,0.02,1.0,0.0,4.4
1.1303677558898926,0.004600048065185547,3.9,0.0,0.014089960009597259,0.0,-0.0,0,0.0,0.014,0.014,-0.0,-0.02,0.02,0.02,1.0,0.01,0.0
1.1707828044891357,0.004827022552490234,3.9,0.0,0.014188460009597259,0.0,-0.0,0,0.0,0.0141,0.0141,-0.0,-0.02,0.02,0.02,1.0,0.0,35.16
1.2105119228363037,0.004372119903564453,3.9,0.0,0.01428696000959726,0.0,-0.0,0,0.0,0.0142,0.0142,-0.0,-0.02,0.02,0.02,1.0,0.0,8.79
1.2506990432739258,0.004369020462036133,3.9,0.0,0.01438546000959726,0.0,-0.0,0,0.0,0.0143,0.0143,-0.0,-0.02,0.02,0.02,1.0,0.02,0.0
1.2911121845245361,0.0045931339263916016,3.9,0.0,0.014483960009597258,0.0,0.0,0,0.0,0.0144,0.0144,0.0,-0.02,0.02,0.02,1.0,0.0,4.4
1.3308169841766357,0.0041179656982421875,3.9,0.0,0.014582460009597259,0.0,-0.0,0,0.0,0.0145,0.0145,-0.0,-0.02,0.02,0.02,1.0,0.0,8.79
1.3714969158172607,0.004617929458618164,3.9,0.0,0.014680960009597259,0.0,0.0,0,0.0,0.0146,0.0146,0.0,-0.02,0.02,0.02,1.0,0.0,13.19
1.4111847877502441,0.004106998443603516,3.9,0.0,0.014779460009597258,0.0,0.0,0,0.0,0.0147,0.0147,0.0,-0.02,0.02,0.02,1.0,0.0,0.0
1.4518637657165527,0.0045850276947021484,3.9,0.0,0.01487796000959726,0.0,0.0,0,0.0,0.0148,0.0148,0.0,-0.02,0.02,0.02,1.0,0.01,61.54
1.4920885562896729,0.004606962203979492,3.9,0.0,0.01497646000959726,0.0,-0.0,0,0.0,0.0149,0.0149,-0.0,-0.02,0.02,0.02,1.0,0.02,92.31
1.5320637226104736,0.004397153854370117,3.9,0.0,0.015074960009597259,0.0,-0.0,0,0.0,0.015,0.015,-0.0,-0.02,0.02,0.02,1.0,0.0,0.0
1.5724647045135498,0.004619121551513672,3.9,0.0,0.015173460009597258,0.0,-0.0,0,0.0,0.0151,0.0151,-0.0,-0.02,0.02,0.02,1.0,0.0,0.0
1.6124286651611328,0.004389047622680664,3.9,0.0,0.015271960009597258,0.0,-0.0,0,0.0,0.0152,0.0152,-0.0,-0.02,0.02,0.02,1.0,0.0,4.4
1.6525444984436035,0.0043849945068359375,3.9,0.0,0.015370460009597258,0.0,0.0,0,0.0,0.0153,0.0153,0.0,-0.02,0.02,0.02,1.0,0.0,4.4
1.693657636642456,0.004394054412841797,3.9,0.0,0.015468960009597259,0.0,-0.0,0,0.0,0.0154,0.0154,-0.0,-0.02,0.02,0.02,1.0,0.0,21.98
1.7339835166931152,0.004538059234619141,3.9,0.0,0.015567460009597259,0.0,-0.0,0,0.0,0.0155,0.0155,-0.0,-0.02,0.02,0.02,1.0,0.01,39.56
1.774017572402954,0.004384040832519531,3.9,0.0,0.015567460009597259,0.0,0.0,0,0.0,0.0155,0.0155,0.0,-0.02,0.02,0.02,1.0,0.0,8.79
1.8141496181488037,0.00432896614074707,3.9,0.0,0.015665960009597257,0.0,-0.0,0,0.0,0.0156,0.0156,-0.0,-0.02,0.02,0.02,1.0,0.0,0.0
1.8543972969055176,0.0043888092041015625,3.9,0.0,0.015764460009597258,0.0,-0.0,0,0.0,0.0157,0.0157,-0.0,-0.02,0.02,0.02,1.0,0.0,0.0
1.8947041034698486,0.004512786865234375,3.9,0.0,0.01586296000959726,0.0,-0.0,0,0.0,0.0158,0.0158,-0.0,-0.02,0.02,0.02,1.0,0.0,0.0
1.9350359439849854,0.004662036895751953,3.9,0.0,0.01596146000959726,0.0,-0.0,0,0.0,0.0159,0.0159,-0.0,-0.02,0.02,0.02,1.0,0.0,39.56
1.9746758937835693,0.004110097885131836,3.9,0.0,0.01596146000959726,0.0,-0.0,0,0.0,0.0159,0.0159,-0.0,-0.02,0.02,0.02,1.0,0.01,21.98
2.0153298377990723,0.004554033279418945,3.9,0.0,0.01605996000959726,0.0,0.0,0,0.0,0.016,0.016,0.0,-0.02,0.02,0.02,1.0,0.01,13.19
2.0555639266967773,0.004598140716552734,3.9,0.0,0.01615846000959726,0.0,0.0,0,0.0,0.0161,0.0161,0.0,-0.02,0.02,0.02,1.0,0.0,17.58
2.0957889556884766,0.004633903503417969,3.9,0.0,0.016256960009597258,0.0,-0.0,0,0.0,0.0162,0.0162,-0.0,-0.02,0.02,0.02,1.0,0.0,8.79
2.1355180740356445,0.004354000091552734,3.9,0.0,0.016256960009597258,0.0,0.0,0,0.0,0.0162,0.0162,0.0,-0.02,0.02,0.02,1.0,0.01,0.0
2.1759519577026367,0.004602909088134766,3.9,0.0,0.016355460009597256,0.0,0.0,0,0.0,0.0163,0.0163,0.0,-0.02,0.02,0.02,1.0,0.0,0.0
2.2162652015686035,0.004693031311035156,3.9,0.0,0.01645396000959726,0.0,0.0,0,0.0,0.0164,0.0164,0.0,-0.02,0.02,0.02,1.0,0.0,0.0
2.256326198577881,0.00457000732421875,3.9,0.0,0.01645396000959726,0.0,-0.0,0,0.0,0.0164,0.0164,-0.0,-0.02,0.02,0.02,1.0,0.01,13.19
2.2966389656066895,0.004685878753662109,3.9,0.0,0.01655246000959726,0.0,0.0,0,0.0,0.0165,0.0165,0.0,-0.02,0.02,0.02,1.0,0.0,0.0
2.336750030517578,0.004614114761352539,3.9,0.0,0.01655246000959726,0.0,-0.0,0,0.0,0.0165,0.0165,-0.0,-0.02,0.02,0.02,1.0,0.03,0.0
2.376702070236206,0.004379987716674805,3.9,0.0,0.01665096000959726,0.0,-0.0,0,0.0,0.0166,0.0166,-0.0,-0.02,0.02,0.02,1.0,0.01,4.4
2.417440176010132,0.004599094390869141,3.9,0.0,0.016749460009597258,0.0,0.0,0,0.0,0.0167,0.0167,0.0,-0.02,0.02,0.02,1.0,0.0,0.0
2.4579620361328125,0.004369974136352539,3.9,0.0,0.016749460009597258,0.0,-0.0,0,0.0,0.0167,0.0167,-0.0,-0.02,0.02,0.02,1.0,0.01,8.79
2.498171091079712,0.004380941390991211,3.9,0.0,0.01684796000959726,0.0,-0.0,0,0.0,0.0168,0.0168,-0.0,-0.02,0.02,0.02,1.0,0.0,35.16
2.5388171672821045,0.004837989807128906,3.9,0.0,0.01684796000959726,0.0,-0.0,0,0.0,0.0168,0.0168,-0.0,-0.02,0.02,0.02,1.0,0.01,0.0
2.5783531665802,0.004180908203125,3.9,0.0,0.01684796000959726,0.0,-0.0,0,0.0,0.0168,0.0169,-0.0,-0.02,0.02,0.02,1.0,0.0,4.4
2.618946075439453,0.004578828811645508,3.9,0.0,0.016946460009597257,0.0,-0.0,0,0.0,0.0169,0.0169,-0.0,-0.02,0.02,0.02,1.0,0.0,0.0
2.6593680381774902,0.004817008972167969,3.9,0.0,0.016946460009597257,0.0,-0.0,0,0.0,0.0169,0.0169,-0.0,-0.02,0.02,0.02,1.0,0.0,4.4
2.698878049850464,0.0041348934173583984,3.9,0.0,0.01704496000959726,0.0,0.0,0,0.0,0.017,0.017,0.0,-0.02,0.02,0.02,1.0,0.0,0.0
2.7395169734954834,0.004564046859741211,3.9,0.0,0.01714346000959726,0.0,-0.0,0,0.0,0.0171,0.0171,-0.0,-0.02,0.02,0.02,1.0,0.0,35.16
2.7795298099517822,0.0043790340423583984,3.9,0.0,0.01714346000959726,0.0,0.0,0,0.0,0.0171,0.0171,0.0,-0.02,0.02,0.02,1.0,0.0,21.98
2.820175886154175,0.0043909549713134766,3.9,0.0,0.017241960009597258,0.0,0.0,0,0.0,0.0172,0.0172,0.0,-0.02,0.02,0.02,1.0,0.0,83.52
2.860602855682373,0.004629850387573242,3.9,0.0,0.017241960009597258,0.0,-0.0,0,0.0,0.0172,0.0172,-0.0,-0.02,0.02,0.02,1.0,0.0,17.58
2.9005260467529297,0.004372119903564453,3.9,0.0,0.01734046000959726,0.0,0.0,0,0.0,0.0173,0.0173,0.0,-0.02,0.02,0.02,1.0,0.0,0.0
2.9407150745391846,0.004375934600830078,3.9,0.0,0.01734046000959726,0.0,-0.0,0,0.0,0.0173,0.0174,-0.0,-0.02,0.02,0.02,1.0,0.0,0.0
2.9815449714660645,0.00457000732421875,3.9,0.0,0.017438960009597257,0.0,-0.0,0,0.0,0.0174,0.0174,-0.0,-0.02,0.02,0.02,1.0,0.0,0.0
3.0222909450531006,0.0047490596771240234,3.9,0.0,0.01753746000959726,0.0,-0.0,0,0.0,0.0175,0.0175,-0.0,-0.02,0.02,0.02,1.0,0.0,57.14
3.0622549057006836,0.004528999328613281,3.9,0.0,0.01753746000959726,0.0,-0.0,0,0.0,0.0175,0.0175,-0.0,-0.02,0.02,0.02,1.0,0.0,17.58
3.102604866027832,0.00469207763671875,3.9,0.0,0.01763596000959726,0.0,0.0,0,0.0,0.0176,0.0176,0.0,-0.02,0.02,0.02,1.0,0.0,17.58
3.1424930095672607,0.004388093948364258,3.9,0.0,0.01763596000959726,0.0,-0.0,0,0.0,0.0176,0.0176,-0.0,-0.02,0.02,0.02,1.0,0.0,0.0
3.182673931121826,0.00438690185546875,3.9,0.0,0.017734460009597258,0.0,-0.0,0,0.0,0.0177,0.0177,-0.0,-0.02,0.02,0.02,1.0,0.0,0.0
3.223214626312256,0.004727840423583984,3.9,0.0,0.017734460009597258,0.0,0.0,0,0.0,0.0177,0.0177,0.0,-0.02,0.02,0.02,1.0,0.02,43.96
3.2631657123565674,0.004425048828125,3.9,0.0,0.017734460009597258,0.0,-0.0,0,0.0,0.0177,0.0177,-0.0,-0.02,0.02,0.02,1.0,0.0,13.19
3.3036675453186035,0.004734992980957031,3.9,0.0,0.01783296000959726,0.0,0.0,0,0.0,0.0178,0.0178,0.0,-0.02,0.02,0.02,1.0,0.01,0.0
3.343714475631714,0.004600048065185547,3.9,0.0,0.01783296000959726,0.0,-0.0,0,0.0,0.0178,0.0178,-0.0,-0.02,0.02,0.02,1.0,0.02,0.0
3.383918523788452,0.004617929458618164,3.9,0.0,0.01783296000959726,0.0,-0.0,0,0.0,0.0178,0.0178,-0.0,-0.02,0.02,0.02,1.0,0.0,26.37
3.4241855144500732,0.0046880245208740234,3.9,0.0,0.017931460009597257,0.0,0.0,0,0.0,0.0179,0.0179,0.0,-0.02,0.02,0.02,1.0,0.0,26.37
3.4642837047576904,0.004603147506713867,3.9,0.0,0.017931460009597257,0.0,-0.0,0,0.0,0.0179,0.0179,-0.0,-0.02,0.02,0.02,1.0,0.0,13.19
3.5044848918914795,0.004609107971191406,3.9,0.0,0.018029960009597258,0.0,-0.0,0,0.0,0.018,0.018,-0.0,-0.02,0.02,0.02,1.0,0.0,4.4
3.54488205909729,0.004817008972167969,3.9,0.0,0.018029960009597258,0.0,-0.0,0,0.0,0.018,0.018,-0.0,-0.02,0.02,0.02,1.0,0.0,21.98
3.5848188400268555,0.004563808441162109,3.9,0.0,0.01812846000959726,0.0,0.0,0,0.0,0.0181,0.0181,0.0,-0.02,0.02,0.02,1.0,0.0,0.0
3.625286817550659,0.0048351287841796875,3.9,0.0,0.01827836507285317,0.0,-0.0,0,0.0,0.0181,0.0181,-0.0,-0.02,0.03,0.03,1.0,0.02,61.54
3.6649997234344482,0.004355907440185547,3.9,0.0,0.01822696000959726,0.0,0.0,0,0.0,0.0182,0.0182,0.0,-0.02,0.02,0.02,1.0,0.02,21.98
3.7054576873779297,0.004621028900146484,3.9,0.0,0.01822696000959726,0.0,-0.0,0,0.0,0.0182,0.0182,-0.0,-0.02,0.02,0.02,1.0,0.01,13.19
3.7455015182495117,0.0044858455657958984,3.9,0.0,0.01822696000959726,0.0,0.0,0,0.0,0.0182,0.0182,0.0,-0.02,0.02,0.02,1.0,0.0,4.4
3.785334587097168,0.004128932952880859,3.9,0.0,0.01832546000959726,0.0,-0.0,0,0.0,0.0183,0.0183,-0.0,-0.02,0.02,0.02,1.0,0.0,39.56
3.8260324001312256,0.004642963409423828,3.9,0.0,0.018423960009597257,0.0,0.0,0,0.0,0.0184,0.0183,0.0,-0.02,0.02,0.02,1.0,0.0,13.19
3.8662233352661133,0.0041539669036865234,3.9,0.0,0.018423960009597257,0.0,0.0,0,0.0,0.0184,0.0184,0.0,-0.02,0.02,0.02,1.0,0.01,0.0
3.906992197036743,0.0047359466552734375,3.9,0.0,0.018522460009597258,0.0,0.0,0,0.0,0.0185,0.0185,0.0,-0.02,0.02,0.02,1.0,0.0,13.19
3.9470622539520264,0.0046160221099853516,3.9,0.0,0.018522460009597258,0.0,-0.0,0,0.0,0.0185,0.0185,-0.0,-0.02,0.02,0.02,1.0,0.0,0.0
3.9867520332336426,0.004112958908081055,3.9,0.0,0.018522460009597258,0.0,-0.0,0,0.0,0.0185,0.0185,-0.0,-0.02,0.02,0.02,1.0,0.0,0.0
4.027409076690674,0.004580974578857422,3.9,0.0,0.018620960009597256,0.0,-0.0,0,0.0,0.0186,0.0186,-0.0,-0.02,0.02,0.02,1.0,0.0,0.0
4.067377090454102,0.004359006881713867,3.9,0.0,0.018620960009597256,0.0,-0.0,0,0.0,0.0186,0.0186,-0.0,-0.02,0.02,0.02,1.0,0.01,13.19
4.10756516456604,0.004359006881713867,3.9,0.0,0.018620960009597256,0.0,0.0,0,0.0,0.0186,0.0186,0.0,-0.02,0.02,0.02,1.0,0.01,21.98
4.147754907608032,0.0043637752532958984,3.9,0.0,0.018620960009597256,0.0,-0.0,0,0.0,0.0186,0.0186,-0.0,-0.02,0.02,0.02,1.0,0.0,26.37
4.188010931015015,0.004430055618286133,3.9,0.0,0.01871946000959726,0.0,-0.0,0,0.0,0.0187,0.0187,-0.0,-0.02,0.02,0.02,1.0,0.0,0.0
4.228386878967285,0.004623889923095703,3.9,0.0,0.01871946000959726,0.0,-0.0,0,0.0,0.0187,0.0187,-0.0,-0.02,0.02,0.02,1.0,0.01,43.96
4.2688398361206055,0.0043489933013916016,3.9,0.0,0.01871946000959726,0.0,-0.0,0,0.0,0.0187,0.0187,-0.0,-0.02,0.02,0.02,1.0,0.0,17.58
4.309558868408203,0.004417896270751953,3.9,0.0,0.01881796000959726,0.0,0.0,0,0.0,0.0188,0.0188,0.0,-0.02,0.02,0.02,1.0,0.0,0.0
4.349703073501587,0.004374027252197266,3.9,0.0,0.01881796000959726,0.0,0.0,0,0.0,0.0188,0.0188,0.0,-0.02,0.02,0.02,1.0,0.0,0.0
4.390101194381714,0.004588127136230469,3.9,0.0,0.01891646000959726,0.0,0.0,0,0.0,0.0189,0.0189,0.0,-0.02,0.02,0.02,1.0,0.0,0.0
4.430461406707764,0.0043871402740478516,3.9,0.0,0.01891646000959726,0.0,0.0,0,0.0,0.0189,0.0189,0.0,-0.02,0.02,0.02,1.0,0.0,8.79
4.470863342285156,0.0046079158782958984,3.9,0.0,0.019014960009597258,0.0,-0.0,0,0.0,0.019,0.0189,-0.0,-0.02,0.02,0.02,1.0,0.0,0.0
4.51093316078186,0.004494905471801758,3.9,0.0,0.019014960009597258,0.0,0.0,0,0.0,0.019,0.019,0.0,-0.02,0.02,0.02,1.0,0.02,0.0
4.5513811111450195,0.004756927490234375,3.9,0.0,0.019014960009597258,0.0,-0.0,0,0.0,0.019,0.019,-0.0,-0.02,0.02,0.02,1.0,0.0,0.0
4.591229200363159,0.004426002502441406,3.9,0.0,0.019014960009597258,0.0,-0.0,0,0.0,0.019,0.019,-0.0,-0.02,0.02,0.02,1.0,0.01,4.4
4.6315672397613525,0.004575014114379883,3.9,0.0,0.01911346000959726,0.0,0.0,0,0.0,0.0191,0.0191,0.0,-0.02,0.02,0.02,1.0,0.0,0.0
4.671549081802368,0.004375934600830078,3.9,0.0,0.01911346000959726,0.0,-0.0,0,0.0,0.0191,0.0191,-0.0,-0.02,0.02,0.02,1.0,0.04,43.96
4.7117321491241455,0.004371166229248047,3.9,0.0,0.01911346000959726,0.0,-0.0,0,0.0,0.0191,0.0191,-0.0,-0.02,0.02,0.02,1.0,0.0,0.0
4.7523353099823,0.004786968231201172,3.9,0.0,0.01911346000959726,0.0,-0.0,0,0.0,0.0191,0.0191,-0.0,-0.02,0.02,0.02,1.0,0.0,0.0
4.792704343795776,0.004503011703491211,3.9,0.0,0.019211960009597257,0.0,-0.0,0,0.0,0.0192,0.0192,-0.0,-0.02,0.02,0.02,1.0,0.0,4.4
4.832759141921997,0.004357814788818359,3.9,0.0,0.019211960009597257,0.0,0.0,0,0.0,0.0192,0.0192,0.0,-0.02,0.02,0.02,1.0,0.0,0.0
4.873125076293945,0.0045359134674072266,3.9,0.0,0.019211960009597257,0.0,0.0,0,0.0,0.0192,0.0192,0.0,-0.02,0.02,0.02,1.0,0.01,4.4
4.913148880004883,0.0043718814849853516,3.9,0.0,0.019211960009597257,0.0,0.0,0,0.0,0.0192,0.0192,0.0,-0.02,0.02,0.02,1.0,0.0,0.0
4.953316688537598,0.004347801208496094,3.9,0.0,0.01931046000959726,0.0,0.0,0,0.0,0.0193,0.0193,0.0,-0.02,0.02,0.02,1.0,0.0,13.19
4.993758678436279,0.004597902297973633,3.9,0.0,0.01931046000959726,0.0,0.0,0,0.0,0.0193,0.0193,0.0,-0.02,0.02,0.02,1.0,0.01,0.0
5.034079551696777,0.004729032516479492,3.9,0.0,0.01940896000959726,0.0,0.0,0,0.0,0.0194,0.0193,0.0,-0.02,0.02,0.02,1.0,0.0,0.0
5.073801755905151,0.0042760372161865234,3.9,0.0,0.01940896000959726,0.0,0.0,0,0.0,0.0194,0.0194,0.0,-0.02,0.02,0.02,1.0,0.01,17.58
5.114379644393921,0.004663944244384766,3.9,0.0,0.01940896000959726,0.0,0.0,0,0.0,0.0194,0.0194,0.0,-0.02,0.02,0.02,1.0,0.0,26.37
5.156264543533325,0.004642009735107422,3.9,0.0,0.01940896000959726,0.0,-0.0,0,0.0,0.0194,0.0194,-0.0,-0.02,0.02,0.02,1.0,0.05,0.0
5.195880651473999,0.004073143005371094,3.9,0.0,0.01940896000959726,0.0,0.0,0,0.0,0.0194,0.0194,0.0,-0.02,0.02,0.02,1.0,0.0,39.56
5.237428665161133,0.004379987716674805,3.9,0.0,0.019507460009597258,0.0,0.0,0,0.0,0.0195,0.0195,0.0,-0.02,0.02,0.02,1.0,0.0,0.0
5.278137683868408,0.004374027252197266,3.9,0.0,0.019507460009597258,0.0,-0.0,0,0.0,0.0195,0.0195,-0.0,-0.02,0.02,0.02,1.0,0.0,0.0
5.318299770355225,0.0043489933013916016,3.9,0.0,0.019507460009597258,0.0,0.0,0,0.0,0.0195,0.0195,0.0,-0.02,0.02,0.02,1.0,0.01,0.0
5.358722686767578,0.004575014114379883,3.9,0.0,0.01960596000959726,0.0,-0.0,0,0.0,0.0196,0.0196,-0.0,-0.02,0.02,0.02,1.0,0.0,8.79
5.398911714553833,0.004575967788696289,3.9,0.0,0.01960596000959726,0.0,0.0,0,0.0,0.0196,0.0196,0.0,-0.02,0.02,0.02,1.0,0.0,0.0
5.439205884933472,0.004691123962402344,3.9,0.0,0.01960596000959726,0.0,0.0,0,0.0,0.0196,0.0196,0.0,-0.02,0.02,0.02,1.0,0.01,21.98
5.4792985916137695,0.004602909088134766,3.9,0.0,0.01960596000959726,0.0,-0.0,0,0.0,0.0196,0.0196,-0.0,-0.02,0.02,0.02,1.0,0.0,8.79
5.519548654556274,0.004662990570068359,3.9,0.0,0.01960596000959726,0.0,-0.0,0,0.0,0.0196,0.0196,-0.0,-0.02,0.02,0.02,1.0,0.0,8.79
5.5595176219940186,0.0044460296630859375,3.9,0.0,0.01960596000959726,0.0,0.0,0,0.0,0.0196,0.0196,0.0,-0.02,0.02,0.02,1.0,0.0,0.0
5.599860668182373,0.0045969486236572266,3.9,0.0,0.01960596000959726,0.0,-0.0,0,0.0,0.0196,0.0196,-0.0,-0.02,0.02,0.02,1.0,0.0,0.0
5.640017747879028,0.004578113555908203,3.9,0.0,0.01960596000959726,0.0,-0.0,0,0.0,0.0196,0.0196,-0.0,-0.02,0.02,0.02,1.0,0.01,4.4
5.680009841918945,0.004379987716674805,3.9,0.0,0.01960596000959726,0.0,-0.0,0,0.0,0.0196,0.0196,-0.0,-0.02,0.02,0.02,1.0,0.0,4.4
5.720170974731445,0.004355907440185547,3.9,0.0,0.019704460009597257,0.0,-0.0,0,0.0,0.0197,0.0197,-0.0,-0.02,0.02,0.02,1.0,0.0,0.0
5.760348796844482,0.0043489933013916016,3.9,0.0,0.019704460009597257,0.0,0.0,0,0.0,0.0197,0.0197,0.0,-0.02,0.02,0.02,1.0,0.0,0.0
5.801668882369995,0.0043370723724365234,3.9,0.0,0.019802960009597262,0.0,0.0,0,0.0,0.0198,0.0198,0.0,-0.02,0.02,0.02,1.0,0.0,4.4
5.841888904571533,0.004373073577880859,3.9,0.0,0.019802960009597262,0.0,-0.0,0,0.0,0.0198,0.0198,-0.0,-0.02,0.02,0.02,1.0,0.0,4.4
5.882068872451782,0.00436711311340332,3.9,0.0,0.019704460009597257,0.0,-0.0,0,0.0,0.0197,0.0197,-0.0,-0.02,0.02,0.02,1.0,0.01,0.0
5.922734975814819,0.004828929901123047,3.9,0.0,0.019802960009597262,0.0,0.0,0,0.0,0.0198,0.0198,0.0,-0.02,0.02,0.02,1.0,0.0,8.79
5.962588310241699,0.0044901371002197266,3.9,0.0,0.019802960009597262,0.0,0.0,0,0.0,0.0198,0.0198,0.0,-0.02,0.02,0.02,1.0,0.0,0.0
6.002988338470459,0.004708051681518555,3.9,0.0,0.019802960009597262,0.0,-0.0,0,0.0,0.0198,0.0198,-0.0,-0.02,0.02,0.02,1.0,0.0,0.0
6.042779207229614,0.0043179988861083984,3.9,0.0,0.019802960009597262,0.0,0.0,0,0.0,0.0198,0.0198,0.0,-0.02,0.02,0.02,1.0,0.03,17.58
6.083439350128174,0.0048542022705078125,3.9,0.0,0.019802960009597262,0.0,0.0,0,0.0,0.0198,0.0198,0.0,-0.02,0.02,0.02,1.0,0.0,30.77
6.123464345932007,0.0046749114990234375,3.9,0.0,0.019802960009597262,0.0,-0.0,0,0.0,0.0198,0.0198,-0.0,-0.02,0.02,0.02,1.0,0.01,0.0
6.163680076599121,0.004701852798461914,3.9,0.0,0.01990146000959726,0.0,-0.0,0,0.0,0.0199,0.0199,-0.0,-0.02,0.02,0.02,1.0,0.01,0.0
6.203546047210693,0.00436711311340332,3.9,0.0,0.01990146000959726,0.0,-0.0,0,0.0,0.0199,0.0199,-0.0,-0.02,0.02,0.02,1.0,0.0,0.0
6.2437498569488525,0.004392862319946289,3.9,0.0,0.01990146000959726,0.0,-0.0,0,0.0,0.0199,0.0199,-0.0,-0.02,0.02,0.02,1.0,0.0,4.4
6.284746885299683,0.0043680667877197266,3.9,0.0,0.01990146000959726,0.0,0.0,0,0.0,0.0199,0.0199,0.0,-0.02,0.02,0.02,1.0,0.01,17.58
6.325262784957886,0.004696846008300781,3.9,0.0,0.01990146000959726,0.0,-0.0,0,0.0,0.0199,0.0199,-0.0,-0.02,0.02,0.02,1.0,0.01,17.58
6.365417003631592,0.004667043685913086,3.9,0.0,0.01990146000959726,0.0,0.0,0,0.0,0.0199,0.0199,0.0,-0.02,0.02,0.02,1.0,0.01,0.0
6.405369997024536,0.00436711311340332,3.9,0.0,0.01990146000959726,0.0,-0.0,0,0.0,0.0199,0.0199,-0.0,-0.02,0.02,0.02,1.0,0.0,13.19
6.445789098739624,0.004606962203979492,3.9,0.0,0.019999960009597258,0.0,0.0,0,0.0,0.02,0.02,0.0,-0.02,0.02,0.02,1.0,0.0,26.37
6.485998153686523,0.00462794303894043,3.9,0.0,0.019999960009597258,0.0,0.0,0,0.0,0.02,0.02,0.0,-0.02,0.02,0.02,1.0,0.0,0.0
6.526502847671509,0.004938840866088867,3.9,0.0,0.019999960009597258,0.0,-0.0,0,0.0,0.02,0.02,-0.0,-0.02,0.02,0.02,1.0,0.0,0.0
6.566791772842407,0.0050470829010009766,3.9,0.0,0.019999960009597258,0.0,-0.0,0,0.0,0.02,0.02,-0.0,-0.02,0.02,0.02,1.0,0.0,0.0
6.6064980030059814,0.004558086395263672,3.9,0.0,0.019999960009597258,0.0,-0.0,0,0.0,0.02,0.02,-0.0,-0.02,0.02,0.02,1.0,0.01,4.4
6.6465911865234375,0.004470109939575195,3.9,0.0,0.019999960009597258,0.0,-0.0,0,0.0,0.02,0.02,-0.0,-0.02,0.02,0.02,1.0,0.0,26.37
6.686690092086792,0.004385948181152344,3.9,0.0,0.02009846000959726,0.0,-0.0,0,0.0,0.0201,0.0201,-0.0,-0.02,0.02,0.02,1.0,0.0,4.4
6.727229118347168,0.004736900329589844,3.9,0.0,0.02009846000959726,0.0,-0.0,0,0.0,0.0201,0.0201,-0.0,-0.02,0.02,0.02,1.0,0.0,0.0
6.767374277114868,0.004698991775512695,3.9,0.0,0.02009846000959726,0.0,-0.0,0,0.0,0.0201,0.0201,-0.0,-0.02,0.02,0.02,1.0,0.0,0.0
6.807222127914429,0.004364013671875,3.9,0.0,0.02009846000959726,0.0,0.0,0,0.0,0.0201,0.0201,0.0,-0.02,0.02,0.02,1.0,0.0,26.37
6.84765100479126,0.004602909088134766,3.9,0.0,0.02009846000959726,0.0,-0.0,0,0.0,0.0201,0.0201,-0.0,-0.02,0.02,0.02,1.0,0.0,4.4
6.887610197067261,0.004379987716674805,3.9,0.0,0.02009846000959726,0.0,-0.0,0,0.0,0.0201,0.0201,-0.0,-0.02,0.02,0.02,1.0,0.0,48.35
6.92809796333313,0.004689931869506836,3.9,0.0,0.02009846000959726,0.0,0.0,0,0.0,0.0201,0.0201,0.0,-0.02,0.02,0.02,1.0,0.0,0.0
6.967936992645264,0.004352092742919922,3.9,0.0,0.02009846000959726,0.0,0.0,0,0.0,0.0201,0.0201,0.0,-0.02,0.02,0.02,1.0,0.0,13.19
7.008433818817139,0.004648923873901367,3.9,0.0,0.02009846000959726,0.0,-0.0,0,0.0,0.0201,0.0201,-0.0,-0.02,0.02,0.02,1.0,0.0,8.79
7.048563718795776,0.004491090774536133,3.9,0.0,0.02009846000959726,0.0,0.0,0,0.0,0.0201,0.0201,0.0,-0.02,0.02,0.02,1.0,0.0,0.0
7.088984727859497,0.004721164703369141,3.9,0.0,0.019999960009597258,0.0,-0.0,0,0.0,0.02,0.0201,-0.0,-0.02,0.02,0.02,1.0,0.0,4.4
7.129064559936523,0.0046198368072509766,3.9,0.0,0.02009846000959726,0.0,0.0,0,0.0,0.0201,0.0201,0.0,-0.02,0.02,0.02,1.0,0.01,4.4
7.169030427932739,0.0044019222259521484,3.9,0.0,0.02009846000959726,0.0,0.0,0,0.0,0.0201,0.0201,0.0,-0.02,0.02,0.02,1.0,0.01,0.0
7.209196329116821,0.004380941390991211,3.9,0.0,0.02009846000959726,0.0,0.0,0,0.0,0.0201,0.0201,0.0,-0.02,0.02,0.02,1.0,0.01,21.98
7.249504327774048,0.004400968551635742,3.9,0.0,0.02009846000959726,0.0,-0.0,0,0.0,0.0201,0.0201,-0.0,-0.02,0.02,0.02,1.0,0.0,17.58
7.28995943069458,0.004640102386474609,3.9,0.0,0.02009846000959726,0.0,0.0,0,0.0,0.0201,0.0201,0.0,-0.02,0.02,0.02,1.0,0.0,35.16
7.329915285110474,0.004408836364746094,3.9,0.0,0.02009846000959726,0.0,-0.0,0,0.0,0.0201,0.0201,-0.0,-0.02,0.02,0.02,1.0,0.0,0.0
7.37032413482666,0.004628896713256836,3.9,0.0,0.020196960009597257,0.0,0.0,0,0.0,0.0202,0.0202,0.0,-0.02,0.02,0.02,1.0,0.0,13.19
7.410256385803223,0.004371166229248047,3.9,0.0,0.02009846000959726,0.0,-0.0,0,0.0,0.0201,0.0201,-0.0,-0.02,0.02,0.02,1.0,0.0,0.0
7.450726270675659,0.0046539306640625,3.9,0.0,0.020196960009597257,0.0,0.0,0,0.0,0.0202,0.0202,0.0,-0.02,0.02,0.02,1.0,0.0,8.79
7.490819215774536,0.004560947418212891,3.9,0.0,0.020196960009597257,0.0,0.0,0,0.0,0.0202,0.0202,0.0,-0.02,0.02,0.02,1.0,0.0,43.96
7.531135320663452,0.004691123962402344,3.9,0.0,0.020196960009597257,0.0,-0.0,0,0.0,0.0202,0.0202,-0.0,-0.02,0.02,0.02,1.0,0.0,30.77
7.571727514266968,0.0043010711669921875,3.9,0.0,0.020196960009597257,0.0,-0.0,0,0.0,0.0202,0.0202,-0.0,-0.02,0.02,0.02,1.0,0.0,0.0
7.61238431930542,0.004761934280395508,3.9,0.0,0.020196960009597257,0.0,0.0,0,0.0,0.0202,0.0202,0.0,-0.02,0.02,0.02,1.0,0.01,4.4
7.652512311935425,0.004689931869506836,3.9,0.0,0.020196960009597257,0.0,0.0,0,0.0,0.0202,0.0202,0.0,-0.02,0.02,0.02,1.0,0.0,8.79
7.693562984466553,0.004458904266357422,3.9,0.0,0.020196960009597257,0.0,0.0,0,0.0,0.0202,0.0202,0.0,-0.02,0.02,0.02,1.0,0.0,17.58
7.734014987945557,0.004724979400634766,3.9,0.0,0.020196960009597257,0.0,0.0,0,0.0,0.0202,0.0202,0.0,-0.02,0.02,0.02,1.0,0.0,0.0
7.77406907081604,0.004590034484863281,3.9,0.0,0.020196960009597257,0.0,-0.0,0,0.0,0.0202,0.0202,-0.0,-0.02,0.02,0.02,1.0,0.0,21.98
7.814267158508301,0.00459599494934082,3.9,0.0,0.020196960009597257,0.0,-0.0,0,0.0,0.0202,0.0202,-0.0,-0.02,0.02,0.02,1.0,0.0,13.19
7.854468107223511,0.004612922668457031,3.9,0.0,0.020196960009597257,0.0,0.0,0,0.0,0.0202,0.0202,0.0,-0.02,0.02,0.02,1.0,0.0,4.4
7.894484043121338,0.004419088363647461,3.9,0.0,0.020196960009597257,0.0,-0.0,0,0.0,0.0202,0.0202,-0.0,-0.02,0.02,0.02,1.0,0.0,0.0
7.934678077697754,0.0044269561767578125,3.9,0.0,0.020196960009597257,0.0,-0.0,0,0.0,0.0202,0.0202,-0.0,-0.02,0.02,0.02,1.0,0.0,13.19
7.97576904296875,0.004391908645629883,3.9,0.0,0.020196960009597257,0.0,0.0,0,0.0,0.0202,0.0202,0.0,-0.02,0.02,0.02,1.0,0.0,0.0
8.016280174255371,0.004724025726318359,3.9,0.0,0.020196960009597257,0.0,0.0,0,0.0,0.0202,0.0202,0.0,-0.02,0.02,0.02,1.0,0.02,17.58
8.056113243103027,0.004369020462036133,3.9,0.0,0.02029546000959726,0.0,-0.0,0,0.0,0.0203,0.0202,-0.0,-0.02,0.02,0.02,1.0,0.0,4.4
8.096570014953613,0.0046389102935791016,3.9,0.0,0.02029546000959726,0.0,0.0,0,0.0,0.0203,0.0203,0.0,-0.02,0.02,0.02,1.0,0.0,83.52
8.13680911064148,0.004693031311035156,3.9,0.0,0.02029546000959726,0.0,0.0,0,0.0,0.0203,0.0203,0.0,-0.02,0.02,0.02,1.0,0.0,4.4
8.1767897605896,0.004490852355957031,3.9,0.0,0.020196960009597257,0.0,-0.0,0,0.0,0.0202,0.0203,-0.0,-0.02,0.02,0.02,1.0,0.0,0.0
8.216838598251343,0.00435185432434082,3.9,0.0,0.02029546000959726,0.0,-0.0,0,0.0,0.0203,0.0203,-0.0,-0.02,0.02,0.02,1.0,0.0,0.0
8.257254600524902,0.004580020904541016,3.9,0.0,0.020196960009597257,0.0,-0.0,0,0.0,0.0202,0.0202,-0.0,-0.02,0.02,0.02,1.0,0.05,13.19
8.297002792358398,0.004136085510253906,3.9,0.0,0.020196960009597257,0.0,0.0,0,0.0,0.0202,0.0202,0.0,-0.02,0.02,0.02,1.0,0.0,39.56
8.337698936462402,0.004589080810546875,3.9,0.0,0.020196960009597257,0.0,-0.0,0,0.0,0.0202,0.0202,-0.0,-0.02,0.02,0.02,1.0,0.0,0.0
8.378886938095093,0.005463123321533203,3.9,0.0,0.020196960009597257,0.0,-0.0,0,0.0,0.0202,0.0202,-0.0,-0.02,0.02,0.02,1.0,0.0,0.0
8.417765140533447,0.004145145416259766,3.9,0.0,0.02029546000959726,0.0,0.0,0,0.0,0.0203,0.0203,0.0,-0.02,0.02,0.02,1.0,0.0,8.79
8.458916187286377,0.005107879638671875,3.9,0.0,0.02029546000959726,0.0,-0.0,0,0.0,0.0203,0.0203,-0.0,-0.02,0.02,0.02,1.0,0.0,0.0
8.498371362686157,0.004371166229248047,3.9,0.0,0.02029546000959726,0.0,-0.0,0,0.0,0.0203,0.0203,-0.0,-0.02,0.02,0.02,1.0,0.01,13.19
8.538562536239624,0.004382133483886719,3.9,0.0,0.02029546000959726,0.0,0.0,0,0.0,0.0203,0.0203,0.0,-0.02,0.02,0.02,1.0,0.0,4.4
8.580336332321167,0.004707813262939453,3.9,0.0,0.02029546000959726,0.0,-0.0,0,0.0,0.0203,0.0203,-0.0,-0.02,0.02,0.02,1.0,0.01,30.77
8.620288372039795,0.004476070404052734,3.9,0.0,0.02029546000959726,0.0,-0.0,0,0.0,0.0203,0.0203,-0.0,-0.02,0.02,0.02,1.0,0.0,0.0
8.661539554595947,0.0044040679931640625,3.9,0.0,0.02029546000959726,0.0,0.0,0,0.0,0.0203,0.0203,0.0,-0.02,0.02,0.02,1.0,0.0,43.96
8.70217752456665,0.004850864410400391,3.9,0.0,0.02029546000959726,0.0,-0.0,0,0.0,0.0203,0.0203,-0.0,-0.02,0.02,0.02,1.0,0.01,30.77
8.742083311080933,0.0045659542083740234,3.9,0.0,0.020196960009597257,0.0,-0.0,0,0.0,0.0202,0.0203,-0.0,-0.02,0.02,0.02,1.0,0.0,35.16
8.782415390014648,0.0047130584716796875,3.9,0.0,0.02029546000959726,0.0,0.0,0,0.0,0.0203,0.0203,0.0,-0.02,0.02,0.02,1.0,0.0,4.4
8.822262287139893,0.0043680667877197266,3.9,0.0,0.02029546000959726,0.0,-0.0,0,0.0,0.0203,0.0203,-0.0,-0.02,0.02,0.02,1.0,0.0,4.4
8.86257028579712,0.004487037658691406,3.9,0.0,0.02029546000959726,0.0,0.0,0,0.0,0.0203,0.0203,0.0,-0.02,0.02,0.02,1.0,0.0,0.0
8.902841329574585,0.0045740604400634766,3.9,0.0,0.02029546000959726,0.0,0.0,0,0.0,0.0203,0.0203,0.0,-0.02,0.02,0.02,1.0,0.0,0.0
8.943393468856812,0.004940032958984375,3.9,0.0,0.02029546000959726,0.0,-0.0,0,0.0,0.0203,0.0203,-0.0,-0.02,0.02,0.02,1.0,0.03,4.4
8.983033418655396,0.004385948181152344,3.9,0.0,0.02039396000959726,0.0,-0.0,0,0.0,0.0204,0.0203,-0.0,-0.02,0.02,0.02,1.0,0.0,30.77
9.023289442062378,0.004450082778930664,3.9,0.0,0.02039396000959726,0.0,0.0,0,0.0,0.0204,0.0204,0.0,-0.02,0.02,0.02,1.0,0.0,0.0
9.065030574798584,0.006007194519042969,3.9,0.0,0.02039396000959726,0.0,-0.0,0,0.0,0.0204,0.0204,-0.0,-0.02,0.02,0.02,1.0,0.01,39.56
9.103599548339844,0.004379987716674805,3.9,0.0,0.02039396000959726,0.0,-0.0,0,0.0,0.0204,0.0204,-0.0,-0.02,0.02,0.02,1.0,0.0,0.0
9.144367694854736,0.004407167434692383,3.9,0.0,0.02039396000959726,0.0,-0.0,0,0.0,0.0204,0.0204,-0.0,-0.02,0.02,0.02,1.0,0.0,17.58
9.184290885925293,0.004147052764892578,3.9,0.0,0.02039396000959726,0.0,-0.0,0,0.0,0.0204,0.0204,-0.0,-0.02,0.02,0.02,1.0,0.0,0.0
9.224672794342041,0.004344940185546875,3.9,0.0,0.02039396000959726,0.0,0.0,0,0.0,0.0204,0.0204,0.0,-0.02,0.02,0.02,1.0,0.0,13.19
9.26500391960144,0.0044820308685302734,3.9,0.0,0.02039396000959726,0.0,-0.0,0,0.0,0.0204,0.0204,-0.0,-0.02,0.02,0.02,1.0,0.0,13.19
9.304887056350708,0.004176139831542969,3.9,0.0,0.02029546000959726,0.0,0.0,0,0.0,0.0203,0.0203,0.0,-0.02,0.02,0.02,1.0,0.01,0.0
9.345481157302856,0.004589080810546875,3.9,0.0,0.02039396000959726,0.0,0.0,0,0.0,0.0204,0.0204,0.0,-0.02,0.02,0.02,1.0,0.0,8.79
9.38607406616211,0.0043659210205078125,3.9,0.0,0.02039396000959726,0.0,-0.0,0,0.0,0.0204,0.0204,-0.0,-0.02,0.02,0.02,1.0,0.02,30.77
9.426293134689331,0.004395008087158203,3.9,0.0,0.02039396000959726,0.0,-0.0,0,0.0,0.0204,0.0204,-0.0,-0.02,0.02,0.02,1.0,0.0,30.77
9.466838121414185,0.004744052886962891,3.9,0.0,0.02039396000959726,0.0,-0.0,0,0.0,0.0204,0.0204,-0.0,-0.02,0.02,0.02,1.0,0.0,8.79
9.50678038597107,0.004500150680541992,3.9,0.0,0.02039396000959726,0.0,0.0,0,0.0,0.0204,0.0204,0.0,-0.02,0.02,0.02,1.0,0.0,21.98
9.548008441925049,0.004374027252197266,3.9,0.0,0.02039396000959726,0.0,0.0,0,0.0,0.0204,0.0204,0.0,-0.02,0.02,0.02,1.0,0.0,0.0
9.588216543197632,0.0043981075286865234,3.9,0.0,0.02039396000959726,0.0,-0.0,0,0.0,0.0204,0.0204,-0.0,-0.02,0.02,0.02,1.0,0.0,0.0
9.628721475601196,0.004709005355834961,3.9,0.0,0.02039396000959726,0.0,0.0,0,0.0,0.0204,0.0204,0.0,-0.02,0.02,0.02,1.0,0.0,0.0
9.668789625167847,0.004591941833496094,3.9,0.0,0.02039396000959726,0.0,-0.0,0,0.0,0.0204,0.0204,-0.0,-0.02,0.02,0.02,1.0,0.0,0.0
9.709214687347412,0.0047969818115234375,3.9,0.0,0.02039396000959726,0.0,-0.0,0,0.0,0.0204,0.0204,-0.0,-0.02,0.02,0.02,1.0,0.0,21.98
9.74918270111084,0.004580020904541016,3.9,0.0,0.02039396000959726,0.0,-0.0,0,0.0,0.0204,0.0204,-0.0,-0.02,0.02,0.02,1.0,0.0,13.19
9.78935694694519,0.0045740604400634766,3.9,0.0,0.02039396000959726,0.0,0.0,0,0.0,0.0204,0.0204,0.0,-0.02,0.02,0.02,1.0,0.0,43.96
9.829710960388184,0.0047359466552734375,3.9,0.0,0.02039396000959726,0.0,-0.0,0,0.0,0.0204,0.0204,-0.0,-0.02,0.02,0.02,1.0,0.01,13.19
9.869671106338501,0.00450897216796875,3.9,0.0,0.02039396000959726,0.0,0.0,0,0.0,0.0204,0.0204,0.0,-0.02,0.02,0.02,1.0,0.01,0.0
9.90985918045044,0.004492044448852539,3.9,0.0,0.02039396000959726,0.0,0.0,0,0.0,0.0204,0.0204,0.0,-0.02,0.02,0.02,1.0,0.0,21.98
9.950276136398315,0.004724025726318359,3.9,0.0,0.02039396000959726,0.0,-0.0,0,0.0,0.0204,0.0204,-0.0,-0.02,0.02,0.02,1.0,0.0,8.79
9.990154266357422,0.004413127899169922,3.9,0.0,0.02039396000959726,0.0,-0.0,0,0.0,0.0204,0.0204,-0.0,-0.02,0.02,0.02,1.0,0.0,8.79
10.035197496414185,0.009267091751098633,3.9,0.0,0.02039396000959726,0.0,-0.0,0.7441090654556728,0.0,0.0204,0.0204,-0.0,-0.02,0.02,0.02,1.0,0.0,21.98
10.075023651123047,0.00890803337097168,3.9,0.0,0.02039396000959726,0.0,0.0,0.7441090654556728,0.0,0.0204,0.0204,0.0,-0.02,0.02,0.02,1.0,0.0,17.58
10.115294933319092,0.008978128433227539,3.9,0.0,0.02039396000959726,0.0,0.0,0.7441090654556728,0.0,0.0204,0.0204,0.0,-0.02,0.02,0.02,1.0,0.0,26.37
10.155334711074829,0.008845806121826172,3.9,0.0,0.02039396000959726,0.0,0.0,0.7441090654556728,0.0,0.0204,0.0204,0.0,-0.02,0.02,0.02,1.0,0.0,0.0
10.195639610290527,0.008945941925048828,3.9,0.0,0.02039396000959726,0.0,-0.0,0.7441090654556728,0.0,0.0204,0.0204,-0.0,-0.02,0.02,0.02,1.0,0.0,0.0
10.236045837402344,0.009163141250610352,3.9,0.0,0.02039396000959726,0.0,-0.0,0.7441090654556728,0.0,0.0204,0.0204,-0.0,-0.02,0.02,0.02,1.0,0.0,0.0
10.276402950286865,0.009333133697509766,3.9,0.0,0.02049246000959726,0.0,-0.0,0.7477030090994228,0.0,0.0205,0.0205,-0.0,-0.02,0.02,0.02,1.0,0.03,17.58
10.316222190856934,0.00896906852722168,3.9,0.0,0.02049246000959726,0.0,0.0,0.7477030090994228,0.0,0.0205,0.0205,0.0,-0.02,0.02,0.02,1.0,0.0,0.0
10.356362104415894,0.008931875228881836,3.9,0.0,0.02049246000959726,0.0,0.0,0.7477030090994228,0.0,0.0205,0.0205,0.0,-0.02,0.02,0.02,1.0,0.0,0.0
10.39675521850586,0.0091400146484375,3.9,0.0,0.02049246000959726,0.0,-0.0,0.7477030090994228,0.0,0.0205,0.0205,-0.0,-0.02,0.02,0.02,1.0,0.0,35.16
10.436800241470337,0.009001970291137695,3.9,0.0,0.02049246000959726,0.0,-0.0,0.7477030090994228,0.0,0.0205,0.0205,-0.0,-0.02,0.02,0.02,1.0,0.0,0.0
10.477004289627075,0.009021997451782227,3.9,0.0,0.02049246000959726,0.0,-0.0,0.7477030090994228,0.0,0.0205,0.0205,-0.0,-0.02,0.02,0.02,1.0,0.0,0.0
10.517206192016602,0.009033918380737305,3.9,0.0,0.02049246000959726,0.0,0.0,0.7477030090994228,0.0,0.0205,0.0205,0.0,-0.02,0.02,0.02,1.0,0.0,17.58
10.557651042938232,0.00928497314453125,3.9,0.0,0.02049246000959726,0.0,0.0,0.7477030090994228,0.0,0.0205,0.0205,0.0,-0.02,0.02,0.02,1.0,0.0,0.0
10.598169088363647,0.008939027786254883,3.9,0.0,0.02049246000959726,0.0,-0.0,0.7477030090994228,0.0,0.0205,0.0205,-0.0,-0.02,0.02,0.02,1.0,0.0,0.0
10.638765335083008,0.009350061416625977,3.9,0.0,0.02049246000959726,0.0,0.0,0.7477030090994228,0.0,0.0205,0.0205,0.0,-0.02,0.02,0.02,1.0,0.0,0.0
10.67863130569458,0.00902700424194336,3.9,0.0,0.02049246000959726,0.0,-0.0,0.7477030090994228,0.0,0.0205,0.0205,-0.0,-0.02,0.02,0.02,1.0,0.0,0.0
10.719020128250122,0.008902788162231445,3.9,0.0,0.02049246000959726,0.0,0.0,0.7477030090994228,0.0,0.0205,0.0205,0.0,-0.02,0.02,0.02,1.0,0.01,48.35
10.76030421257019,0.008979082107543945,3.9,0.0,0.02059096000959726,0.0,0.0,0.7512969527431728,0.0,0.0206,0.0206,0.0,-0.02,0.02,0.02,1.0,0.0,13.19
10.800761222839355,0.009248018264770508,3.9,0.0,0.02049246000959726,0.0,-0.0,0.7477030090994228,0.0,0.0205,0.0205,-0.0,-0.02,0.02,0.02,1.0,0.0,0.0
10.840688228607178,0.00899505615234375,3.9,0.0,0.02059096000959726,0.0,0.0,0.7512969527431728,0.0,0.0206,0.0206,0.0,-0.02,0.02,0.02,1.0,0.0,39.56
10.881139516830444,0.009266138076782227,3.9,0.0,0.02059096000959726,0.0,0.0,0.7512969527431728,0.0,0.0206,0.0206,0.0,-0.02,0.02,0.02,1.0,0.0,4.4
10.921066522598267,0.008994817733764648,3.9,0.0,0.02059096000959726,0.0,-0.0,0.7512969527431728,0.0,0.0206,0.0206,-0.0,-0.02,0.02,0.02,1.0,0.0,0.0
10.961389541625977,0.009113073348999023,3.9,0.0,0.02049246000959726,0.0,-0.0,0.7477030090994228,0.0,0.0205,0.0205,-0.0,-0.02,0.02,0.02,1.0,0.01,39.56
11.00141429901123,0.008934974670410156,3.9,0.0,0.02049246000959726,0.0,-0.0,0.7477030090994228,0.0,0.0205,0.0205,-0.0,-0.02,0.02,0.02,1.0,0.01,8.79
11.04212737083435,0.009461164474487305,3.9,0.0,0.02049246000959726,0.0,-0.0,0.7477030090994228,0.0,0.0205,0.0205,-0.0,-0.02,0.02,0.02,1.0,0.0,4.4
11.081803321838379,0.008991003036499023,3.9,0.0,0.02049246000959726,0.0,-0.0,0.7477030090994228,0.0,0.0205,0.0205,-0.0,-0.02,0.02,0.02,1.0,0.0,17.58
11.121963262557983,0.008964061737060547,3.9,0.0,0.02049246000959726,0.0,-0.0,0.7477030090994228,0.0,0.0205,0.0205,-0.0,-0.02,0.02,0.02,1.0,0.0,0.0
11.162129163742065,0.008939981460571289,3.9,0.0,0.02049246000959726,0.0,-0.0,0.7477030090994228,0.0,0.0205,0.0205,-0.0,-0.02,0.02,0.02,1.0,0.0,0.0
11.202288150787354,0.008905887603759766,3.9,0.0,0.02049246000959726,0.0,-0.0,0.7477030090994228,0.0,0.0205,0.0205,-0.0,-0.02,0.02,0.02,1.0,0.01,0.0
11.242509126663208,0.008939027786254883,3.9,0.0,0.02049246000959726,0.0,-0.0,0.7477030090994228,0.0,0.0205,0.0205,-0.0,-0.02,0.02,0.02,1.0,0.0,0.0
11.283257007598877,0.009068012237548828,3.9,0.0,0.02039396000959726,0.0,-0.0,0.7441090654556728,0.0,0.0204,0.0204,-0.0,-0.02,0.02,0.02,1.0,0.0,13.19
11.324235916137695,0.008987903594970703,3.9,0.0,0.02049246000959726,0.0,0.0,0.7477030090994228,0.0,0.0205,0.0205,0.0,-0.02,0.02,0.02,1.0,0.01,39.56
11.364599704742432,0.009163856506347656,3.9,0.0,0.02049246000959726,0.0,-0.0,0.7477030090994228,0.0,0.0205,0.0205,-0.0,-0.02,0.02,0.02,1.0,0.0,13.19
11.404914617538452,0.009291887283325195,3.9,0.0,0.02049246000959726,0.0,-0.0,0.7477030090994228,0.0,0.0205,0.0205,-0.0,-0.02,0.02,0.02,1.0,0.0,8.79
11.444860458374023,0.00904989242553711,3.9,0.0,0.02049246000959726,0.0,-0.0,0.7477030090994228,0.0,0.0205,0.0205,-0.0,-0.02,0.02,0.02,1.0,0.0,0.0
11.484925508499146,0.008927106857299805,3.9,0.0,0.02049246000959726,0.0,-0.0,0.7477030090994228,0.0,0.0205,0.0205,-0.0,-0.02,0.02,0.02,1.0,0.0,0.0
11.525241374969482,0.009056806564331055,3.9,0.0,0.02049246000959726,0.0,-0.0,0.7477030090994228,0.0,0.0205,0.0205,-0.0,-0.02,0.02,0.02,1.0,0.03,21.98
11.565711498260498,0.009340047836303711,3.9,0.0,0.02049246000959726,0.0,-0.0,0.7477030090994228,0.0,0.0205,0.0205,-0.0,-0.02,0.02,0.02,1.0,0.01,57.14
11.605518341064453,0.008960962295532227,3.9,0.0,0.02049246000959726,0.0,-0.0,0.7477030090994228,0.0,0.0205,0.0205,-0.0,-0.02,0.02,0.02,1.0,0.0,30.77
11.646179437637329,0.009434938430786133,3.9,0.0,0.02049246000959726,0.0,0.0,0.7477030090994228,0.0,0.0205,0.0205,0.0,-0.02,0.02,0.02,1.0,0.02,0.0
11.68605351448059,0.009055137634277344,3.9,0.0,0.02049246000959726,0.0,0.0,0.7477030090994228,0.0,0.0205,0.0205,0.0,-0.02,0.02,0.02,1.0,0.0,0.0
11.726168394088745,0.00896596908569336,3.9,0.0,0.02049246000959726,0.0,0.0,0.7477030090994228,0.0,0.0205,0.0205,0.0,-0.02,0.02,0.02,1.0,0.0,8.79
11.767787456512451,0.00915217399597168,3.9,0.0,0.02049246000959726,0.0,-0.0,0.7477030090994228,0.0,0.0205,0.0205,-0.0,-0.02,0.02,0.02,1.0,0.01,43.96
11.807787656784058,0.008967161178588867,3.9,0.0,0.02049246000959726,0.0,-0.0,0.7477030090994228,0.0,0.0205,0.0205,-0.0,-0.02,0.02,0.02,1.0,0.0,0.0
11.848074674606323,0.009073019027709961,3.9,0.0,0.02049246000959726,0.0,0.0,0.7477030090994228,0.0,0.0205,0.0205,0.0,-0.02,0.02,0.02,1.0,0.0,26.37
11.888233661651611,0.00904393196105957,3.9,0.0,0.02059096000959726,0.0,-0.0,0.7512969527431728,0.0,0.0206,0.0206,-0.0,-0.02,0.02,0.02,1.0,0.0,4.4
11.928374767303467,0.009000062942504883,3.9,0.0,0.02059096000959726,0.0,-0.0,0.7512969527431728,0.0,0.0206,0.0206,-0.0,-0.02,0.02,0.02,1.0,0.03,30.77
11.969435691833496,0.009066104888916016,3.9,0.0,0.02059096000959726,0.0,-0.0,0.7512969527431728,0.0,0.0206,0.0206,-0.0,-0.02,0.02,0.02,1.0,0.0,0.0
12.010038614273071,0.009028911590576172,3.9,0.0,0.02059096000959726,0.0,0.0,0.7512969527431728,0.0,0.0206,0.0206,0.0,-0.02,0.02,0.02,1.0,0.0,17.58
12.050652742385864,0.009131193161010742,3.9,0.0,0.02059096000959726,0.0,0.0,0.7512969527431728,0.0,0.0206,0.0206,0.0,-0.02,0.02,0.02,1.0,0.0,0.0
12.090812921524048,0.009109020233154297,3.9,0.0,0.02059096000959726,0.0,0.0,0.7512969527431728,0.0,0.0206,0.0206,0.0,-0.02,0.02,0.02,1.0,0.0,4.4
12.130867004394531,0.008983135223388672,3.9,0.0,0.02059096000959726,0.0,-0.0,0.7512969527431728,0.0,0.0206,0.0206,-0.0,-0.02,0.02,0.02,1.0,0.0,4.4
12.171381711959839,0.009311914443969727,3.9,0.0,0.02059096000959726,0.0,0.0,0.7512969527431728,0.0,0.0206,0.0206,0.0,-0.02,0.02,0.02,1.0,0.0,0.0
12.211670637130737,0.009407997131347656,3.9,0.0,0.02059096000959726,0.0,-0.0,0.7512969527431728,0.0,0.0206,0.0206,-0.0,-0.02,0.02,0.02,1.0,0.0,0.0
12.251676797866821,0.00923299789428711,3.9,0.0,0.02059096000959726,0.0,-0.0,0.7512969527431728,0.0,0.0206,0.0206,-0.0,-0.02,0.02,0.02,1.0,0.0,0.0
12.291638612747192,0.008994817733764648,3.9,0.0,0.02049246000959726,0.0,-0.0,0.7477030090994228,0.0,0.0205,0.0205,-0.0,-0.02,0.02,0.02,1.0,0.0,39.56
12.332030534744263,0.009198904037475586,3.9,0.0,0.02059096000959726,0.0,0.0,0.7512969527431728,0.0,0.0206,0.0206,0.0,-0.02,0.02,0.02,1.0,0.01,0.0
12.372626543045044,0.009593009948730469,3.9,0.0,0.02059096000959726,0.0,0.0,0.7512969527431728,0.0,0.0206,0.0206,0.0,-0.02,0.02,0.02,1.0,0.0,0.0
12.41251254081726,0.00929403305053711,3.9,0.0,0.02059096000959726,0.0,-0.0,0.7512969527431728,0.0,0.0206,0.0206,-0.0,-0.02,0.02,0.02,1.0,0.01,21.98
12.452319622039795,0.008921146392822266,3.9,0.0,0.02059096000959726,0.0,-0.0,0.7512969527431728,0.0,0.0206,0.0206,-0.0,-0.02,0.02,0.02,1.0,0.0,8.79
12.492607593536377,0.00903010368347168,3.9,0.0,0.02049246000959726,0.0,0.0,0.7477030090994228,0.0,0.0205,0.0205,0.0,-0.02,0.02,0.02,1.0,0.0,8.79
12.532804727554321,0.00902700424194336,3.9,0.0,0.02059096000959726,0.0,0.0,0.7512969527431728,0.0,0.0206,0.0206,0.0,-0.02,0.02,0.02,1.0,0.0,0.0
12.573275804519653,0.009315967559814453,3.9,0.0,0.02049246000959726,0.0,-0.0,0.7477030090994228,0.0,0.0205,0.0205,-0.0,-0.02,0.02,0.02,1.0,0.0,13.19
12.614160776138306,0.009233951568603516,3.9,0.0,0.02049246000959726,0.0,0.0,0.7477030090994228,0.0,0.0205,0.0206,0.0,-0.02,0.02,0.02,1.0,0.02,57.14
12.654127597808838,0.009019851684570312,3.9,0.0,0.02049246000959726,0.0,-0.0,0.7477030090994228,0.0,0.0205,0.0205,-0.0,-0.02,0.02,0.02,1.0,0.0,4.4
12.694234609603882,0.008936882019042969,3.9,0.0,0.02049246000959726,0.0,-0.0,0.7477030090994228,0.0,0.0205,0.0205,-0.0,-0.02,0.02,0.02,1.0,0.0,4.4
12.734469890594482,0.00897216796875,3.9,0.0,0.02049246000959726,0.0,-0.0,0.7477030090994228,0.0,0.0205,0.0205,-0.0,-0.02,0.02,0.02,1.0,0.0,39.56
12.775081157684326,0.009077072143554688,3.9,0.0,0.02049246000959726,0.0,-0.0,0.7477030090994228,0.0,0.0205,0.0205,-0.0,-0.02,0.02,0.02,1.0,0.02,0.0
12.815155267715454,0.008955001831054688,3.9,0.0,0.02049246000959726,0.0,0.0,0.7477030090994228,0.0,0.0205,0.0205,0.0,-0.02,0.02,0.02,1.0,0.0,0.0
12.855621099472046,0.009235858917236328,3.9,0.0,0.02049246000959726,0.0,-0.0,0.7477030090994228,0.0,0.0205,0.0205,-0.0,-0.02,0.02,0.02,1.0,0.0,4.4
12.895764350891113,0.009199142456054688,3.9,0.0,0.02049246000959726,0.0,0.0,0.7477030090994228,0.0,0.0205,0.0205,0.0,-0.02,0.02,0.02,1.0,0.0,0.0
12.93705415725708,0.009297847747802734,3.9,0.0,0.02049246000959726,0.0,-0.0,0.7477030090994228,0.0,0.0205,0.0205,-0.0,-0.02,0.02,0.02,1.0,0.0,0.0
12.976901292800903,0.008970022201538086,3.9,0.0,0.02049246000959726,0.0,-0.0,0.7477030090994228,0.0,0.0205,0.0205,-0.0,-0.02,0.02,0.02,1.0,0.0,0.0
13.01708722114563,0.00896596908569336,3.9,0.0,0.02049246000959726,0.0,-0.0,0.7477030090994228,0.0,0.0205,0.0205,-0.0,-0.02,0.02,0.02,1.0,0.01,4.4
13.05742621421814,0.009104013442993164,3.9,0.0,0.02049246000959726,0.0,0.0,0.7477030090994228,0.0,0.0205,0.0205,0.0,-0.02,0.02,0.02,1.0,0.03,61.54
13.098779201507568,0.009258031845092773,3.9,0.0,0.02049246000959726,0.0,0.0,0.7477030090994228,0.0,0.0205,0.0205,0.0,-0.02,0.02,0.02,1.0,0.0,13.19
13.138785123825073,0.009078025817871094,3.9,0.0,0.02049246000959726,0.0,-0.0,0.7477030090994228,0.0,0.0205,0.0205,-0.0,-0.02,0.02,0.02,1.0,0.0,0.0
13.178867101669312,0.008975982666015625,3.9,0.0,0.02049246000959726,0.0,0.0,0.7477030090994228,0.0,0.0205,0.0205,0.0,-0.02,0.02,0.02,1.0,0.0,4.4
13.219269037246704,0.00931692123413086,3.9,0.0,0.02059096000959726,0.0,0.0,0.7512969527431728,0.0,0.0206,0.0206,0.0,-0.02,0.02,0.02,1.0,0.0,8.79
13.25982403755188,0.008892059326171875,3.9,0.0,0.02059096000959726,0.0,0.0,0.7512969527431728,0.0,0.0206,0.0206,0.0,-0.02,0.02,0.02,1.0,0.0,4.4
13.30130124092102,0.009244203567504883,3.9,0.0,0.02059096000959726,0.0,0.0,0.7512969527431728,0.0,0.0206,0.0206,0.0,-0.02,0.02,0.02,1.0,0.0,13.19
13.34117317199707,0.008939981460571289,3.9,0.0,0.02059096000959726,0.0,-0.0,0.7512969527431728,0.0,0.0206,0.0206,-0.0,-0.02,0.02,0.02,1.0,0.01,0.0
13.381356000900269,0.008937835693359375,3.9,0.0,0.02059096000959726,0.0,0.0,0.7512969527431728,0.0,0.0206,0.0206,0.0,-0.02,0.02,0.02,1.0,0.0,4.4
13.422693014144897,0.009044885635375977,3.9,0.0,0.020689460009597257,0.0,0.0,0.7548908963869226,0.0,0.0207,0.0207,0.0,-0.02,0.02,0.02,1.0,0.0,0.0
13.462985038757324,0.009130001068115234,3.9,0.0,0.020689460009597257,0.0,-0.0,0.7548908963869226,0.0,0.0207,0.0207,-0.0,-0.02,0.02,0.02,1.0,0.0,4.4
13.502939939498901,0.008897066116333008,3.9,0.0,0.02059096000959726,0.0,-0.0,0.7512969527431728,0.0,0.0206,0.0206,-0.0,-0.02,0.02,0.02,1.0,0.01,4.4
13.543386220932007,0.009157180786132812,3.9,0.0,0.02059096000959726,0.0,0.0,0.7512969527431728,0.0,0.0206,0.0206,0.0,-0.02,0.02,0.02,1.0,0.0,39.56
13.583440065383911,0.009022951126098633,3.9,0.0,0.020689460009597257,0.0,0.0,0.7548908963869226,0.0,0.0207,0.0207,0.0,-0.02,0.02,0.02,1.0,0.0,0.0
13.623528003692627,0.00892496109008789,3.9,0.0,0.020689460009597257,0.0,0.0,0.7548908963869226,0.0,0.0207,0.0207,0.0,-0.02,0.02,0.02,1.0,0.0,17.58
13.66384482383728,0.009045839309692383,3.9,0.0,0.020689460009597257,0.0,-0.0,0.7548908963869226,0.0,0.0207,0.0207,-0.0,-0.02,0.02,0.02,1.0,0.0,4.4
13.704145908355713,0.009164094924926758,3.9,0.0,0.020689460009597257,0.0,0.0,0.7548908963869226,0.0,0.0207,0.0207,0.0,-0.02,0.02,0.02,1.0,0.01,0.0
13.744441032409668,0.009277105331420898,3.9,0.0,0.020689460009597257,0.0,-0.0,0.7548908963869226,0.0,0.0207,0.0207,-0.0,-0.02,0.02,0.02,1.0,0.02,0.0
13.784548997879028,0.009196043014526367,3.9,0.0,0.020689460009597257,0.0,0.0,0.7548908963869226,0.0,0.0207,0.0207,0.0,-0.02,0.02,0.02,1.0,0.0,8.79
13.8248770236969,0.009340047836303711,3.9,0.0,0.020689460009597257,0.0,-0.0,0.7548908963869226,0.0,0.0207,0.0207,-0.0,-0.02,0.02,0.02,1.0,0.0,0.0
13.864753007888794,0.009009122848510742,3.9,0.0,0.020689460009597257,0.0,-0.0,0.7548908963869226,0.0,0.0207,0.0207,-0.0,-0.02,0.02,0.02,1.0,0.0,0.0
13.905313968658447,0.00938105583190918,3.9,0.0,0.020689460009597257,0.0,-0.0,0.7548908963869226,0.0,0.0207,0.0207,-0.0,-0.02,0.02,0.02,1.0,0.0,0.0
13.945376873016357,0.00925898551940918,3.9,0.0,0.020689460009597257,0.0,0.0,0.7548908963869226,0.0,0.0207,0.0207,0.0,-0.02,0.02,0.02,1.0,0.0,0.0
13.985971689224243,0.008935928344726562,3.9,0.0,0.020689460009597257,0.0,0.0,0.7548908963869226,0.0,0.0207,0.0207,0.0,-0.02,0.02,0.02,1.0,0.01,4.4
14.026614665985107,0.009391069412231445,3.9,0.0,0.020689460009597257,0.0,-0.0,0.7548908963869226,0.0,0.0207,0.0207,-0.0,-0.02,0.02,0.02,1.0,0.0,0.0
14.066312551498413,0.008893966674804688,3.9,0.0,0.020689460009597257,0.0,-0.0,0.7548908963869226,0.0,0.0207,0.0207,-0.0,-0.02,0.02,0.02,1.0,0.0,4.4
14.106678485870361,0.009073019027709961,3.9,0.0,0.020689460009597257,0.0,0.0,0.7548908963869226,0.0,0.0207,0.0207,0.0,-0.02,0.02,0.02,1.0,0.01,35.16
14.14682149887085,0.009027957916259766,3.9,0.0,0.02059096000959726,0.0,0.0,0.7512969527431728,0.0,0.0206,0.0206,0.0,-0.02,0.02,0.02,1.0,0.0,13.19
14.186917304992676,0.008929967880249023,3.9,0.0,0.02059096000959726,0.0,-0.0,0.7512969527431728,0.0,0.0206,0.0206,-0.0,-0.02,0.02,0.02,1.0,0.0,13.19
14.227143287658691,0.008965015411376953,3.9,0.0,0.02059096000959726,0.0,-0.0,0.7512969527431728,0.0,0.0206,0.0206,-0.0,-0.02,0.02,0.02,1.0,0.0,0.0
14.267381191253662,0.00899505615234375,3.9,0.0,0.02059096000959726,0.0,-0.0,0.7512969527431728,0.0,0.0206,0.0206,-0.0,-0.02,0.02,0.02,1.0,0.0,0.0
14.307456254959106,0.008977890014648438,3.9,0.0,0.02059096000959726,0.0,-0.0,0.7512969527431728,0.0,0.0206,0.0206,-0.0,-0.02,0.02,0.02,1.0,0.0,0.0
14.347650289535522,0.00898599624633789,3.9,0.0,0.020689460009597257,0.0,0.0,0.7548908963869226,0.0,0.0207,0.0207,0.0,-0.02,0.02,0.02,1.0,0.0,0.0
14.387811183929443,0.008961915969848633,3.9,0.0,0.020689460009597257,0.0,0.0,0.7548908963869226,0.0,0.0207,0.0207,0.0,-0.02,0.02,0.02,1.0,0.0,43.96
14.428091287612915,0.009055137634277344,3.9,0.0,0.020689460009597257,0.0,0.0,0.7548908963869226,0.0,0.0207,0.0207,0.0,-0.02,0.02,0.02,1.0,0.0,0.0
14.468643188476562,0.009421825408935547,3.9,0.0,0.020689460009597257,0.0,-0.0,0.7548908963869226,0.0,0.0207,0.0207,-0.0,-0.02,0.02,0.02,1.0,0.0,39.56
14.508750200271606,0.009021997451782227,3.9,0.0,0.020689460009597257,0.0,-0.0,0.7548908963869226,0.0,0.0207,0.0207,-0.0,-0.02,0.02,0.02,1.0,0.0,13.19
14.549028396606445,0.00911402702331543,3.9,0.0,0.020689460009597257,0.0,-0.0,0.7548908963869226,0.0,0.0207,0.0207,-0.0,-0.02,0.02,0.02,1.0,0.0,21.98
14.589089393615723,0.00898599624633789,3.9,0.0,0.020689460009597257,0.0,0.0,0.7548908963869226,0.0,0.0207,0.0207,0.0,-0.02,0.02,0.02,1.0,0.0,13.19
14.629264116287231,0.008916854858398438,3.9,0.0,0.020689460009597257,0.0,0.0,0.7548908963869226,0.0,0.0207,0.0207,0.0,-0.02,0.02,0.02,1.0,0.0,0.0
14.670566082000732,0.009260892868041992,3.9,0.0,0.020689460009597257,0.0,-0.0,0.7548908963869226,0.0,0.0207,0.0207,-0.0,-0.02,0.02,0.02,1.0,0.0,21.98
14.710468053817749,0.008954048156738281,3.9,0.0,0.020689460009597257,0.0,0.0,0.7548908963869226,0.0,0.0207,0.0207,0.0,-0.02,0.02,0.02,1.0,0.0,0.0
14.75073790550232,0.009033918380737305,3.9,0.0,0.020689460009597257,0.0,0.0,0.7548908963869226,0.0,0.0207,0.0207,0.0,-0.02,0.02,0.02,1.0,0.0,17.58
14.790920972824097,0.009031057357788086,3.9,0.0,0.020689460009597257,0.0,0.0,0.7548908963869226,0.0,0.0207,0.0207,0.0,-0.02,0.02,0.02,1.0,0.01,0.0
14.831576824188232,0.009442806243896484,3.9,0.0,0.020689460009597257,0.0,-0.0,0.7548908963869226,0.0,0.0207,0.0207,-0.0,-0.02,0.02,0.02,1.0,0.01,8.79
14.871317863464355,0.008982181549072266,3.9,0.0,0.020689460009597257,0.0,0.0,0.7548908963869226,0.0,0.0207,0.0207,0.0,-0.02,0.02,0.02,1.0,0.02,8.79
14.911559104919434,0.009031057357788086,3.9,0.0,0.020689460009597257,0.0,-0.0,0.7548908963869226,0.0,0.0207,0.0207,-0.0,-0.02,0.02,0.02,1.0,0.0,26.37
14.951598882675171,0.008884906768798828,3.9,0.0,0.020689460009597257,0.0,0.0,0.7548908963869226,0.0,0.0207,0.0207,0.0,-0.02,0.02,0.02,1.0,0.0,0.0
14.991857767105103,0.008959054946899414,3.9,0.0,0.020689460009597257,0.0,-0.0,0.7548908963869226,0.0,0.0207,0.0207,-0.0,-0.02,0.02,0.02,1.0,0.0,0.0
15.032321691513062,0.009193897247314453,3.9,0.0,0.020689460009597257,0.0,-0.0,0.7548908963869226,0.0,0.0207,0.0207,-0.0,-0.02,0.02,0.02,1.0,0.0,26.37
15.072357654571533,0.009037971496582031,3.9,0.0,0.020689460009597257,0.0,0.0,0.7548908963869226,0.0,0.0207,0.0207,0.0,-0.02,0.02,0.02,1.0,0.02,35.16
15.11280870437622,0.009284019470214844,3.9,0.0,0.020689460009597257,0.0,-0.0,0.7548908963869226,0.0,0.0207,0.0207,-0.0,-0.02,0.02,0.02,1.0,0.0,21.98
15.152921676635742,0.009073972702026367,3.9,0.0,0.020787960009597258,0.0,0.0,0.7584848400306727,0.0,0.0208,0.0207,0.0,-0.02,0.02,0.02,1.0,0.0,0.0
15.193296670913696,0.009259939193725586,3.9,0.0,0.020689460009597257,0.0,-0.0,0.7548908963869226,0.0,0.0207,0.0207,-0.0,-0.02,0.02,0.02,1.0,0.01,0.0
15.2334566116333,0.009217023849487305,3.9,0.0,0.020787960009597258,0.0,0.0,0.7584848400306727,0.0,0.0208,0.0208,0.0,-0.02,0.02,0.02,1.0,0.0,17.58
15.273388385772705,0.008955955505371094,3.9,0.0,0.020787960009597258,0.0,-0.0,0.7584848400306727,0.0,0.0208,0.0208,-0.0,-0.02,0.02,0.02,1.0,0.0,0.0
15.313658475875854,0.009020090103149414,3.9,0.0,0.020787960009597258,0.0,0.0,0.7584848400306727,0.0,0.0208,0.0208,0.0,-0.02,0.02,0.02,1.0,0.0,0.0
15.353864431381226,0.00904703140258789,3.9,0.0,0.020787960009597258,0.0,0.0,0.7584848400306727,0.0,0.0208,0.0208,0.0,-0.02,0.02,0.02,1.0,0.01,4.4
15.394758701324463,0.008964061737060547,3.9,0.0,0.020787960009597258,0.0,-0.0,0.7584848400306727,0.0,0.0208,0.0208,-0.0,-0.02,0.02,0.02,1.0,0.0,0.0
15.435027599334717,0.009037971496582031,3.9,0.0,0.020787960009597258,0.0,-0.0,0.7584848400306727,0.0,0.0208,0.0208,-0.0,-0.02,0.02,0.02,1.0,0.0,4.4
15.475382566452026,0.00916600227355957,3.9,0.0,0.020886460009597256,0.0,0.0,0.7620787836744226,0.0,0.0209,0.0209,0.0,-0.02,0.02,0.02,1.0,0.0,0.0
15.515361309051514,0.00895380973815918,3.9,0.0,0.020787960009597258,0.0,-0.0,0.7584848400306727,0.0,0.0208,0.0208,-0.0,-0.02,0.02,0.02,1.0,0.0,0.0
15.555617332458496,0.009023904800415039,3.9,0.0,0.020787960009597258,0.0,-0.0,0.7584848400306727,0.0,0.0208,0.0208,-0.0,-0.02,0.02,0.02,1.0,0.0,13.19
15.595758438110352,0.008977174758911133,3.9,0.0,0.020787960009597258,0.0,-0.0,0.7584848400306727,0.0,0.0208,0.0208,-0.0,-0.02,0.02,0.02,1.0,0.0,0.0
15.636311531066895,0.009345054626464844,3.9,0.0,0.020787960009597258,0.0,-0.0,0.7584848400306727,0.0,0.0208,0.0208,-0.0,-0.02,0.02,0.02,1.0,0.0,13.19
15.676287651062012,0.009118080139160156,3.9,0.0,0.020787960009597258,0.0,-0.0,0.7584848400306727,0.0,0.0208,0.0208,-0.0,-0.02,0.02,0.02,1.0,0.0,17.58
15.71628999710083,0.008900165557861328,3.9,0.0,0.020787960009597258,0.0,-0.0,0.7584848400306727,0.0,0.0208,0.0208,-0.0,-0.02,0.02,0.02,1.0,0.0,0.0
15.756503105163574,0.008928060531616211,3.9,0.0,0.020787960009597258,0.0,0.0,0.7584848400306727,0.0,0.0208,0.0208,0.0,-0.02,0.02,0.02,1.0,0.0,0.0
15.79667592048645,0.00890803337097168,3.9,0.0,0.020787960009597258,0.0,0.0,0.7584848400306727,0.0,0.0208,0.0208,0.0,-0.02,0.02,0.02,1.0,0.0,17.58
15.8368558883667,0.008899927139282227,3.9,0.0,0.020787960009597258,0.0,-0.0,0.7584848400306727,0.0,0.0208,0.0208,-0.0,-0.02,0.02,0.02,1.0,0.0,30.77
15.877140760421753,0.008985042572021484,3.9,0.0,0.020787960009597258,0.0,-0.0,0.7584848400306727,0.0,0.0208,0.0208,-0.0,-0.02,0.02,0.02,1.0,0.0,8.79
15.917270421981812,0.008962869644165039,3.9,0.0,0.020787960009597258,0.0,0.0,0.7584848400306727,0.0,0.0208,0.0208,0.0,-0.02,0.02,0.02,1.0,0.0,21.98
15.957698345184326,0.009207010269165039,3.9,0.0,0.020787960009597258,0.0,0.0,0.7584848400306727,0.0,0.0208,0.0208,0.0,-0.02,0.02,0.02,1.0,0.0,0.0
15.998124361038208,0.008985042572021484,3.9,0.0,0.020787960009597258,0.0,-0.0,0.7584848400306727,0.0,0.0208,0.0208,-0.0,-0.02,0.02,0.02,1.0,0.0,0.0
16.03937554359436,0.009202003479003906,3.9,0.0,0.020787960009597258,0.0,-0.0,0.7584848400306727,0.0,0.0208,0.0208,-0.0,-0.02,0.02,0.02,1.0,0.0,0.0
16.079387426376343,0.009032011032104492,3.9,0.0,0.020787960009597258,0.0,-0.0,0.7584848400306727,0.0,0.0208,0.0208,-0.0,-0.02,0.02,0.02,1.0,0.0,0.0
16.119548559188843,0.008996009826660156,3.9,0.0,0.020787960009597258,0.0,-0.0,0.7584848400306727,0.0,0.0208,0.0208,-0.0,-0.02,0.02,0.02,1.0,0.0,4.4
16.159891605377197,0.009164094924926758,3.9,0.0,0.020787960009597258,0.0,0.0,0.7584848400306727,0.0,0.0208,0.0208,0.0,-0.02,0.02,0.02,1.0,0.02,0.0
16.201245546340942,0.009033918380737305,3.9,0.0,0.020787960009597258,0.0,0.0,0.7584848400306727,0.0,0.0208,0.0208,0.0,-0.02,0.02,0.02,1.0,0.0,0.0
16.241936683654785,0.008979082107543945,3.9,0.0,0.020689460009597257,0.0,0.0,0.7548908963869226,0.0,0.0207,0.0208,0.0,-0.02,0.02,0.02,1.0,0.0,0.0
16.28235149383545,0.009203910827636719,3.9,0.0,0.020689460009597257,0.0,-0.0,0.7548908963869226,0.0,0.0207,0.0207,-0.0,-0.02,0.02,0.02,1.0,0.0,0.0
16.322370290756226,0.009019851684570312,3.9,0.0,0.020689460009597257,0.0,-0.0,0.7548908963869226,0.0,0.0207,0.0207,-0.0,-0.02,0.02,0.02,1.0,0.01,0.0
16.362691164016724,0.009140968322753906,3.9,0.0,0.020689460009597257,0.0,-0.0,0.7548908963869226,0.0,0.0207,0.0207,-0.0,-0.02,0.02,0.02,1.0,0.01,39.56
16.4027099609375,0.008957862854003906,3.9,0.0,0.020689460009597257,0.0,-0.0,0.7548908963869226,0.0,0.0207,0.0207,-0.0,-0.02,0.02,0.02,1.0,0.0,0.0
16.442903757095337,0.008940935134887695,3.9,0.0,0.020689460009597257,0.0,0.0,0.7548908963869226,0.0,0.0207,0.0207,0.0,-0.02,0.02,0.02,1.0,0.0,17.58
16.483123779296875,0.008970975875854492,3.9,0.0,0.020689460009597257,0.0,-0.0,0.7548908963869226,0.0,0.0207,0.0207,-0.0,-0.02,0.02,0.02,1.0,0.02,8.79
16.523294687271118,0.008958816528320312,3.9,0.0,0.020689460009597257,0.0,-0.0,0.7548908963869226,0.0,0.0207,0.0207,-0.0,-0.02,0.02,0.02,1.0,0.01,0.0
16.563762664794922,0.00922083854675293,3.9,0.0,0.020787960009597258,0.0,-0.0,0.7584848400306727,0.0,0.0208,0.0208,-0.0,-0.02,0.02,0.02,1.0,0.0,43.96
16.603718519210815,0.008983850479125977,3.9,0.0,0.020689460009597257,0.0,-0.0,0.7548908963869226,0.0,0.0207,0.0207,-0.0,-0.02,0.02,0.02,1.0,0.0,8.79
16.64397358894348,0.009052038192749023,3.9,0.0,0.020787960009597258,0.0,0.0,0.7584848400306727,0.0,0.0208,0.0208,0.0,-0.02,0.02,0.02,1.0,0.01,8.79
16.683960676193237,0.008861064910888672,3.9,0.0,0.020787960009597258,0.0,0.0,0.7584848400306727,0.0,0.0208,0.0208,0.0,-0.02,0.02,0.02,1.0,0.0,13.19
16.724279642105103,0.008994102478027344,3.9,0.0,0.020787960009597258,0.0,0.0,0.7584848400306727,0.0,0.0208,0.0208,0.0,-0.02,0.02,0.02,1.0,0.0,26.37
16.764700412750244,0.009207963943481445,3.9,0.0,0.020787960009597258,0.0,0.0,0.7584848400306727,0.0,0.0208,0.0208,0.0,-0.02,0.02,0.02,1.0,0.0,8.79
16.804648399353027,0.008960962295532227,3.9,0.0,0.020787960009597258,0.0,0.0,0.7584848400306727,0.0,0.0208,0.0208,0.0,-0.02,0.02,0.02,1.0,0.01,4.4
16.84531831741333,0.009124994277954102,3.9,0.0,0.020787960009597258,0.0,-0.0,0.7584848400306727,0.0,0.0208,0.0208,-0.0,-0.02,0.02,0.02,1.0,0.0,35.16
16.885454177856445,0.009077072143554688,3.9,0.0,0.020787960009597258,0.0,-0.0,0.7584848400306727,0.0,0.0208,0.0208,-0.0,-0.02,0.02,0.02,1.0,0.0,26.37
16.925599098205566,0.009038925170898438,3.9,0.0,0.020787960009597258,0.0,-0.0,0.7584848400306727,0.0,0.0208,0.0208,-0.0,-0.02,0.02,0.02,1.0,0.01,0.0
16.96627402305603,0.009185075759887695,3.9,0.0,0.020787960009597258,0.0,-0.0,0.7584848400306727,0.0,0.0208,0.0208,-0.0,-0.02,0.02,0.02,1.0,0.0,0.0
17.00624418258667,0.008967161178588867,3.9,0.0,0.020787960009597258,0.0,-0.0,0.7584848400306727,0.0,0.0208,0.0208,-0.0,-0.02,0.02,0.02,1.0,0.0,13.19
17.046499013900757,0.009032011032104492,3.9,0.0,0.020787960009597258,0.0,0.0,0.7584848400306727,0.0,0.0208,0.0208,0.0,-0.02,0.02,0.02,1.0,0.0,13.19
17.086764097213745,0.009119033813476562,3.9,0.0,0.020787960009597258,0.0,-0.0,0.7584848400306727,0.0,0.0208,0.0208,-0.0,-0.02,0.02,0.02,1.0,0.01,48.35
17.126811265945435,0.008978128433227539,3.9,0.0,0.020787960009597258,0.0,0.0,0.7584848400306727,0.0,0.0208,0.0208,0.0,-0.02,0.02,0.02,1.0,0.01,4.4
17.167059183120728,0.009038925170898438,3.9,0.0,0.020787960009597258,0.0,0.0,0.7584848400306727,0.0,0.0208,0.0208,0.0,-0.02,0.02,0.02,1.0,0.0,0.0
17.2070791721344,0.008868932723999023,3.9,0.0,0.020787960009597258,0.0,0.0,0.7584848400306727,0.0,0.0208,0.0208,0.0,-0.02,0.02,0.02,1.0,0.02,4.4
17.247292280197144,0.008897066116333008,3.9,0.0,0.020787960009597258,0.0,-0.0,0.7584848400306727,0.0,0.0208,0.0208,-0.0,-0.02,0.02,0.02,1.0,0.0,0.0
17.28745126724243,0.008872032165527344,3.9,0.0,0.020787960009597258,0.0,-0.0,0.7584848400306727,0.0,0.0208,0.0208,-0.0,-0.02,0.02,0.02,1.0,0.0,8.79
17.327706336975098,0.008931159973144531,3.9,0.0,0.020787960009597258,0.0,-0.0,0.7584848400306727,0.0,0.0208,0.0208,-0.0,-0.02,0.02,0.02,1.0,0.0,48.35
17.36792016029358,0.0089569091796875,3.9,0.0,0.020787960009597258,0.0,-0.0,0.7584848400306727,0.0,0.0208,0.0208,-0.0,-0.02,0.02,0.02,1.0,0.01,4.4
17.40814518928528,0.008990049362182617,3.9,0.0,0.020787960009597258,0.0,0.0,0.7584848400306727,0.0,0.0208,0.0208,0.0,-0.02,0.02,0.02,1.0,0.0,26.37
17.44826030731201,0.008925914764404297,3.9,0.0,0.020886460009597256,0.0,-0.0,0.7620787836744226,0.0,0.0209,0.0209,-0.0,-0.02,0.02,0.02,1.0,0.0,4.4
17.48851704597473,0.008997917175292969,3.9,0.0,0.020787960009597258,0.0,-0.0,0.7584848400306727,0.0,0.0208,0.0208,-0.0,-0.02,0.02,0.02,1.0,0.01,17.58
17.52965021133423,0.00908207893371582,3.9,0.0,0.020886460009597256,0.0,0.0,0.7620787836744226,0.0,0.0209,0.0209,0.0,-0.02,0.02,0.02,1.0,0.01,17.58
17.569868087768555,0.009083032608032227,3.9,0.0,0.020886460009597256,0.0,0.0,0.7620787836744226,0.0,0.0209,0.0209,0.0,-0.02,0.02,0.02,1.0,0.0,30.77
17.61013102531433,0.009155988693237305,3.9,0.0,0.020886460009597256,0.0,-0.0,0.7620787836744226,0.0,0.0209,0.0208,-0.0,-0.02,0.02,0.02,1.0,0.01,35.16
17.650085926055908,0.008920907974243164,3.9,0.0,0.020787960009597258,0.0,-0.0,0.7584848400306727,0.0,0.0208,0.0208,-0.0,-0.02,0.02,0.02,1.0,0.0,0.0
17.69059705734253,0.009222984313964844,3.9,0.0,0.020787960009597258,0.0,-0.0,0.7584848400306727,0.0,0.0208,0.0208,-0.0,-0.02,0.02,0.02,1.0,0.0,4.4
17.73189902305603,0.00928497314453125,3.9,0.0,0.020787960009597258,0.0,-0.0,0.7584848400306727,0.0,0.0208,0.0208,-0.0,-0.02,0.02,0.02,1.0,0.0,0.0
17.77179718017578,0.008982181549072266,3.9,0.0,0.020787960009597258,0.0,0.0,0.7584848400306727,0.0,0.0208,0.0208,0.0,-0.02,0.02,0.02,1.0,0.0,39.56
17.812021255493164,0.009012937545776367,3.9,0.0,0.020787960009597258,0.0,0.0,0.7584848400306727,0.0,0.0208,0.0208,0.0,-0.02,0.02,0.02,1.0,0.01,0.0
17.85216999053955,0.008974790573120117,3.9,0.0,0.020886460009597256,0.0,-0.0,0.7620787836744226,0.0,0.0209,0.0209,-0.0,-0.02,0.02,0.02,1.0,0.0,0.0
17.893261194229126,0.009018182754516602,3.9,0.0,0.020886460009597256,0.0,-0.0,0.7620787836744226,0.0,0.0209,0.0209,-0.0,-0.02,0.02,0.02,1.0,0.01,0.0
17.93423318862915,0.008971929550170898,3.9,0.0,0.020886460009597256,0.0,-0.0,0.7620787836744226,0.0,0.0209,0.0209,-0.0,-0.02,0.02,0.02,1.0,0.0,8.79
17.97441816329956,0.008970022201538086,3.9,0.0,0.020886460009597256,0.0,0.0,0.7620787836744226,0.0,0.0209,0.0209,0.0,-0.02,0.02,0.02,1.0,0.0,0.0
18.014647006988525,0.009016990661621094,3.9,0.0,0.020886460009597256,0.0,0.0,0.7620787836744226,0.0,0.0209,0.0209,0.0,-0.02,0.02,0.02,1.0,0.0,21.98
18.054800033569336,0.00898599624633789,3.9,0.0,0.020886460009597256,0.0,-0.0,0.7620787836744226,0.0,0.0209,0.0209,-0.0,-0.02,0.02,0.02,1.0,0.0,13.19
18.094961881637573,0.00896000862121582,3.9,0.0,0.020886460009597256,0.0,-0.0,0.7620787836744226,0.0,0.0209,0.0209,-0.0,-0.02,0.02,0.02,1.0,0.0,4.4
18.135448694229126,0.009243011474609375,3.9,0.0,0.020886460009597256,0.0,-0.0,0.7620787836744226,0.0,0.0209,0.0209,-0.0,-0.02,0.02,0.02,1.0,0.0,0.0
18.175398588180542,0.009003877639770508,3.9,0.0,0.020787960009597258,0.0,0.0,0.7584848400306727,0.0,0.0208,0.0209,0.0,-0.02,0.02,0.02,1.0,0.02,0.0
18.215553760528564,0.008962154388427734,3.9,0.0,0.020886460009597256,0.0,-0.0,0.7620787836744226,0.0,0.0209,0.0209,-0.0,-0.02,0.02,0.02,1.0,0.0,43.96
18.25593066215515,0.009152889251708984,3.9,0.0,0.020886460009597256,0.0,-0.0,0.7620787836744226,0.0,0.0209,0.0209,-0.0,-0.02,0.02,0.02,1.0,0.0,0.0
18.296119689941406,0.009152889251708984,3.9,0.0,0.020886460009597256,0.0,-0.0,0.7620787836744226,0.0,0.0209,0.0209,-0.0,-0.02,0.02,0.02,1.0,0.0,0.0
18.336315870285034,0.009166955947875977,3.9,0.0,0.020886460009597256,0.0,0.0,0.7620787836744226,0.0,0.0209,0.0209,0.0,-0.02,0.02,0.02,1.0,0.0,35.16
18.37651777267456,0.009182929992675781,3.9,0.0,0.020886460009597256,0.0,-0.0,0.7620787836744226,0.0,0.0209,0.0209,-0.0,-0.02,0.02,0.02,1.0,0.0,43.96
18.416847944259644,0.0093231201171875,3.9,0.0,0.020886460009597256,0.0,0.0,0.7620787836744226,0.0,0.0209,0.0209,0.0,-0.02,0.02,0.02,1.0,0.0,0.0
18.45730423927307,0.009133100509643555,3.9,0.0,0.020886460009597256,0.0,-0.0,0.7620787836744226,0.0,0.0209,0.0209,-0.0,-0.02,0.02,0.02,1.0,0.0,8.79
18.497344255447388,0.008992910385131836,3.9,0.0,0.020886460009597256,0.0,0.0,0.7620787836744226,0.0,0.0209,0.0209,0.0,-0.02,0.02,0.02,1.0,0.0,0.0
18.537898063659668,0.008929967880249023,3.9,0.0,0.020886460009597256,0.0,-0.0,0.7620787836744226,0.0,0.0209,0.0209,-0.0,-0.02,0.02,0.02,1.0,0.0,8.79
18.578166246414185,0.00912618637084961,3.9,0.0,0.020787960009597258,0.0,-0.0,0.7584848400306727,0.0,0.0208,0.0209,-0.0,-0.02,0.02,0.02,1.0,0.0,8.79
18.618635416030884,0.009076118469238281,3.9,0.0,0.020787960009597258,0.0,0.0,0.7584848400306727,0.0,0.0208,0.0208,0.0,-0.02,0.02,0.02,1.0,0.0,30.77
18.658711433410645,0.008965015411376953,3.9,0.0,0.020886460009597256,0.0,0.0,0.7620787836744226,0.0,0.0209,0.0209,0.0,-0.02,0.02,0.02,1.0,0.01,13.19
18.699270486831665,0.008942127227783203,3.9,0.0,0.020886460009597256,0.0,-0.0,0.7620787836744226,0.0,0.0209,0.0209,-0.0,-0.02,0.02,0.02,1.0,0.0,30.77
18.739495515823364,0.008984088897705078,3.9,0.0,0.020886460009597256,0.0,-0.0,0.7620787836744226,0.0,0.0209,0.0209,-0.0,-0.02,0.02,0.02,1.0,0.0,39.56
18.779762744903564,0.009040117263793945,3.9,0.0,0.020886460009597256,0.0,-0.0,0.7620787836744226,0.0,0.0209,0.0209,-0.0,-0.02,0.02,0.02,1.0,0.0,0.0
18.820088624954224,0.009172916412353516,3.9,0.0,0.020886460009597256,0.0,0.0,0.7620787836744226,0.0,0.0209,0.0209,0.0,-0.02,0.02,0.02,1.0,0.0,0.0
18.860084533691406,0.00899195671081543,3.9,0.0,0.020886460009597256,0.0,-0.0,0.7620787836744226,0.0,0.0209,0.0209,-0.0,-0.02,0.02,0.02,1.0,0.0,0.0
18.90043330192566,0.009141921997070312,3.9,0.0,0.020886460009597256,0.0,0.0,0.7620787836744226,0.0,0.0209,0.0209,0.0,-0.02,0.02,0.02,1.0,0.01,4.4
18.940474271774292,0.00898289680480957,3.9,0.0,0.020886460009597256,0.0,-0.0,0.7620787836744226,0.0,0.0209,0.0209,-0.0,-0.02,0.02,0.02,1.0,0.0,61.54
18.98054528236389,0.008870124816894531,3.9,0.0,0.020886460009597256,0.0,-0.0,0.7620787836744226,0.0,0.0209,0.0209,-0.0,-0.02,0.02,0.02,1.0,0.0,0.0
19.02097749710083,0.009061098098754883,3.9,0.0,0.02098496000959726,0.0,0.0,0.7656727273181728,0.0,0.021,0.0209,0.0,-0.02,0.02,0.02,1.0,0.0,26.37
19.061389446258545,0.009289026260375977,3.9,0.0,0.02098496000959726,0.0,0.0,0.7656727273181728,0.0,0.021,0.021,0.0,-0.02,0.02,0.02,1.0,0.0,8.79
19.101587533950806,0.008919954299926758,3.9,0.0,0.020886460009597256,0.0,-0.0,0.7620787836744226,0.0,0.0209,0.0209,-0.0,-0.02,0.02,0.02,1.0,0.0,0.0
19.14307141304016,0.009444952011108398,3.9,0.0,0.020886460009597256,0.0,0.0,0.7620787836744226,0.0,0.0209,0.0209,0.0,-0.02,0.02,0.02,1.0,0.01,0.0
19.182861328125,0.00904703140258789,3.9,0.0,0.020886460009597256,0.0,-0.0,0.7620787836744226,0.0,0.0209,0.0209,-0.0,-0.02,0.02,0.02,1.0,0.0,4.4
19.223259210586548,0.009253978729248047,3.9,0.0,0.020886460009597256,0.0,-0.0,0.7620787836744226,0.0,0.0209,0.0209,-0.0,-0.02,0.02,0.02,1.0,0.0,0.0
19.26342535018921,0.009238958358764648,3.9,0.0,0.020886460009597256,0.0,0.0,0.7620787836744226,0.0,0.0209,0.0209,0.0,-0.02,0.02,0.02,1.0,0.0,13.19
19.30341339111328,0.009037017822265625,3.9,0.0,0.020886460009597256,0.0,-0.0,0.7620787836744226,0.0,0.0209,0.0209,-0.0,-0.02,0.02,0.02,1.0,0.0,35.16
19.343689441680908,0.00913095474243164,3.9,0.0,0.020886460009597256,0.0,0.0,0.7620787836744226,0.0,0.0209,0.0209,0.0,-0.02,0.02,0.02,1.0,0.0,0.0
19.384567260742188,0.009042978286743164,3.9,0.0,0.020886460009597256,0.0,-0.0,0.7620787836744226,0.0,0.0209,0.0209,-0.0,-0.02,0.02,0.02,1.0,0.0,0.0
19.425145387649536,0.009006023406982422,3.9,0.0,0.020886460009597256,0.0,0.0,0.7620787836744226,0.0,0.0209,0.0209,0.0,-0.02,0.02,0.02,1.0,0.0,0.0
19.46541118621826,0.009061813354492188,3.9,0.0,0.020886460009597256,0.0,-0.0,0.7620787836744226,0.0,0.0209,0.0209,-0.0,-0.02,0.02,0.02,1.0,0.0,0.0
19.505733251571655,0.009129047393798828,3.9,0.0,0.020886460009597256,0.0,-0.0,0.7620787836744226,0.0,0.0209,0.0209,-0.0,-0.02,0.02,0.02,1.0,0.0,0.0
19.545854330062866,0.009071111679077148,3.9,0.0,0.020886460009597256,0.0,-0.0,0.7620787836744226,0.0,0.0209,0.0209,-0.0,-0.02,0.02,0.02,1.0,0.01,35.16
19.589194297790527,0.012171030044555664,3.9,0.0,0.020886460009597256,0.0,0.0,0.7620787836744226,0.0,0.0209,0.0209,0.0,-0.02,0.02,0.02,1.0,0.0,8.79
19.62621808052063,0.009009838104248047,3.9,0.0,0.020886460009597256,0.0,-0.0,0.7620787836744226,0.0,0.0209,0.0209,-0.0,-0.02,0.02,0.02,1.0,0.0,0.0
19.666479110717773,0.009071111679077148,3.9,0.0,0.020886460009597256,0.0,-0.0,0.7620787836744226,0.0,0.0209,0.0209,-0.0,-0.02,0.02,0.02,1.0,0.0,0.0
19.706730127334595,0.009134054183959961,3.9,0.0,0.020886460009597256,0.0,0.0,0.7620787836744226,0.0,0.0209,0.0209,0.0,-0.02,0.02,0.02,1.0,0.01,0.0
19.746985912322998,0.00921487808227539,3.9,0.0,0.020886460009597256,0.0,-0.0,0.7620787836744226,0.0,0.0209,0.0209,-0.0,-0.02,0.02,0.02,1.0,0.0,0.0
19.787256002426147,0.009299993515014648,3.9,0.0,0.020787960009597258,0.0,-0.0,0.7584848400306727,0.0,0.0208,0.0208,-0.0,-0.02,0.02,0.02,1.0,0.0,35.16
19.828513145446777,0.010358095169067383,3.9,0.0,0.020787960009597258,0.0,0.0,0.7584848400306727,0.0,0.0208,0.0208,0.0,-0.02,0.02,0.02,1.0,0.02,13.19
19.868215084075928,0.008925914764404297,3.9,0.0,0.020787960009597258,0.0,0.0,0.7584848400306727,0.0,0.0208,0.0208,0.0,-0.02,0.02,0.02,1.0,0.0,4.4
19.90858817100525,0.009114980697631836,3.9,0.0,0.020787960009597258,0.0,-0.0,0.7584848400306727,0.0,0.0208,0.0208,-0.0,-0.02,0.02,0.02,1.0,0.0,30.77
19.94867515563965,0.009018898010253906,3.9,0.0,0.020787960009597258,0.0,-0.0,0.7584848400306727,0.0,0.0208,0.0208,-0.0,-0.02,0.02,0.02,1.0,0.0,0.0
19.988872051239014,0.008970975875854492,3.9,0.0,0.020886460009597256,0.0,0.0,0.7620787836744226,0.0,0.0209,0.0209,0.0,-0.02,0.02,0.02,1.0,0.0,0.0
20.029890060424805,0.008999109268188477,3.9,0.0,0.020886460009597256,0.0,-0.0,0.7620787836744226,0.0,0.0209,0.0209,-0.0,-0.02,0.02,0.02,1.0,0.0,0.0
20.07021713256836,0.009141921997070312,3.9,0.0,0.020886460009597256,0.0,0.0,0.7620787836744226,0.0,0.0209,0.0209,0.0,-0.02,0.02,0.02,1.0,0.0,0.0
20.111011266708374,0.008955001831054688,3.9,0.0,0.020886460009597256,0.0,0.0,0.7620787836744226,0.0,0.0209,0.0209,0.0,-0.02,0.02,0.02,1.0,0.0,4.4
20.1511971950531,0.008960962295532227,3.9,0.0,0.020886460009597256,0.0,-0.0,0.7620787836744226,0.0,0.0209,0.0209,-0.0,-0.02,0.02,0.02,1.0,0.01,0.0
20.19166326522827,0.009241104125976562,3.9,0.0,0.020886460009597256,0.0,-0.0,0.7620787836744226,0.0,0.0209,0.0209,-0.0,-0.02,0.02,0.02,1.0,0.02,13.19
20.231531143188477,0.008920907974243164,3.9,0.0,0.020886460009597256,0.0,0.0,0.7620787836744226,0.0,0.0209,0.0209,0.0,-0.02,0.02,0.02,1.0,0.01,0.0
20.272873401641846,0.009113073348999023,3.9,0.0,0.02098496000959726,0.0,0.0,0.7656727273181728,0.0,0.021,0.021,0.0,-0.02,0.02,0.02,1.0,0.0,0.0
20.31291437149048,0.008966922760009766,3.9,0.0,0.02098496000959726,0.0,-0.0,0.7656727273181728,0.0,0.021,0.021,-0.0,-0.02,0.02,0.02,1.0,0.0,26.37
20.353252410888672,0.009120941162109375,3.9,0.0,0.02098496000959726,0.0,-0.0,0.7656727273181728,0.0,0.021,0.021,-0.0,-0.02,0.02,0.02,1.0,0.0,0.0
20.393919467926025,0.00914311408996582,3.9,0.0,0.02098496000959726,0.0,-0.0,0.7656727273181728,0.0,0.021,0.021,-0.0,-0.02,0.02,0.02,1.0,0.0,30.77
20.434044361114502,0.009076833724975586,3.9,0.0,0.02098496000959726,0.0,-0.0,0.7656727273181728,0.0,0.021,0.021,-0.0,-0.02,0.02,0.02,1.0,0.01,4.4
20.47427535057068,0.009124994277954102,3.9,0.0,0.02098496000959726,0.0,-0.0,0.7656727273181728,0.0,0.021,0.021,-0.0,-0.02,0.02,0.02,1.0,0.0,4.4
20.515478372573853,0.008980989456176758,3.9,0.0,0.020886460009597256,0.0,0.0,0.7620787836744226,0.0,0.0209,0.0209,0.0,-0.02,0.02,0.02,1.0,0.0,0.0
20.555718421936035,0.009032964706420898,3.9,0.0,0.020886460009597256,0.0,0.0,0.7620787836744226,0.0,0.0209,0.0209,0.0,-0.02,0.02,0.02,1.0,0.01,17.58
20.595802545547485,0.008932113647460938,3.9,0.0,0.020886460009597256,0.0,-0.0,0.7620787836744226,0.0,0.0209,0.0209,-0.0,-0.02,0.02,0.02,1.0,0.01,21.98
20.63611650466919,0.009052038192749023,3.9,0.0,0.020886460009597256,0.0,-0.0,0.7620787836744226,0.0,0.0209,0.0209,-0.0,-0.02,0.02,0.02,1.0,0.0,4.4
20.676417350769043,0.009161949157714844,3.9,0.0,0.020886460009597256,0.0,-0.0,0.7620787836744226,0.0,0.0209,0.0209,-0.0,-0.02,0.02,0.02,1.0,0.0,13.19
20.716448545455933,0.00899815559387207,3.9,0.0,0.020886460009597256,0.0,-0.0,0.7620787836744226,0.0,0.0209,0.0209,-0.0,-0.02,0.02,0.02,1.0,0.0,0.0
20.75676155090332,0.009130001068115234,3.9,0.0,0.020886460009597256,0.0,0.0,0.7620787836744226,0.0,0.0209,0.0209,0.0,-0.02,0.02,0.02,1.0,0.0,0.0
20.796801567077637,0.008986949920654297,3.9,0.0,0.020886460009597256,0.0,-0.0,0.7620787836744226,0.0,0.0209,0.0209,-0.0,-0.02,0.02,0.02,1.0,0.0,0.0
20.83727478981018,0.009256124496459961,3.9,0.0,0.020886460009597256,0.0,-0.0,0.7620787836744226,0.0,0.0209,0.0209,-0.0,-0.02,0.02,0.02,1.0,0.0,0.0
20.87711191177368,0.008944988250732422,3.9,0.0,0.020886460009597256,0.0,-0.0,0.7620787836744226,0.0,0.0209,0.0209,-0.0,-0.02,0.02,0.02,1.0,0.0,74.73
20.91822600364685,0.009055137634277344,3.9,0.0,0.020886460009597256,0.0,-0.0,0.7620787836744226,0.0,0.0209,0.0209,-0.0,-0.02,0.02,0.02,1.0,0.0,4.4
20.958314180374146,0.008958101272583008,3.9,0.0,0.020886460009597256,0.0,0.0,0.7620787836744226,0.0,0.0209,0.0209,0.0,-0.02,0.02,0.02,1.0,0.0,26.37
21.000426292419434,0.009195089340209961,3.9,0.0,0.020886460009597256,0.0,-0.0,0.7620787836744226,0.0,0.0209,0.0209,-0.0,-0.02,0.02,0.02,1.0,0.01,0.0
21.04055643081665,0.009133100509643555,3.9,0.0,0.020787960009597258,0.0,-0.0,0.7584848400306727,0.0,0.0208,0.0208,-0.0,-0.02,0.02,0.02,1.0,0.0,0.0
21.081257343292236,0.009126901626586914,3.9,0.0,0.020787960009597258,0.0,0.0,0.7584848400306727,0.0,0.0208,0.0208,0.0,-0.02,0.02,0.02,1.0,0.0,48.35
21.121776342391968,0.009442806243896484,3.9,0.0,0.020787960009597258,0.0,0.0,0.7584848400306727,0.0,0.0208,0.0208,0.0,-0.02,0.02,0.02,1.0,0.0,8.79
21.162540435791016,0.009134054183959961,3.9,0.0,0.020787960009597258,0.0,0.0,0.7584848400306727,0.0,0.0208,0.0208,0.0,-0.02,0.02,0.02,1.0,0.02,0.0
21.20265245437622,0.009062051773071289,3.9,0.0,0.020886460009597256,0.0,-0.0,0.7620787836744226,0.0,0.0209,0.0208,-0.0,-0.02,0.02,0.02,1.0,0.0,8.79
21.243757486343384,0.009176969528198242,3.9,0.0,0.020787960009597258,0.0,-0.0,0.7584848400306727,0.0,0.0208,0.0208,-0.0,-0.02,0.02,0.02,1.0,0.0,8.79
21.28387951850891,0.009112119674682617,3.9,0.0,0.020787960009597258,0.0,-0.0,0.7584848400306727,0.0,0.0208,0.0208,-0.0,-0.02,0.02,0.02,1.0,0.01,17.58
21.324015378952026,0.009059906005859375,3.9,0.0,0.020886460009597256,0.0,0.0,0.7620787836744226,0.0,0.0209,0.0209,0.0,-0.02,0.02,0.02,1.0,0.0,4.4
21.364184141159058,0.00904393196105957,3.9,0.0,0.020886460009597256,0.0,0.0,0.7620787836744226,0.0,0.0209,0.0209,0.0,-0.02,0.02,0.02,1.0,0.0,0.0
21.404727935791016,0.009385824203491211,3.9,0.0,0.020787960009597258,0.0,-0.0,0.7584848400306727,0.0,0.0208,0.0208,-0.0,-0.02,0.02,0.02,1.0,0.0,0.0
21.44469976425171,0.009167909622192383,3.9,0.0,0.020787960009597258,0.0,-0.0,0.7584848400306727,0.0,0.0208,0.0208,-0.0,-0.02,0.02,0.02,1.0,0.0,4.4
21.484795808792114,0.009078025817871094,3.9,0.0,0.020787960009597258,0.0,-0.0,0.7584848400306727,0.0,0.0208,0.0208,-0.0,-0.02,0.02,0.02,1.0,0.03,26.37
21.52483582496643,0.008929967880249023,3.9,0.0,0.020787960009597258,0.0,0.0,0.7584848400306727,0.0,0.0208,0.0208,0.0,-0.02,0.02,0.02,1.0,0.01,0.0
21.56514573097229,0.009057998657226562,3.9,0.0,0.020787960009597258,0.0,-0.0,0.7584848400306727,0.0,0.0208,0.0208,-0.0,-0.02,0.02,0.02,1.0,0.0,0.0
21.60533356666565,0.009019851684570312,3.9,0.0,0.020787960009597258,0.0,-0.0,0.7584848400306727,0.0,0.0208,0.0208,-0.0,-0.02,0.02,0.02,1.0,0.0,35.16
21.64586067199707,0.009341955184936523,3.9,0.0,0.020787960009597258,0.0,-0.0,0.7584848400306727,0.0,0.0208,0.0208,-0.0,-0.02,0.02,0.02,1.0,0.0,0.0
21.68566083908081,0.008964061737060547,3.9,0.0,0.020787960009597258,0.0,-0.0,0.7584848400306727,0.0,0.0208,0.0208,-0.0,-0.02,0.02,0.02,1.0,0.01,26.37
21.72585391998291,0.008975028991699219,3.9,0.0,0.020787960009597258,0.0,-0.0,0.7584848400306727,0.0,0.0208,0.0208,-0.0,-0.02,0.02,0.02,1.0,0.01,13.19
21.76625394821167,0.009160995483398438,3.9,0.0,0.020787960009597258,0.0,0.0,0.7584848400306727,0.0,0.0208,0.0208,0.0,-0.02,0.02,0.02,1.0,0.0,8.79
21.80665397644043,0.009361982345581055,3.9,0.0,0.020787960009597258,0.0,-0.0,0.7584848400306727,0.0,0.0208,0.0208,-0.0,-0.02,0.02,0.02,1.0,0.0,4.4
21.846657037734985,0.009157896041870117,3.9,0.0,0.020787960009597258,0.0,-0.0,0.7584848400306727,0.0,0.0208,0.0208,-0.0,-0.02,0.02,0.02,1.0,0.0,0.0
21.886850118637085,0.009112119674682617,3.9,0.0,0.020787960009597258,0.0,-0.0,0.7584848400306727,0.0,0.0208,0.0208,-0.0,-0.02,0.02,0.02,1.0,0.0,30.77
21.928189039230347,0.009182929992675781,3.9,0.0,0.020787960009597258,0.0,-0.0,0.7584848400306727,0.0,0.0208,0.0208,-0.0,-0.02,0.02,0.02,1.0,0.0,0.0
21.96821093559265,0.009009838104248047,3.9,0.0,0.020787960009597258,0.0,-0.0,0.7584848400306727,0.0,0.0208,0.0208,-0.0,-0.02,0.02,0.02,1.0,0.0,39.56
22.008381843566895,0.008991003036499023,3.9,0.0,0.020787960009597258,0.0,-0.0,0.7584848400306727,0.0,0.0208,0.0208,-0.0,-0.02,0.02,0.02,1.0,0.0,4.4
22.048616647720337,0.00904393196105957,3.9,0.0,0.020787960009597258,0.0,-0.0,0.7584848400306727,0.0,0.0208,0.0208,-0.0,-0.02,0.02,0.02,1.0,0.01,0.0
22.08874773979187,0.008986949920654297,3.9,0.0,0.020787960009597258,0.0,-0.0,0.7584848400306727,0.0,0.0208,0.0208,-0.0,-0.02,0.02,0.02,1.0,0.0,4.4
22.12973976135254,0.008959054946899414,3.9,0.0,0.020787960009597258,0.0,-0.0,0.7584848400306727,0.0,0.0208,0.0208,-0.0,-0.02,0.02,0.02,1.0,0.0,26.37
22.170432806015015,0.009454011917114258,3.9,0.0,0.020787960009597258,0.0,0.0,0.7584848400306727,0.0,0.0208,0.0208,0.0,-0.02,0.02,0.02,1.0,0.0,17.58
22.210622787475586,0.008991003036499023,3.9,0.0,0.020787960009597258,0.0,-0.0,0.7584848400306727,0.0,0.0208,0.0208,-0.0,-0.02,0.02,0.02,1.0,0.0,13.19
22.250903606414795,0.009083986282348633,3.9,0.0,0.020787960009597258,0.0,-0.0,0.7584848400306727,0.0,0.0208,0.0208,-0.0,-0.02,0.02,0.02,1.0,0.0,4.4
22.29104971885681,0.009032011032104492,3.9,0.0,0.020787960009597258,0.0,0.0,0.7584848400306727,0.0,0.0208,0.0208,0.0,-0.02,0.02,0.02,1.0,0.0,8.79
22.331425666809082,0.009216070175170898,3.9,0.0,0.020787960009597258,0.0,0.0,0.7584848400306727,0.0,0.0208,0.0208,0.0,-0.02,0.02,0.02,1.0,0.0,101.1
22.371323823928833,0.008919000625610352,3.9,0.0,0.020787960009597258,0.0,-0.0,0.7584848400306727,0.0,0.0208,0.0208,-0.0,-0.02,0.02,0.02,1.0,0.0,13.19
22.411649703979492,0.009050846099853516,3.9,0.0,0.020787960009597258,0.0,-0.0,0.7584848400306727,0.0,0.0208,0.0208,-0.0,-0.02,0.02,0.02,1.0,0.0,30.77
22.451735019683838,0.008956193923950195,3.9,0.0,0.020787960009597258,0.0,-0.0,0.7584848400306727,0.0,0.0208,0.0208,-0.0,-0.02,0.02,0.02,1.0,0.01,17.58
22.492887258529663,0.009621143341064453,3.9,0.0,0.020787960009597258,0.0,0.0,0.7584848400306727,0.0,0.0208,0.0208,0.0,-0.02,0.02,0.02,1.0,0.0,0.0
22.532357454299927,0.008904218673706055,3.9,0.0,0.020787960009597258,0.0,-0.0,0.7584848400306727,0.0,0.0208,0.0208,-0.0,-0.02,0.02,0.02,1.0,0.01,17.58
22.572855472564697,0.009222030639648438,3.9,0.0,0.020689460009597257,0.0,-0.0,0.7548908963869226,0.0,0.0207,0.0207,-0.0,-0.02,0.02,0.02,1.0,0.0,26.37
22.615272283554077,0.011451959609985352,3.9,0.0,0.020787960009597258,0.0,-0.0,0.7584848400306727,0.0,0.0208,0.0208,-0.0,-0.02,0.02,0.02,1.0,0.01,13.19
22.6529221534729,0.008910894393920898,3.9,0.0,0.020689460009597257,0.0,-0.0,0.7548908963869226,0.0,0.0207,0.0207,-0.0,-0.02,0.02,0.02,1.0,0.0,0.0
22.693512201309204,0.008967161178588867,3.9,0.0,0.020689460009597257,0.0,-0.0,0.7548908963869226,0.0,0.0207,0.0207,-0.0,-0.02,0.02,0.02,1.0,0.0,0.0
22.73368501663208,0.008944988250732422,3.9,0.0,0.020689460009597257,0.0,0.0,0.7548908963869226,0.0,0.0207,0.0207,0.0,-0.02,0.02,0.02,1.0,0.01,65.93
22.773897886276245,0.008944988250732422,3.9,0.0,0.020689460009597257,0.0,-0.0,0.7548908963869226,0.0,0.0207,0.0207,-0.0,-0.02,0.02,0.02,1.0,0.0,13.19
22.81411600112915,0.008916139602661133,3.9,0.0,0.020689460009597257,0.0,-0.0,0.7548908963869226,0.0,0.0207,0.0207,-0.0,-0.02,0.02,0.02,1.0,0.0,26.37
22.854487895965576,0.00910186767578125,3.9,0.0,0.020689460009597257,0.0,-0.0,0.7548908963869226,0.0,0.0207,0.0207,-0.0,-0.02,0.02,0.02,1.0,0.0,0.0
22.894484043121338,0.008912086486816406,3.9,0.0,0.020689460009597257,0.0,0.0,0.7548908963869226,0.0,0.0207,0.0207,0.0,-0.02,0.02,0.02,1.0,0.0,35.16
22.93476414680481,0.00899815559387207,3.9,0.0,0.020689460009597257,0.0,0.0,0.7548908963869226,0.0,0.0207,0.0207,0.0,-0.02,0.02,0.02,1.0,0.01,21.98
22.975037336349487,0.009076118469238281,3.9,0.0,0.020689460009597257,0.0,-0.0,0.7548908963869226,0.0,0.0207,0.0207,-0.0,-0.02,0.02,0.02,1.0,0.0,0.0
23.015302419662476,0.009137868881225586,3.9,0.0,0.020689460009597257,0.0,-0.0,0.7548908963869226,0.0,0.0207,0.0207,-0.0,-0.02,0.02,0.02,1.0,0.0,0.0
23.055270671844482,0.008926153182983398,3.9,0.0,0.020689460009597257,0.0,0.0,0.7548908963869226,0.0,0.0207,0.0207,0.0,-0.02,0.02,0.02,1.0,0.01,21.98
23.09550952911377,0.008980035781860352,3.9,0.0,0.020689460009597257,0.0,-0.0,0.7548908963869226,0.0,0.0207,0.0207,-0.0,-0.02,0.02,0.02,1.0,0.0,0.0
23.135706663131714,0.008989095687866211,3.9,0.0,0.020787960009597258,0.0,0.0,0.7584848400306727,0.0,0.0208,0.0208,0.0,-0.02,0.02,0.02,1.0,0.02,4.4
23.175801753997803,0.008888006210327148,3.9,0.0,0.020689460009597257,0.0,-0.0,0.7548908963869226,0.0,0.0207,0.0207,-0.0,-0.02,0.02,0.02,1.0,0.01,0.0
23.217375993728638,0.00922703742980957,3.9,0.0,0.020787960009597258,0.0,-0.0,0.7584848400306727,0.0,0.0208,0.0208,-0.0,-0.02,0.02,0.02,1.0,0.01,4.4
23.257577896118164,0.009246110916137695,3.9,0.0,0.020787960009597258,0.0,-0.0,0.7584848400306727,0.0,0.0208,0.0208,-0.0,-0.02,0.02,0.02,1.0,0.0,30.77
23.29751181602478,0.008997917175292969,3.9,0.0,0.020787960009597258,0.0,0.0,0.7584848400306727,0.0,0.0208,0.0208,0.0,-0.02,0.02,0.02,1.0,0.01,0.0
23.337668657302856,0.008966922760009766,3.9,0.0,0.02098496000959726,0.0,0.0,0.7656727273181728,0.0,0.021,0.0209,0.0,-0.02,0.02,0.02,1.0,0.01,61.54
23.3780255317688,0.009119033813476562,3.9,0.0,0.02083499500029998,0.0,0.0,0.7602009933897579,0.0,0.021,0.021,0.0,-0.02,0.01,0.01,1.0,0.0,0.0
23.418100595474243,0.009002923965454102,3.9,0.0,0.020689460009597257,0.0,-0.0,0.7548908963869226,0.0,0.0207,0.0207,-0.0,-0.02,0.02,0.03,1.0,0.0,0.0
23.458245515823364,0.00896000862121582,3.9,0.0,0.021186180306849347,0.0,0.0,0.7730145994836817,0.0,0.0209,0.0209,0.0,-0.02,0.04,0.04,1.0,0.0,0.0
23.498533487319946,0.009058952331542969,3.9,0.0,0.02093349500029998,0.0,0.0,0.7637949370335079,0.0,0.0211,0.0211,0.0,-0.02,0.01,0.01,1.0,0.01,0.0
