R=1," Q=[0.1, 0.01, 0, 0.01, 0.01, 0, 0, 0, 0.1]"," MassCenterhAndb=[0.5195, 0.4964]",Description = P = 2 in steering angle
Time,Calculation Time,Measured Velocity,Phi,Delta,Phi Dot,Control Input,a_x,ay,az,x,y,psi,nu,phi_ref,delta_ref,delta_ctrl_ref,x1_ref,x2_ref,x1,x2,delta_k
0.00533,0.00474,0.00000,0.52683,0.02578,0.02724,0.00000,0.20502,0.10498,0.97905,0.00000,0.00000,0.00000,0.00000,0.00000,0.00000,0.00000,0.00000,0.00000,2.16597,-0.46267,0.00000
0.01496,0.00420,0.00000,0.50174,0.02578,0.02480,0.00000,0.20594,0.10669,0.97868,0.00000,0.00000,0.00000,0.00000,0.00000,0.00000,0.00000,0.00000,0.00000,2.06568,-0.44135,0.00000
0.02480,0.00386,0.00000,0.47794,0.02578,0.02266,0.00000,0.20655,0.10779,0.97801,0.00000,0.00000,0.00000,0.00000,0.00000,0.00000,0.00000,0.00000,0.00000,1.97042,-0.42109,0.00000
0.03523,0.00411,0.00000,0.45535,0.02578,0.01854,0.00000,0.20649,0.10882,0.98009,0.00000,0.00000,0.00000,0.00000,0.00000,0.00000,0.00000,0.00000,0.00000,1.88179,-0.40230,0.00000
0.04510,0.00381,0.00000,0.43394,0.02578,0.02083,0.00000,0.20813,0.10974,0.98009,0.00000,0.00000,0.00000,0.00000,0.00000,0.00000,0.00000,0.00000,0.00000,1.79241,-0.38316,0.00000
0.05554,0.00408,0.00000,0.41380,0.02578,0.02052,0.00000,0.21033,0.11370,0.98118,0.00000,0.00000,0.00000,0.00000,0.00000,0.00000,0.00000,0.00000,0.00000,1.71046,-0.36569,0.00000
0.06543,0.00380,0.00000,0.39467,0.02578,0.01716,0.00000,0.20789,0.11468,0.98271,0.00000,0.00000,0.00000,0.00000,0.00000,0.00000,0.00000,0.00000,0.00000,1.63528,-0.34975,0.00000
0.07601,0.00393,0.00000,0.37656,0.02578,0.01670,0.00000,0.21338,0.11578,0.98057,0.00000,0.00000,0.00000,0.00000,0.00000,0.00000,0.00000,0.00000,0.00000,1.56174,-0.33407,0.00000
0.08655,0.00425,0.00000,0.35926,0.02578,0.01426,0.00000,0.21313,0.11468,0.98192,0.00000,0.00000,0.00000,0.00000,0.00000,0.00000,0.00000,0.00000,0.00000,1.49327,-0.31954,0.00000
0.09628,0.00380,0.00000,0.34289,0.02578,0.01625,0.00000,0.21521,0.11535,0.97868,0.00000,0.00000,0.00000,0.00000,0.00000,0.00000,0.00000,0.00000,0.00000,1.42472,-0.30485,0.00000
0.10672,0.00407,0.00000,0.32739,0.02578,0.01823,0.00000,0.21576,0.11596,0.97832,0.00000,0.00000,0.00000,0.00000,0.00000,0.00000,0.00000,0.00000,0.00000,1.35970,-0.29092,0.00000
0.11665,0.00382,0.00000,0.31268,0.02578,0.01472,0.00000,0.21966,0.11651,0.97557,0.00000,0.00000,0.00000,0.00000,0.00000,0.00000,0.00000,0.00000,0.00000,1.30272,-0.27887,0.00000
0.12712,0.00412,0.00000,0.29850,0.02578,0.01640,0.00000,0.21990,0.11218,0.97667,0.00000,0.00000,0.00000,0.00000,0.00000,0.00000,0.00000,0.00000,0.00000,1.24336,-0.26615,0.00000
0.13697,0.00379,0.00000,0.28505,0.02578,0.01335,0.00000,0.22009,0.11340,0.97551,0.00000,0.00000,0.00000,0.00000,0.00000,0.00000,0.00000,0.00000,0.00000,1.19115,-0.25510,0.00000
0.14747,0.00412,0.00000,0.27227,0.02578,0.01518,0.00000,0.21997,0.11303,0.97807,0.00000,0.00000,0.00000,0.00000,0.00000,0.00000,0.00000,0.00000,0.00000,1.13739,-0.24358,0.00000
0.15724,0.00372,0.00000,0.26024,0.02578,0.01335,0.00000,0.22021,0.11572,0.97850,0.00000,0.00000,0.00000,0.00000,0.00000,0.00000,0.00000,0.00000,0.00000,1.08986,-0.23349,0.00000
0.16782,0.00414,0.00000,0.24830,0.02578,0.00892,0.00000,0.22045,0.10632,0.98027,0.00000,0.00000,0.00000,0.00000,0.00000,0.00000,0.00000,0.00000,0.00000,1.04497,-0.22405,0.00000
0.17779,0.00392,0.00000,0.23760,0.02578,0.00876,0.00000,0.21832,0.11925,0.97691,0.00000,0.00000,0.00000,0.00000,0.00000,0.00000,0.00000,0.00000,0.00000,1.00146,-0.21477,0.00000
0.18837,0.00434,0.00000,0.22724,0.02578,0.00861,0.00000,0.21948,0.11541,0.98015,0.00000,0.00000,0.00000,0.00000,0.00000,0.00000,0.00000,0.00000,0.00000,0.95929,-0.20578,0.00000
0.19791,0.00361,0.00000,0.21742,0.02561,0.01029,0.00000,0.21954,0.11560,0.97942,0.00000,0.00000,0.00000,0.00000,0.00000,0.00000,0.00000,0.00000,0.00000,0.91746,-0.19679,0.00000
0.20859,0.00412,0.00000,0.20809,0.02519,0.00785,0.00000,0.22058,0.11627,0.98045,0.00000,0.00000,0.00000,0.00000,0.00000,0.00000,0.00000,0.00000,0.00000,0.88089,-0.18904,0.00000
0.21846,0.00382,0.00000,0.19888,0.02468,0.00861,0.00000,0.22222,0.10852,0.97661,0.00000,0.00000,0.00000,0.00000,0.00000,0.00000,0.00000,0.00000,0.00000,0.84182,-0.18066,0.00000
0.22885,0.00404,0.00000,0.19031,0.02420,0.00708,0.00000,0.21807,0.11291,0.98027,0.00000,0.00000,0.00000,0.00000,0.00000,0.00000,0.00000,0.00000,0.00000,0.80746,-0.17335,0.00000
0.23881,0.00383,0.00000,0.18244,0.02394,0.00693,0.00000,0.21826,0.11810,0.97673,0.00000,0.00000,0.00000,0.00000,0.00000,0.00000,0.00000,0.00000,0.00000,0.77509,-0.16643,0.00000
0.24918,0.00403,0.00000,0.17581,0.02392,0.00754,0.00000,0.22783,0.13499,0.97386,0.00000,0.00000,0.00000,0.00000,0.00000,0.00000,0.00000,0.00000,0.00000,0.74746,-0.16052,0.00000
0.25917,0.00385,0.00000,0.16980,0.02392,0.00892,0.00000,0.23808,0.14158,0.97893,0.00000,0.00000,0.00000,0.00000,0.00000,0.00000,0.00000,0.00000,0.00000,0.72171,-0.15498,0.00000
0.26950,0.00400,0.00000,0.16306,0.02392,0.01212,0.00000,0.24583,0.12047,0.98308,0.00000,0.00000,0.00000,0.00000,0.00000,0.00000,0.00000,0.00000,0.00000,0.69139,-0.14841,0.00000
0.27945,0.00378,0.00000,0.15579,0.02392,0.01228,0.00000,0.24254,0.10419,0.99772,0.00000,0.00000,0.00000,0.00000,0.00000,0.00000,0.00000,0.00000,0.00000,0.66158,-0.14205,0.00000
0.29009,0.00419,0.00000,0.14890,0.02392,0.01136,0.00000,0.23479,0.10419,0.99485,0.00000,0.00000,0.00000,0.00000,0.00000,0.00000,0.00000,0.00000,0.00000,0.63427,-0.13625,0.00000
0.29990,0.00381,0.00000,0.14237,0.02392,0.01090,0.00000,0.23991,0.10449,0.99082,0.00000,0.00000,0.00000,0.00000,0.00000,0.00000,0.00000,0.00000,0.00000,0.60803,-0.13067,0.00000
0.31036,0.00406,0.00000,0.13592,0.02392,0.01075,0.00000,0.23363,0.09961,0.99784,0.00000,0.00000,0.00000,0.00000,0.00000,0.00000,0.00000,0.00000,0.00000,0.58180,-0.12507,0.00000
0.32006,0.00357,0.00000,0.12950,0.02392,0.00754,0.00000,0.22930,0.09382,0.99180,0.00000,0.00000,0.00000,0.00000,0.00000,0.00000,0.00000,0.00000,0.00000,0.55838,-0.12018,0.00000
0.33045,0.00380,0.00000,0.12290,0.02392,-0.00147,0.00000,0.22478,0.08467,0.98497,0.00000,0.00000,0.00000,0.00000,0.00000,0.00000,0.00000,0.00000,0.00000,0.53930,-0.11638,0.00000
0.34099,0.00417,0.00000,0.11710,0.02392,-0.00712,0.00000,0.23333,0.09449,0.97240,0.00000,0.00000,0.00000,0.00000,0.00000,0.00000,0.00000,0.00000,0.00000,0.52056,-0.11255,0.00000
0.35078,0.00379,0.00000,0.11139,0.02392,-0.01017,0.00000,0.22131,0.09071,0.97356,0.00000,0.00000,0.00000,0.00000,0.00000,0.00000,0.00000,0.00000,0.00000,0.49992,-0.10824,0.00000
0.36259,0.00428,0.00000,0.10563,0.02392,-0.01399,0.00000,0.23369,0.08528,0.97289,0.00000,0.00000,0.00000,0.00000,0.00000,0.00000,0.00000,0.00000,0.00000,0.47971,-0.10404,0.00000
0.37226,0.00376,0.00000,0.10061,0.02392,-0.01262,0.00000,0.21222,0.09370,0.97673,0.00000,0.00000,0.00000,0.00000,0.00000,0.00000,0.00000,0.00000,0.00000,0.45804,-0.09938,0.00000
0.38278,0.00411,0.00000,0.09612,0.02392,-0.01827,0.00000,0.18721,0.09980,0.97539,0.00000,0.00000,0.00000,0.00000,0.00000,0.00000,0.00000,0.00000,0.00000,0.44463,-0.09669,0.00000
0.39442,0.00557,0.00000,0.09280,0.02392,-0.02101,0.00000,0.19081,0.12005,0.97582,0.00000,0.00000,0.00000,0.00000,0.00000,0.00000,0.00000,0.00000,0.00000,0.43347,-0.09439,0.00000
0.40284,0.00382,0.00000,0.08981,0.02392,-0.02422,0.00000,0.18947,0.12334,0.98137,0.00000,0.00000,0.00000,0.00000,0.00000,0.00000,0.00000,0.00000,0.00000,0.42406,-0.09248,0.00000
0.41322,0.00402,0.00000,0.08607,0.02392,-0.02315,0.00000,0.18172,0.10547,0.98186,0.00000,0.00000,0.00000,0.00000,0.00000,0.00000,0.00000,0.00000,0.00000,0.40784,-0.08899,0.00000
0.42316,0.00378,0.00000,0.08169,0.02392,-0.02407,0.00000,0.18276,0.08961,0.98832,0.00000,0.00000,0.00000,0.00000,0.00000,0.00000,0.00000,0.00000,0.00000,0.39078,-0.08537,0.00000
0.43357,0.00403,0.00000,0.07665,0.02392,-0.02804,0.00000,0.18324,0.07247,0.98460,0.00000,0.00000,0.00000,0.00000,0.00000,0.00000,0.00000,0.00000,0.00000,0.37366,-0.08184,0.00000
0.44350,0.00377,0.00000,0.07188,0.02392,-0.02728,0.00000,0.17934,0.07113,0.96740,0.00000,0.00000,0.00000,0.00000,0.00000,0.00000,0.00000,0.00000,0.00000,0.35352,-0.07752,0.00000
0.45393,0.00403,0.00000,0.06847,0.02392,-0.02468,0.00000,0.17629,0.09333,0.96990,0.00000,0.00000,0.00000,0.00000,0.00000,0.00000,0.00000,0.00000,0.00000,0.33735,-0.07399,0.00000
0.46402,0.00394,0.00000,0.06503,0.02392,-0.02544,0.00000,0.16647,0.08912,0.97106,0.00000,0.00000,0.00000,0.00000,0.00000,0.00000,0.00000,0.00000,0.00000,0.32395,-0.07116,0.00000
0.47445,0.00415,0.00000,0.06224,0.02392,-0.02178,0.00000,0.17117,0.09699,0.95880,0.00000,0.00000,0.00000,0.00000,0.00000,0.00000,0.00000,0.00000,0.00000,0.30937,-0.06793,0.00000
0.48430,0.00382,0.00000,0.06052,0.02400,-0.02132,0.00000,0.17037,0.11535,0.95929,0.00000,0.00000,0.00000,0.00000,0.00000,0.00000,0.00000,0.00000,0.00000,0.30210,-0.06638,0.00000
0.49489,0.00423,0.00000,0.05825,0.02423,-0.02010,0.00000,0.18013,0.10382,0.96929,0.00000,0.00000,0.00000,0.00000,0.00000,0.00000,0.00000,0.00000,0.00000,0.29211,-0.06422,0.00000
0.50521,0.00437,0.00000,0.05642,0.02488,-0.02040,0.00000,0.18367,0.11175,0.98186,0.00000,0.00000,0.00000,0.00000,0.00000,0.00000,0.00000,0.00000,0.00000,0.28589,-0.06293,0.00000
0.51512,0.00411,0.00000,0.05486,0.02584,-0.01582,0.00000,0.18751,0.11682,1.00345,0.00000,0.00000,0.00000,0.00000,0.00000,0.00000,0.00000,0.00000,0.00000,0.27699,-0.06095,0.00000
0.52495,0.00375,0.00000,0.05273,0.02706,-0.01399,0.00000,0.19386,0.10346,1.00546,0.00000,0.00000,0.00000,0.00000,0.00000,0.00000,0.00000,0.00000,0.00000,0.26855,-0.05916,0.00000
0.53558,0.00422,0.00000,0.05144,0.02825,-0.01170,0.00000,0.21265,0.11858,1.00412,0.00000,0.00000,0.00000,0.00000,0.00000,0.00000,0.00000,0.00000,0.00000,0.26309,-0.05798,0.00000
0.54534,0.00380,0.00000,0.04992,0.02918,-0.01139,0.00000,0.22314,0.11157,0.99436,0.00000,0.00000,0.00000,0.00000,0.00000,0.00000,0.00000,0.00000,0.00000,0.25805,-0.05695,0.00000
0.55583,0.00412,0.00000,0.04852,0.02992,-0.01002,0.00000,0.23125,0.11175,0.98857,0.00000,0.00000,0.00000,0.00000,0.00000,0.00000,0.00000,0.00000,0.00000,0.25225,-0.05571,0.00000
0.56581,0.00391,0.00000,0.04762,0.03048,-0.00697,0.00000,0.22686,0.11913,0.98247,0.00000,0.00000,0.00000,0.00000,0.00000,0.00000,0.00000,0.00000,0.00000,0.24677,-0.05448,0.00000
0.57632,0.00425,0.00000,0.04618,0.03110,-0.00544,0.00000,0.22613,0.10657,0.97789,0.00000,0.00000,0.00000,0.00000,0.00000,0.00000,0.00000,0.00000,0.00000,0.24053,-0.05313,0.00000
0.58599,0.00367,0.00000,0.04493,0.03178,-0.00254,0.00000,0.21350,0.10681,0.96795,0.00000,0.00000,0.00000,0.00000,0.00000,0.00000,0.00000,0.00000,0.00000,0.23391,-0.05167,0.00000
0.59706,0.00457,0.00000,0.04401,0.03263,-0.00529,0.00000,0.23723,0.11218,0.95556,0.00000,0.00000,0.00000,0.00000,0.00000,0.00000,0.00000,0.00000,0.00000,0.23384,-0.05178,0.00000
0.60647,0.00380,0.00000,0.04318,0.03334,-0.00422,0.00000,0.23296,0.11248,0.95416,0.00000,0.00000,0.00000,0.00000,0.00000,0.00000,0.00000,0.00000,0.00000,0.23061,-0.05110,0.00000
0.61694,0.00410,0.00000,0.04222,0.03408,-0.00254,0.00000,0.24083,0.10870,0.95178,0.00000,0.00000,0.00000,0.00000,0.00000,0.00000,0.00000,0.00000,0.00000,0.22635,-0.05018,0.00000
0.62756,0.00452,0.00000,0.03998,0.03464,-0.00223,0.00000,0.22302,0.08156,0.94654,0.00000,0.00000,0.00000,0.00000,0.00000,0.00000,0.00000,0.00000,0.00000,0.21780,-0.04837,0.00000
0.63698,0.00376,0.00000,0.03844,0.03512,-0.00238,0.00000,0.23131,0.09406,0.95593,0.00000,0.00000,0.00000,0.00000,0.00000,0.00000,0.00000,0.00000,0.00000,0.21237,-0.04724,0.00000
0.64743,0.00404,0.00000,0.03714,0.03552,-0.00513,0.00000,0.22826,0.10077,0.98594,0.00000,0.00000,0.00000,0.00000,0.00000,0.00000,0.00000,0.00000,0.00000,0.21006,-0.04685,0.00000
0.65734,0.00376,0.00000,0.03745,0.03592,-0.00941,0.00000,0.24266,0.13664,1.00851,0.00000,0.00000,0.00000,0.00000,0.00000,0.00000,0.00000,0.00000,0.00000,0.21566,-0.04820,0.00000
0.66783,0.00408,0.00000,0.03827,0.03640,-0.01002,0.00000,0.23113,0.14908,1.01913,0.00000,0.00000,0.00000,0.00000,0.00000,0.00000,0.00000,0.00000,0.00000,0.22029,-0.04923,0.00000
0.67802,0.00395,0.00000,0.03773,0.03696,-0.00895,0.00000,0.23467,0.12194,1.03072,0.00000,0.00000,0.00000,0.00000,0.00000,0.00000,0.00000,0.00000,0.00000,0.21798,-0.04874,0.00000
0.68828,0.00404,0.00000,0.03643,0.03759,-0.01002,0.00000,0.25724,0.10577,1.02632,0.00000,0.00000,0.00000,0.00000,0.00000,0.00000,0.00000,0.00000,0.00000,0.21459,-0.04808,0.00000
0.69850,0.00408,0.00000,0.03486,0.03824,-0.01521,0.00000,0.27456,0.09760,1.00351,0.00000,0.00000,0.00000,0.00000,0.00000,0.00000,0.00000,0.00000,0.00000,0.21365,-0.04807,0.00000
0.70857,0.00401,0.00000,0.03425,0.03894,-0.01200,0.00000,0.26187,0.11486,0.99704,0.00000,0.00000,0.00000,0.00000,0.00000,0.00000,0.00000,0.00000,0.00000,0.20948,-0.04712,0.00000
0.71859,0.00387,0.00000,0.03372,0.03965,-0.00803,0.00000,0.22497,0.11212,0.98271,0.00000,0.00000,0.00000,0.00000,0.00000,0.00000,0.00000,0.00000,0.00000,0.20489,-0.04606,0.00000
0.72896,0.00406,0.00000,0.03312,0.04047,-0.00666,0.00000,0.23692,0.10632,0.94324,0.00000,0.00000,0.00000,0.00000,0.00000,0.00000,0.00000,0.00000,0.00000,0.20251,-0.04555,0.00000
0.73892,0.00384,0.00000,0.03361,0.04129,-0.00620,0.00000,0.23967,0.12438,0.92189,0.00000,0.00000,0.00000,0.00000,0.00000,0.00000,0.00000,0.00000,0.00000,0.20535,-0.04619,0.00000
0.74929,0.00404,0.00000,0.03289,0.04226,-0.00605,0.00000,0.21679,0.10089,0.91970,0.00000,0.00000,0.00000,0.00000,0.00000,0.00000,0.00000,0.00000,0.00000,0.20377,-0.04590,0.00000
0.75924,0.00382,0.00000,0.03249,0.04327,0.00403,0.00000,0.20929,0.10748,0.95197,0.00000,0.00000,0.00000,0.00000,0.00000,0.00000,0.00000,0.00000,0.00000,0.19489,-0.04375,0.00000
0.76963,0.00403,0.00000,0.03210,0.04446,0.00510,0.00000,0.19685,0.10638,0.94684,0.00000,0.00000,0.00000,0.00000,0.00000,0.00000,0.00000,0.00000,0.00000,0.19419,-0.04363,0.00000
0.77976,0.00399,0.00000,0.03107,0.04568,0.00586,0.00000,0.21289,0.09467,0.95825,0.00000,0.00000,0.00000,0.00000,0.00000,0.00000,0.00000,0.00000,0.00000,0.19117,-0.04303,0.00000
0.78993,0.00398,0.00000,0.02985,0.04701,0.00388,0.00000,0.20197,0.09101,0.96868,0.00000,0.00000,0.00000,0.00000,0.00000,0.00000,0.00000,0.00000,0.00000,0.18994,-0.04290,0.00000
0.80014,0.00401,0.00000,0.02966,0.04851,0.00311,0.00000,0.21063,0.11242,0.98460,0.00000,0.00000,0.00000,0.00000,0.00000,0.00000,0.00000,0.00000,0.00000,0.19210,-0.04346,0.00000
0.81049,0.00417,0.00000,0.02891,0.05027,0.00815,0.00000,0.21027,0.10297,1.01699,0.00000,0.00000,0.00000,0.00000,0.00000,0.00000,0.00000,0.00000,0.00000,0.18730,-0.04238,0.00000
0.82057,0.00385,0.00000,0.02692,0.05230,0.00708,0.00000,0.21557,0.07716,1.02382,0.00000,0.00000,0.00000,0.00000,0.00000,0.00000,0.00000,0.00000,0.00000,0.18323,-0.04165,0.00000
0.83122,0.00432,0.00000,0.02654,0.05451,0.00449,0.00000,0.20496,0.10864,1.01870,0.00000,0.00000,0.00000,0.00000,0.00000,0.00000,0.00000,0.00000,0.00000,0.18729,-0.04271,0.00000
0.84087,0.00379,0.00000,0.02570,0.05678,0.00128,0.00000,0.21319,0.09845,1.00851,0.00000,0.00000,0.00000,0.00000,0.00000,0.00000,0.00000,0.00000,0.00000,0.19008,-0.04352,0.00000
0.85137,0.00411,0.00000,0.02527,0.05921,0.00174,0.00000,0.20398,0.10437,0.99259,0.00000,0.00000,0.00000,0.00000,0.00000,0.00000,0.00000,0.00000,0.00000,0.19164,-0.04397,0.00000
0.86121,0.00377,0.00000,0.02530,0.06170,0.00495,0.00000,0.19062,0.10516,0.92726,0.00000,0.00000,0.00000,0.00000,0.00000,0.00000,0.00000,0.00000,0.00000,0.19274,-0.04424,0.00000
0.87168,0.00406,0.00000,0.02479,0.06450,0.01075,0.00000,0.19520,0.09302,0.91848,0.00000,0.00000,0.00000,0.00000,0.00000,0.00000,0.00000,0.00000,0.00000,0.18986,-0.04360,0.00000
0.88157,0.00378,0.00000,0.02599,0.06722,0.01105,0.00000,0.17422,0.12499,0.92104,0.00000,0.00000,0.00000,0.00000,0.00000,0.00000,0.00000,0.00000,0.00000,0.19863,-0.04560,0.00000
0.89204,0.00407,0.00000,0.02620,0.07036,0.00999,0.00000,0.15567,0.10968,0.94477,0.00000,0.00000,0.00000,0.00000,0.00000,0.00000,0.00000,0.00000,0.00000,0.20521,-0.04721,0.00000
0.90271,0.00417,0.00000,0.02720,0.07342,0.01258,0.00000,0.15622,0.12847,0.97508,0.00000,0.00000,0.00000,0.00000,0.00000,0.00000,0.00000,0.00000,0.00000,0.21165,-0.04866,0.00000
0.91298,0.00419,0.00000,0.02704,0.07659,0.01701,0.00000,0.17348,0.11352,1.04749,0.00000,0.00000,0.00000,0.00000,0.00000,0.00000,0.00000,0.00000,0.00000,0.21198,-0.04877,0.00000
0.92307,0.00411,1.07915,0.02670,0.07953,0.01487,0.00000,0.20222,0.11181,1.06024,0.00000,0.00000,0.00000,0.00000,0.00000,0.00000,0.00000,0.00000,0.00000,0.21693,-0.05005,0.00000
0.93296,0.00380,1.07915,0.02683,0.08259,0.01426,0.00000,0.21533,0.12212,1.06085,0.00000,0.00000,0.00000,0.00000,0.00000,0.00000,0.00000,0.00000,0.00000,0.22263,-0.05144,0.00000
0.94344,0.00410,1.07915,0.02688,0.08573,0.01609,0.00000,0.24186,0.11925,1.04737,0.00000,0.00000,0.00000,0.00000,0.00000,0.00000,0.00000,0.00000,0.00000,0.22602,-0.05228,0.00000
0.95334,0.00381,1.07915,0.02573,0.08881,0.01762,0.00000,0.24308,0.09168,1.03114,0.00000,0.00000,0.00000,0.00000,0.00000,0.00000,0.00000,0.00000,0.00000,0.22468,-0.05211,0.00000
0.96399,0.00429,1.07915,0.02662,0.09198,0.01976,0.00000,0.23278,0.12523,0.96551,0.00000,0.00000,0.00000,0.00000,0.00000,0.00000,0.00000,0.00000,0.00000,0.23128,-0.05362,0.00000
0.97415,0.00362,1.07915,0.02899,0.09496,0.02648,0.00000,0.21600,0.14963,0.93586,0.00000,0.00000,0.00000,0.00000,0.00000,0.00000,0.00000,0.00000,0.00000,0.23961,-0.05535,0.00000
0.98480,0.00409,1.07915,0.03082,0.09781,0.03075,0.00000,0.19965,0.13981,0.93476,0.00000,0.00000,0.00000,0.00000,0.00000,0.00000,0.00000,0.00000,0.00000,0.24771,-0.05710,0.00000
0.99472,0.00384,1.07915,0.03178,0.10030,0.03228,0.00000,0.18391,0.12261,0.92147,0.00000,0.00000,0.00000,0.00000,0.00000,0.00000,0.00000,0.00000,0.00000,0.25407,-0.05854,0.00000
1.00539,0.00432,1.07915,0.03329,0.10294,0.03182,0.00000,0.18269,0.13420,0.92549,0.00000,0.00000,0.00000,0.00000,0.00000,0.00000,0.00000,0.00000,0.00000,0.26465,-0.06095,0.00000
1.01507,0.00383,1.07915,0.03453,0.10520,0.03228,0.00000,0.19050,0.13469,0.95209,0.00000,0.00000,0.00000,0.00000,0.00000,0.00000,0.00000,0.00000,0.00000,0.27273,-0.06278,0.00000
1.02545,0.00404,1.07915,0.03451,0.10763,0.02969,0.00000,0.21057,0.11010,0.93781,0.00000,0.00000,0.00000,0.00000,0.00000,0.00000,0.00000,0.00000,0.00000,0.27861,-0.06424,0.00000
1.03543,0.00383,1.07915,0.03492,0.10981,0.03350,0.00000,0.22314,0.11541,0.91207,0.00000,0.00000,0.00000,0.00000,0.00000,0.00000,0.00000,0.00000,0.00000,0.28030,-0.06460,0.00000
1.04576,0.00399,1.07915,0.03561,0.11188,0.03610,0.00000,0.22692,0.12365,0.93867,0.00000,0.00000,0.00000,0.00000,0.00000,0.00000,0.00000,0.00000,0.00000,0.28398,-0.06542,0.00000
1.05573,0.00379,1.07915,0.03437,0.11355,0.03931,0.00000,0.22393,0.08796,0.95764,0.00000,0.00000,0.00000,0.00000,0.00000,0.00000,0.00000,0.00000,0.00000,0.27867,-0.06428,0.00000
1.06644,0.00431,1.07915,0.03517,0.11502,0.03870,0.00000,0.21997,0.13011,0.98277,0.00000,0.00000,0.00000,0.00000,0.00000,0.00000,0.00000,0.00000,0.00000,0.28471,-0.06566,0.00000
1.07614,0.00382,1.07915,0.03494,0.11615,0.04144,0.00000,0.21411,0.12041,1.08458,0.00000,0.00000,0.00000,0.00000,0.00000,0.00000,0.00000,0.00000,0.00000,0.28308,-0.06529,0.00000
1.08655,0.00407,1.07915,0.03391,0.11709,0.03976,0.00000,0.21777,0.10376,1.09885,0.00000,0.00000,0.00000,0.00000,0.00000,0.00000,0.00000,0.00000,0.00000,0.28175,-0.06511,0.00000
1.09653,0.00386,1.07915,0.03356,0.11791,0.03503,0.00000,0.24162,0.11724,1.07470,0.00000,0.00000,0.00000,0.00000,0.00000,0.00000,0.00000,0.00000,0.00000,0.28571,-0.06614,0.00000
1.10721,0.00438,1.07915,0.03517,0.11862,0.03198,0.00000,0.25650,0.15646,1.04035,0.00000,0.00000,0.00000,0.00000,0.00000,0.00000,0.00000,0.00000,0.00000,0.29600,-0.06847,0.00000
1.11682,0.00380,1.07915,0.03615,0.11938,0.03182,0.00000,0.24742,0.13884,0.99406,0.00000,0.00000,0.00000,0.00000,0.00000,0.00000,0.00000,0.00000,0.00000,0.30129,-0.06964,0.00000
1.12725,0.00408,1.07915,0.03728,0.11997,0.03182,0.00000,0.26468,0.13231,0.91219,0.00000,0.00000,0.00000,0.00000,0.00000,0.00000,0.00000,0.00000,0.00000,0.30684,-0.07086,0.00000
1.13717,0.00380,1.07915,0.03691,0.12034,0.04022,0.00000,0.24254,0.10218,0.91042,0.00000,0.00000,0.00000,0.00000,0.00000,0.00000,0.00000,0.00000,0.00000,0.29856,-0.06885,0.00000
1.14759,0.00405,1.07915,0.03965,0.12046,0.04419,0.00000,0.22320,0.16177,0.92256,0.00000,0.00000,0.00000,0.00000,0.00000,0.00000,0.00000,0.00000,0.00000,0.30647,-0.07043,0.00000
1.15753,0.00380,1.07915,0.04284,0.12046,0.05061,0.00000,0.19367,0.17202,0.92690,0.00000,0.00000,0.00000,0.00000,0.00000,0.00000,0.00000,0.00000,0.00000,0.31391,-0.07182,0.00000
1.16812,0.00422,1.07915,0.04314,0.12046,0.05549,0.00000,0.19929,0.11743,0.92537,0.00000,0.00000,0.00000,0.00000,0.00000,0.00000,0.00000,0.00000,0.00000,0.31086,-0.07102,0.00000
1.17804,0.00395,1.07915,0.04343,0.12046,0.05305,0.00000,0.15592,0.11913,0.93562,0.00000,0.00000,0.00000,0.00000,0.00000,0.00000,0.00000,0.00000,0.00000,0.31418,-0.07180,0.00000
1.18825,0.00399,1.63705,0.04345,0.12046,0.05488,0.00000,0.16421,0.11261,0.92940,0.00000,0.00000,0.00000,0.00000,0.00000,0.00000,0.00000,0.00000,0.00000,0.31266,-0.07142,0.00000
1.19807,0.00363,1.63705,0.04120,0.12046,0.04923,0.00000,0.20722,0.07277,0.94587,0.00000,0.00000,0.00000,0.00000,0.00000,0.00000,0.00000,0.00000,0.00000,0.30838,-0.07068,0.00000
1.20919,0.00457,1.63705,0.04271,0.12046,0.04786,0.00000,0.20197,0.14530,0.95904,0.00000,0.00000,0.00000,0.00000,0.00000,0.00000,0.00000,0.00000,0.00000,0.31576,-0.07230,0.00000
1.21864,0.00385,1.63705,0.04179,0.12046,0.04725,0.00000,0.20911,0.10583,1.01583,0.00000,0.00000,0.00000,0.00000,0.00000,0.00000,0.00000,0.00000,0.00000,0.31252,-0.07162,0.00000
1.22909,0.00412,1.63705,0.03898,0.12046,0.04740,0.00000,0.19258,0.06704,1.06451,0.00000,0.00000,0.00000,0.00000,0.00000,0.00000,0.00000,0.00000,0.00000,0.30094,-0.06915,0.00000
1.23898,0.00384,1.63705,0.03870,0.12046,0.03717,0.00000,0.19630,0.12407,1.08409,0.00000,0.00000,0.00000,0.00000,0.00000,0.00000,0.00000,0.00000,0.00000,0.30869,-0.07111,0.00000
1.24934,0.00403,1.63705,0.03905,0.12046,0.03320,0.00000,0.19557,0.13469,1.05396,0.00000,0.00000,0.00000,0.00000,0.00000,0.00000,0.00000,0.00000,0.00000,0.31359,-0.07228,0.00000
1.25931,0.00381,1.63705,0.03777,0.12046,0.02801,0.00000,0.22539,0.09821,1.01724,0.00000,0.00000,0.00000,0.00000,0.00000,0.00000,0.00000,0.00000,0.00000,0.31289,-0.07229,0.00000
1.26976,0.00410,1.63705,0.03864,0.12046,0.02694,0.00000,0.22582,0.14042,1.00382,0.00000,0.00000,0.00000,0.00000,0.00000,0.00000,0.00000,0.00000,0.00000,0.31738,-0.07328,0.00000
1.27975,0.00392,1.63705,0.03922,0.12046,0.02831,0.00000,0.19984,0.13011,0.96953,0.00000,0.00000,0.00000,0.00000,0.00000,0.00000,0.00000,0.00000,0.00000,0.31855,-0.07349,0.00000
1.29010,0.00409,1.63705,0.04045,0.12046,0.03091,0.00000,0.19831,0.13127,0.88645,0.00000,0.00000,0.00000,0.00000,0.00000,0.00000,0.00000,0.00000,0.00000,0.32131,-0.07400,0.00000
1.29995,0.00376,1.63705,0.04204,0.12046,0.03075,0.00000,0.21057,0.13658,0.86461,0.00000,0.00000,0.00000,0.00000,0.00000,0.00000,0.00000,0.00000,0.00000,0.32793,-0.07541,0.00000
1.30967,0.00331,1.63705,0.04216,0.12046,0.03488,0.00000,0.20106,0.11376,0.89212,0.00000,0.00000,0.00000,0.00000,0.00000,0.00000,0.00000,0.00000,0.00000,0.32482,-0.07462,0.00000
1.32061,0.00409,1.63705,0.04455,0.12046,0.04221,0.00000,0.15238,0.15622,0.91488,0.00000,0.00000,0.00000,0.00000,0.00000,0.00000,0.00000,0.00000,0.00000,0.32817,-0.07512,0.00000
1.33061,0.00382,1.63705,0.04791,0.12046,0.04816,0.00000,0.15897,0.18099,0.93458,0.00000,0.00000,0.00000,0.00000,0.00000,0.00000,0.00000,0.00000,0.00000,0.33671,-0.07676,0.00000
1.34113,0.00408,1.63705,0.04789,0.12046,0.04205,0.00000,0.15415,0.11718,0.92183,0.00000,0.00000,0.00000,0.00000,0.00000,0.00000,0.00000,0.00000,0.00000,0.34195,-0.07806,0.00000
1.35113,0.00389,1.63705,0.04701,0.12046,0.03610,0.00000,0.18831,0.11523,1.03425,0.00000,0.00000,0.00000,0.00000,0.00000,0.00000,0.00000,0.00000,0.00000,0.34353,-0.07858,0.00000
1.36141,0.00400,1.63705,0.04655,0.12046,0.03457,0.00000,0.20892,0.13023,1.08952,0.00000,0.00000,0.00000,0.00000,0.00000,0.00000,0.00000,0.00000,0.00000,0.34299,-0.07851,0.00000
1.37141,0.00383,1.63705,0.04686,0.12046,0.03350,0.00000,0.23595,0.15884,1.17029,0.00000,0.00000,0.00000,0.00000,0.00000,0.00000,0.00000,0.00000,0.00000,0.34520,-0.07901,0.00000
1.38195,0.00418,1.63705,0.04605,0.12046,0.03213,0.00000,0.26834,0.13542,1.19676,0.00000,0.00000,0.00000,0.00000,0.00000,0.00000,0.00000,0.00000,0.00000,0.34308,-0.07860,0.00000
1.39174,0.00379,1.63705,0.04404,0.12046,0.02785,0.00000,0.28017,0.10224,1.14454,0.00000,0.00000,0.00000,0.00000,0.00000,0.00000,0.00000,0.00000,0.00000,0.33862,-0.07778,0.00000
1.40269,0.00457,1.63705,0.04259,0.12046,0.01609,0.00000,0.25516,0.10041,0.99345,0.00000,0.00000,0.00000,0.00000,0.00000,0.00000,0.00000,0.00000,0.00000,0.34295,-0.07906,0.00000
1.41235,0.00405,1.99300,0.04331,0.12034,0.01441,0.00000,0.22430,0.13469,0.92805,0.00000,0.00000,0.00000,0.00000,0.00000,0.00000,0.00000,0.00000,0.00000,0.34717,-0.08001,0.00000
1.42335,0.00410,1.99300,0.04555,0.11969,0.01594,0.00000,0.25278,0.15378,0.85693,0.00000,0.00000,0.00000,0.00000,0.00000,0.00000,0.00000,0.00000,0.00000,0.35399,-0.08138,0.00000
1.43319,0.00376,1.99300,0.04935,0.11833,0.01945,0.00000,0.23778,0.17568,0.81661,0.00000,0.00000,0.00000,0.00000,0.00000,0.00000,0.00000,0.00000,0.00000,0.36437,-0.08342,0.00000
1.44369,0.00408,1.99300,0.05371,0.11635,0.02388,0.00000,0.15720,0.17672,0.78397,0.00000,0.00000,0.00000,0.00000,0.00000,0.00000,0.00000,0.00000,0.00000,0.37529,-0.08551,0.00000
1.45358,0.00379,1.99300,0.05450,0.11440,0.02846,0.00000,0.14469,0.12267,0.79886,0.00000,0.00000,0.00000,0.00000,0.00000,0.00000,0.00000,0.00000,0.00000,0.37155,-0.08447,0.00000
1.46418,0.00422,1.99300,0.05329,0.11239,0.02785,0.00000,0.10699,0.09760,0.87230,0.00000,0.00000,0.00000,0.00000,0.00000,0.00000,0.00000,0.00000,0.00000,0.36412,-0.08280,0.00000
1.47396,0.00365,1.99300,0.05262,0.11086,0.02006,0.00000,0.16677,0.12017,0.96612,0.00000,0.00000,0.00000,0.00000,0.00000,0.00000,0.00000,0.00000,0.00000,0.36584,-0.08332,0.00000
1.48456,0.00407,1.99300,0.05495,0.10953,0.00983,0.00000,0.18093,0.19935,1.06183,0.00000,0.00000,0.00000,0.00000,0.00000,0.00000,0.00000,0.00000,0.00000,0.38224,-0.08706,0.00000
1.49474,0.00408,1.99300,0.05651,0.10857,0.00418,0.00000,0.20508,0.20081,1.14442,0.00000,0.00000,0.00000,0.00000,0.00000,0.00000,0.00000,0.00000,0.00000,0.39204,-0.08927,0.00000
1.50470,0.00386,1.99300,0.05458,0.10775,-0.00040,0.00000,0.27450,0.12450,1.16272,0.00000,0.00000,0.00000,0.00000,0.00000,0.00000,0.00000,0.00000,0.00000,0.38692,-0.08827,0.00000
1.51478,0.00376,1.99300,0.05122,0.10693,-0.01414,0.00000,0.33940,0.08900,1.12118,0.00000,0.00000,0.00000,0.00000,0.00000,0.00000,0.00000,0.00000,0.00000,0.38392,-0.08800,0.00000
1.52496,0.00376,1.99300,0.05113,0.10611,-0.02056,0.00000,0.33404,0.15890,1.08232,0.00000,0.00000,0.00000,0.00000,0.00000,0.00000,0.00000,0.00000,0.00000,0.38790,-0.08900,0.00000
1.53555,0.00417,1.99300,0.05344,0.10529,-0.01475,0.00000,0.32171,0.20588,1.04511,0.00000,0.00000,0.00000,0.00000,0.00000,0.00000,0.00000,0.00000,0.00000,0.39103,-0.08945,0.00000
1.54534,0.00379,1.99300,0.05515,0.10447,-0.00773,0.00000,0.29048,0.18300,0.99369,0.00000,0.00000,0.00000,0.00000,0.00000,0.00000,0.00000,0.00000,0.00000,0.39066,-0.08912,0.00000
1.55580,0.00407,1.99300,0.05615,0.10364,0.00632,0.00000,0.16165,0.13487,0.82240,0.00000,0.00000,0.00000,0.00000,0.00000,0.00000,0.00000,0.00000,0.00000,0.38123,-0.08664,0.00000
1.56587,0.00396,1.99300,0.05865,0.10291,0.00449,0.00000,0.06588,0.15177,0.78123,0.00000,0.00000,0.00000,0.00000,0.00000,0.00000,0.00000,0.00000,0.00000,0.39193,-0.08894,0.00000
1.57609,0.00400,1.99300,0.06094,0.10220,-0.00345,0.00000,0.06863,0.14744,0.76024,0.00000,0.00000,0.00000,0.00000,0.00000,0.00000,0.00000,0.00000,0.00000,0.40710,-0.09238,0.00000
1.58674,0.00386,1.99300,0.06464,0.10169,-0.00773,0.00000,0.10901,0.17958,0.78702,0.00000,0.00000,0.00000,0.00000,0.00000,0.00000,0.00000,0.00000,0.00000,0.42515,-0.09633,0.00000
1.59784,0.00405,2.30528,0.06596,0.10141,-0.00666,0.00000,0.12108,0.15585,0.85644,0.00000,0.00000,0.00000,0.00000,0.00000,0.00000,0.00000,0.00000,0.00000,-0.41199,0.09577,0.00000
1.60777,0.00381,2.30528,0.06257,0.10135,-0.01231,0.00000,0.17324,0.09278,1.05872,0.00000,0.00000,0.00000,0.00000,0.00000,0.00000,0.00000,0.00000,0.00000,-0.40489,0.09388,0.00000
1.61872,0.00456,2.30528,0.05881,0.10135,-0.01292,0.00000,0.25596,0.08473,1.08525,0.00000,0.00000,0.00000,0.00000,0.00000,0.00000,0.00000,0.00000,0.00000,-0.39227,0.09076,0.00000
1.62810,0.00377,2.30528,0.05569,0.10135,-0.01200,0.00000,0.32879,0.09711,1.10136,0.00000,0.00000,0.00000,0.00000,0.00000,0.00000,0.00000,0.00000,0.00000,-0.38055,0.08790,0.00000
1.63863,0.00413,2.30528,0.05457,0.10135,-0.01521,0.00000,0.33184,0.14945,1.17090,0.00000,0.00000,0.00000,0.00000,0.00000,0.00000,0.00000,0.00000,0.00000,-0.37941,0.08754,0.00000
1.64855,0.00386,2.30528,0.05263,0.10135,-0.01582,0.00000,0.32659,0.12834,1.17815,0.00000,0.00000,0.00000,0.00000,0.00000,0.00000,0.00000,0.00000,0.00000,-0.37315,0.08598,0.00000
1.65873,0.00385,2.30528,0.05202,0.10135,-0.00406,0.00000,0.26242,0.14073,1.07012,0.00000,0.00000,0.00000,0.00000,0.00000,0.00000,0.00000,0.00000,0.00000,-0.36091,0.08328,0.00000
1.66922,0.00417,2.30528,0.05293,0.10135,-0.00254,0.00000,0.18343,0.16147,1.00729,0.00000,0.00000,0.00000,0.00000,0.00000,0.00000,0.00000,0.00000,0.00000,-0.36275,0.08378,0.00000
1.67990,0.00445,2.30528,0.05197,0.10135,-0.00544,0.00000,0.14829,0.11315,0.92061,0.00000,0.00000,0.00000,0.00000,0.00000,0.00000,0.00000,0.00000,0.00000,-0.36192,0.08350,0.00000
1.68983,0.00335,2.30528,0.05241,0.10135,-0.01124,0.00000,0.10730,0.12932,0.85705,0.00000,0.00000,0.00000,0.00000,0.00000,0.00000,0.00000,0.00000,0.00000,-0.36843,0.08495,0.00000
1.70050,0.00382,2.30528,0.04954,0.10135,-0.01216,0.00000,0.10791,0.06997,0.83167,0.00000,0.00000,0.00000,0.00000,0.00000,0.00000,0.00000,0.00000,0.00000,-0.35918,0.08264,0.00000
1.71164,0.00406,2.30528,0.04621,0.10135,-0.01552,0.00000,0.14006,0.06106,0.83491,0.00000,0.00000,0.00000,0.00000,0.00000,0.00000,0.00000,0.00000,0.00000,-0.35042,0.08040,0.00000
1.72187,0.00408,2.30528,0.04866,0.10135,-0.02010,0.00000,0.18373,0.16037,0.83747,0.00000,0.00000,0.00000,0.00000,0.00000,0.00000,0.00000,0.00000,0.00000,-0.36293,0.08336,0.00000
1.73206,0.00410,2.30528,0.04763,0.10135,-0.01017,0.00000,0.19581,0.10675,0.89652,0.00000,0.00000,0.00000,0.00000,0.00000,0.00000,0.00000,0.00000,0.00000,-0.35078,0.08063,0.00000
1.74208,0.00367,2.30528,0.04555,0.10135,-0.00666,0.00000,0.21545,0.09126,0.95398,0.00000,0.00000,0.00000,0.00000,0.00000,0.00000,0.00000,0.00000,0.00000,-0.34048,0.07819,0.00000
1.75290,0.00429,2.30528,0.04297,0.10135,0.00113,0.00000,0.29518,0.08918,1.07903,0.00000,0.00000,0.00000,0.00000,0.00000,0.00000,0.00000,0.00000,0.00000,-0.32476,0.07453,0.00000
1.76297,0.00419,2.30528,0.03983,0.10135,0.01014,0.00000,0.30646,0.07491,1.12807,0.00000,0.00000,0.00000,0.00000,0.00000,0.00000,0.00000,0.00000,0.00000,-0.30602,0.07016,0.00000
1.77324,0.00427,2.59605,0.03869,0.10135,0.00678,0.00000,0.29658,0.12371,1.17779,0.00000,0.00000,0.00000,0.00000,0.00000,0.00000,0.00000,0.00000,0.00000,-0.09884,0.02217,0.00000
1.78312,0.00398,2.59605,0.03908,0.10135,0.01121,0.00000,0.22350,0.15409,1.15534,0.00000,0.00000,0.00000,0.00000,0.00000,0.00000,0.00000,0.00000,0.00000,-0.09802,0.02204,0.00000
1.79340,0.00409,2.59605,0.03847,0.10135,0.00937,0.00000,0.19496,0.12920,1.14296,0.00000,0.00000,0.00000,0.00000,0.00000,0.00000,0.00000,0.00000,0.00000,-0.09793,0.02197,0.00000
1.80327,0.00379,2.59605,0.03658,0.10135,0.01319,0.00000,0.10742,0.09132,1.07927,0.00000,0.00000,0.00000,0.00000,0.00000,0.00000,0.00000,0.00000,0.00000,-0.09502,0.02126,0.00000
1.81369,0.00404,2.59605,0.03851,0.10135,-0.01277,0.00000,0.15671,0.15268,0.91311,0.00000,0.00000,0.00000,0.00000,0.00000,0.00000,0.00000,0.00000,0.00000,-0.10399,0.02314,0.00000
1.82398,0.00416,2.59605,0.04131,0.10135,-0.02178,0.00000,0.20417,0.15653,0.81380,0.00000,0.00000,0.00000,0.00000,0.00000,0.00000,0.00000,0.00000,0.00000,-0.10921,0.02437,0.00000
1.83403,0.00403,2.59605,0.04269,0.10135,-0.01048,0.00000,0.21521,0.12163,0.73840,0.00000,0.00000,0.00000,0.00000,0.00000,0.00000,0.00000,0.00000,0.00000,-0.10749,0.02416,0.00000
1.84417,0.00378,2.59605,0.03961,0.10135,-0.00193,0.00000,0.24766,0.05155,0.72370,0.00000,0.00000,0.00000,0.00000,0.00000,0.00000,0.00000,0.00000,0.00000,-0.10213,0.02287,0.00000
1.85473,0.00417,2.59605,0.03816,0.10135,0.00861,0.00000,0.26742,0.07552,0.74975,0.00000,0.00000,0.00000,0.00000,0.00000,0.00000,0.00000,0.00000,0.00000,-0.09782,0.02192,0.00000
1.86455,0.00380,2.59605,0.04137,0.10135,0.02694,0.00000,0.23137,0.17995,0.94330,0.00000,0.00000,0.00000,0.00000,0.00000,0.00000,0.00000,0.00000,0.00000,-0.09599,0.02185,0.00000
1.87506,0.00414,2.59605,0.04271,0.10135,0.03305,0.00000,0.22722,0.16860,1.11276,0.00000,0.00000,0.00000,0.00000,0.00000,0.00000,0.00000,0.00000,0.00000,-0.09565,0.02189,0.00000
1.88492,0.00382,2.59605,0.04302,0.10135,0.03931,0.00000,0.15171,0.15543,1.20573,0.00000,0.00000,0.00000,0.00000,0.00000,0.00000,0.00000,0.00000,0.00000,-0.09424,0.02165,0.00000
1.89565,0.00439,2.59605,0.04192,0.10135,0.03152,0.00000,0.15433,0.12786,1.25794,0.00000,0.00000,0.00000,0.00000,0.00000,0.00000,0.00000,0.00000,0.00000,-0.09528,0.02176,0.00000
1.90522,0.00377,2.59605,0.04033,0.10135,0.02022,0.00000,0.15585,0.11669,1.25373,0.00000,0.00000,0.00000,0.00000,0.00000,0.00000,0.00000,0.00000,0.00000,-0.09679,0.02191,0.00000
1.91563,0.00402,2.59605,0.03975,0.10135,-0.00773,0.00000,0.25449,0.12438,1.03480,0.00000,0.00000,0.00000,0.00000,0.00000,0.00000,0.00000,0.00000,0.00000,-0.10385,0.02321,0.00000
1.92579,0.00399,2.83163,0.04000,0.10135,-0.00605,0.00000,0.29738,0.12261,0.87700,0.00000,0.00000,0.00000,0.00000,0.00000,0.00000,0.00000,0.00000,0.00000,-0.06574,0.01436,0.00000
1.93544,0.00346,2.83163,0.03854,0.10135,0.00036,0.00000,0.30652,0.08272,0.79764,0.00000,0.00000,0.00000,0.00000,0.00000,0.00000,0.00000,0.00000,0.00000,-0.06384,0.01393,0.00000
1.94732,0.00445,2.83163,0.03867,0.10135,0.00815,0.00000,0.31384,0.10254,0.75298,0.00000,0.00000,0.00000,0.00000,0.00000,0.00000,0.00000,0.00000,0.00000,-0.06260,0.01372,0.00000
1.95686,0.00380,2.83163,0.03857,0.10135,0.01350,0.00000,0.31885,0.09662,0.73426,0.00000,0.00000,0.00000,0.00000,0.00000,0.00000,0.00000,0.00000,0.00000,-0.06164,0.01354,0.00000
1.96748,0.00425,2.83163,0.03836,0.10135,0.03579,0.00000,0.15994,0.11071,0.96374,0.00000,0.00000,0.00000,0.00000,0.00000,0.00000,0.00000,0.00000,0.00000,-0.05775,0.01285,0.00000
1.97717,0.00377,2.83163,0.03866,0.10135,0.04053,0.00000,0.12145,0.13158,1.06055,0.00000,0.00000,0.00000,0.00000,0.00000,0.00000,0.00000,0.00000,0.00000,-0.05712,0.01276,0.00000
1.98794,0.00435,2.83163,0.04054,0.10135,0.03686,0.00000,0.05630,0.17653,1.13149,0.00000,0.00000,0.00000,0.00000,0.00000,0.00000,0.00000,0.00000,0.00000,-0.05879,0.01318,0.00000
1.99754,0.00377,2.83163,0.04040,0.10135,0.02404,0.00000,0.11181,0.14274,1.18669,0.00000,0.00000,0.00000,0.00000,0.00000,0.00000,0.00000,0.00000,0.00000,-0.06088,0.01354,0.00000
2.00832,0.00439,2.83163,0.03914,0.10135,0.01014,0.00000,0.12017,0.11352,1.13594,0.00000,0.00000,0.00000,0.00000,0.00000,0.00000,0.00000,0.00000,0.00000,-0.06253,0.01374,0.00000
2.01792,0.00377,2.83163,0.03733,0.10135,-0.00651,0.00000,0.30341,0.09705,1.03310,0.00000,0.00000,0.00000,0.00000,0.00000,0.00000,0.00000,0.00000,0.00000,-0.06433,0.01392,0.00000
2.02871,0.00438,2.83163,0.03608,0.10135,-0.00788,0.00000,0.35325,0.09193,0.84747,0.00000,0.00000,0.00000,0.00000,0.00000,0.00000,0.00000,0.00000,0.00000,-0.06386,0.01375,0.00000
2.03855,0.00384,2.83163,0.03658,0.10135,-0.00009,0.00000,0.33593,0.11980,0.83844,0.00000,0.00000,0.00000,0.00000,0.00000,0.00000,0.00000,0.00000,0.00000,-0.06282,0.01361,0.00000
2.04910,0.00422,2.83163,0.03968,0.10135,0.01503,0.00000,0.32909,0.17031,0.86833,0.00000,0.00000,0.00000,0.00000,0.00000,0.00000,0.00000,0.00000,0.00000,-0.06200,0.01368,0.00000
2.05927,0.00421,2.83163,0.04277,0.10135,0.02633,0.00000,0.24973,0.17964,0.94337,0.00000,0.00000,0.00000,0.00000,0.00000,0.00000,0.00000,0.00000,0.00000,-0.06182,0.01387,0.00000
2.06941,0.00417,3.13333,0.04376,0.10135,0.03243,0.00000,0.06728,0.16531,1.15345,0.00000,0.00000,0.00000,0.00000,0.00000,0.00000,0.00000,0.00000,0.00000,-0.04137,0.00909,0.00000
2.07923,0.00382,3.13333,0.04339,0.10135,0.03305,0.00000,0.05313,0.13615,1.16577,0.00000,0.00000,0.00000,0.00000,0.00000,0.00000,0.00000,0.00000,0.00000,-0.04118,0.00904,0.00000
2.08963,0.00405,3.13333,0.04076,0.10135,0.01716,0.00000,0.07741,0.08137,1.10697,0.00000,0.00000,0.00000,0.00000,0.00000,0.00000,0.00000,0.00000,0.00000,-0.04207,0.00903,0.00000
2.09956,0.00381,3.13333,0.03770,0.10135,-0.00452,0.00000,0.16439,0.06557,0.97484,0.00000,0.00000,0.00000,0.00000,0.00000,0.00000,0.00000,0.00000,0.00000,-0.04345,0.00907,0.00000
2.11004,0.00411,3.13333,0.03443,0.10135,-0.01674,0.00000,0.25901,0.05380,0.83844,0.00000,0.00000,0.00000,0.00000,0.00000,0.00000,0.00000,0.00000,0.00000,-0.04371,0.00892,0.00000
2.11987,0.00377,3.13333,0.03339,0.10135,-0.01536,0.00000,0.33867,0.08455,0.75036,0.00000,0.00000,0.00000,0.00000,0.00000,0.00000,0.00000,0.00000,0.00000,-0.04322,0.00878,0.00000
2.13008,0.00378,3.13333,0.03215,0.10135,-0.00880,0.00000,0.32116,0.08217,0.78879,0.00000,0.00000,0.00000,0.00000,0.00000,0.00000,0.00000,0.00000,0.00000,-0.04209,0.00853,0.00000
2.14029,0.00380,3.13333,0.03363,0.10135,0.01900,0.00000,0.20136,0.13219,0.89066,0.00000,0.00000,0.00000,0.00000,0.00000,0.00000,0.00000,0.00000,0.00000,-0.03951,0.00821,0.00000
2.15090,0.00423,3.13333,0.03861,0.10135,0.02281,0.00000,0.11376,0.22704,1.03688,0.00000,0.00000,0.00000,0.00000,0.00000,0.00000,0.00000,0.00000,0.00000,-0.04073,0.00869,0.00000
2.16069,0.00384,3.13333,0.04072,0.10135,0.02495,0.00000,0.12621,0.19386,1.17962,0.00000,0.00000,0.00000,0.00000,0.00000,0.00000,0.00000,0.00000,0.00000,-0.04119,0.00889,0.00000
2.17223,0.00429,3.13333,0.04104,0.10135,0.02663,0.00000,0.07680,0.16195,1.26508,0.00000,0.00000,0.00000,0.00000,0.00000,0.00000,0.00000,0.00000,0.00000,-0.04111,0.00889,0.00000
2.18208,0.00396,3.13333,0.03878,0.10135,0.00739,0.00000,0.16928,0.09431,1.15851,0.00000,0.00000,0.00000,0.00000,0.00000,0.00000,0.00000,0.00000,0.00000,-0.04249,0.00898,0.00000
2.19289,0.00460,3.13333,0.03530,0.10135,-0.00529,0.00000,0.24918,0.05783,1.00260,0.00000,0.00000,0.00000,0.00000,0.00000,0.00000,0.00000,0.00000,0.00000,-0.04274,0.00882,0.00000
2.20212,0.00365,3.24847,0.03610,0.10135,-0.01613,0.00000,0.27908,0.12676,0.85491,0.00000,0.00000,0.00000,0.00000,0.00000,0.00000,0.00000,0.00000,0.00000,-0.03930,0.00795,0.00000
2.21290,0.00426,3.24847,0.03530,0.10135,-0.01368,0.00000,0.33635,0.09370,0.78977,0.00000,0.00000,0.00000,0.00000,0.00000,0.00000,0.00000,0.00000,0.00000,-0.03885,0.00784,0.00000
2.22299,0.00418,3.24847,0.03897,0.10135,0.00418,0.00000,0.28865,0.16159,0.77226,0.00000,0.00000,0.00000,0.00000,0.00000,0.00000,0.00000,0.00000,0.00000,-0.03814,0.00793,0.00000
2.23246,0.00347,3.24847,0.03942,0.10135,0.02190,0.00000,0.21728,0.12609,0.94007,0.00000,0.00000,0.00000,0.00000,0.00000,0.00000,0.00000,0.00000,0.00000,-0.03656,0.00771,0.00000
2.24338,0.00425,3.24847,0.04190,0.10135,0.03488,0.00000,0.06045,0.17660,1.04096,0.00000,0.00000,0.00000,0.00000,0.00000,0.00000,0.00000,0.00000,0.00000,-0.03600,0.00776,0.00000
2.25369,0.00414,3.24847,0.04538,0.10135,0.03167,0.00000,0.01427,0.21228,1.09873,0.00000,0.00000,0.00000,0.00000,0.00000,0.00000,0.00000,0.00000,0.00000,-0.03728,0.00814,0.00000
2.26357,0.00383,3.24847,0.04538,0.10135,0.02724,0.00000,0.11675,0.14518,1.13905,0.00000,0.00000,0.00000,0.00000,0.00000,0.00000,0.00000,0.00000,0.00000,-0.03770,0.00821,0.00000
2.27400,0.00409,3.24847,0.04440,0.10135,0.02220,0.00000,0.13377,0.11547,1.06433,0.00000,0.00000,0.00000,0.00000,0.00000,0.00000,0.00000,0.00000,0.00000,-0.03792,0.00819,0.00000
2.28398,0.00389,3.24847,0.04372,0.10135,-0.00895,0.00000,0.24382,0.10760,0.87267,0.00000,0.00000,0.00000,0.00000,0.00000,0.00000,0.00000,0.00000,0.00000,-0.04073,0.00858,0.00000
2.29438,0.00409,3.24847,0.04757,0.10135,-0.00849,0.00000,0.33099,0.18922,0.83210,0.00000,0.00000,0.00000,0.00000,0.00000,0.00000,0.00000,0.00000,0.00000,-0.04176,0.00895,0.00000
2.30431,0.00383,3.24847,0.04752,0.10135,0.00159,0.00000,0.32726,0.12645,0.89402,0.00000,0.00000,0.00000,0.00000,0.00000,0.00000,0.00000,0.00000,0.00000,-0.04077,0.00879,0.00000
2.31481,0.00415,3.24847,0.05058,0.10135,0.01487,0.00000,0.26572,0.20466,1.02187,0.00000,0.00000,0.00000,0.00000,0.00000,0.00000,0.00000,0.00000,0.00000,-0.04034,0.00889,0.00000
2.32691,0.00608,3.47793,0.05035,0.10135,0.02342,0.00000,0.18886,0.14231,1.10465,0.00000,0.00000,0.00000,0.00000,0.00000,0.00000,0.00000,0.00000,0.00000,-0.03209,0.00695,0.00000
2.33512,0.00413,3.47793,0.05007,0.10135,0.02984,0.00000,0.18886,0.14231,1.10465,0.00000,0.00000,0.00000,0.00000,0.00000,0.00000,0.00000,0.00000,0.00000,-0.03154,0.00686,0.00000
2.34537,0.00420,3.47793,0.04852,0.10135,0.02526,0.00000,0.14756,0.10358,1.02449,0.00000,0.00000,0.00000,0.00000,0.00000,0.00000,0.00000,0.00000,0.00000,-0.03157,0.00679,0.00000
2.35580,0.00447,3.47793,0.04771,0.10135,0.01747,0.00000,0.20874,0.11535,0.97966,0.00000,0.00000,0.00000,0.00000,0.00000,0.00000,0.00000,0.00000,0.00000,-0.03200,0.00681,0.00000
2.36567,0.00415,3.47793,0.04997,0.10135,0.01044,0.00000,0.22576,0.16549,0.89944,0.00000,0.00000,0.00000,0.00000,0.00000,0.00000,0.00000,0.00000,0.00000,-0.03300,0.00706,0.00000
2.37594,0.00424,3.47793,0.04963,0.10135,0.01365,0.00000,0.26956,0.12011,0.90615,0.00000,0.00000,0.00000,0.00000,0.00000,0.00000,0.00000,0.00000,0.00000,-0.03269,0.00700,0.00000
2.38565,0.00378,3.47793,0.04813,0.10135,0.01945,0.00000,0.23827,0.09900,0.93964,0.00000,0.00000,0.00000,0.00000,0.00000,0.00000,0.00000,0.00000,0.00000,-0.03194,0.00682,0.00000
2.39624,0.00420,3.47793,0.04748,0.10135,0.01151,0.00000,0.23662,0.12322,1.00571,0.00000,0.00000,0.00000,0.00000,0.00000,0.00000,0.00000,0.00000,0.00000,-0.03241,0.00686,0.00000
2.40595,0.00365,3.47793,0.04995,0.10135,0.00785,0.00000,0.24113,0.18013,0.95380,0.00000,0.00000,0.00000,0.00000,0.00000,0.00000,0.00000,0.00000,0.00000,-0.03320,0.00709,0.00000
2.41674,0.00426,3.47793,0.04849,0.10135,0.01670,0.00000,0.24003,0.10144,0.94849,0.00000,0.00000,0.00000,0.00000,0.00000,0.00000,0.00000,0.00000,0.00000,-0.03222,0.00688,0.00000
2.42705,0.00388,3.47793,0.04679,0.10135,0.01503,0.00000,0.26523,0.09790,0.96691,0.00000,0.00000,0.00000,0.00000,0.00000,0.00000,0.00000,0.00000,0.00000,-0.03200,0.00677,0.00000
2.43710,0.00375,3.47793,0.04653,0.10135,0.01212,0.00000,0.24254,0.12432,0.95935,0.00000,0.00000,0.00000,0.00000,0.00000,0.00000,0.00000,0.00000,0.00000,-0.03217,0.00678,0.00000
2.44703,0.00351,3.72425,0.04558,0.10135,0.02388,0.00000,0.12163,0.11572,1.05341,0.00000,0.00000,0.00000,0.00000,0.00000,0.00000,0.00000,0.00000,0.00000,-0.02594,0.00533,0.00000
2.45769,0.00399,3.72425,0.04553,0.10135,0.02266,0.00000,0.15701,0.13908,1.08891,0.00000,0.00000,0.00000,0.00000,0.00000,0.00000,0.00000,0.00000,0.00000,-0.02600,0.00533,0.00000
2.46799,0.00408,3.72425,0.04527,0.10135,0.00907,0.00000,0.19605,0.13835,1.08922,0.00000,0.00000,0.00000,0.00000,0.00000,0.00000,0.00000,0.00000,0.00000,-0.02680,0.00543,0.00000
2.47784,0.00374,3.72425,0.04564,0.10135,-0.00376,0.00000,0.25004,0.14585,1.01016,0.00000,0.00000,0.00000,0.00000,0.00000,0.00000,0.00000,0.00000,0.00000,-0.02765,0.00556,0.00000
2.48933,0.00411,3.72425,0.04567,0.10135,-0.00758,0.00000,0.21960,0.12688,0.91768,0.00000,0.00000,0.00000,0.00000,0.00000,0.00000,0.00000,0.00000,0.00000,-0.02789,0.00559,0.00000
2.49920,0.00382,3.72425,0.04283,0.10135,-0.00712,0.00000,0.25919,0.05935,0.73456,0.00000,0.00000,0.00000,0.00000,0.00000,0.00000,0.00000,0.00000,0.00000,-0.02742,0.00541,0.00000
2.50902,0.00345,3.72425,0.03900,0.10132,-0.01078,0.00000,0.22936,0.04313,0.76445,0.00000,0.00000,0.00000,0.00000,0.00000,0.00000,0.00000,0.00000,0.00000,-0.02705,0.00520,0.00000
2.52008,0.00435,3.72425,0.04122,0.10127,-0.00697,0.00000,0.26407,0.15976,0.88804,0.00000,0.00000,0.00000,0.00000,0.00000,0.00000,0.00000,0.00000,0.00000,-0.02715,0.00531,0.00000
2.52995,0.00404,3.72425,0.03956,0.10101,0.00815,0.00000,0.15293,0.10175,1.09056,0.00000,0.00000,0.00000,0.00000,0.00000,0.00000,0.00000,0.00000,0.00000,-0.02590,0.00507,0.00000
2.54015,0.00407,3.72425,0.04447,0.10076,0.01273,0.00000,0.12956,0.26578,1.17480,0.00000,0.00000,0.00000,0.00000,0.00000,0.00000,0.00000,0.00000,0.00000,-0.02633,0.00533,0.00000
2.55064,0.00429,3.72425,0.04464,0.10067,0.00418,0.00000,0.18324,0.14219,1.04908,0.00000,0.00000,0.00000,0.00000,0.00000,0.00000,0.00000,0.00000,0.00000,-0.02687,0.00541,0.00000
2.56078,0.00426,3.85198,0.04316,0.10067,-0.01200,0.00000,0.19245,0.09888,0.93354,0.00000,0.00000,0.00000,0.00000,0.00000,0.00000,0.00000,0.00000,0.00000,-0.02544,0.00493,0.00000
2.57093,0.00424,3.85198,0.04503,0.10067,-0.01903,0.00000,0.25797,0.15476,0.86455,0.00000,0.00000,0.00000,0.00000,0.00000,0.00000,0.00000,0.00000,0.00000,-0.02608,0.00509,0.00000
2.58073,0.00385,3.85198,0.04267,0.10067,-0.01506,0.00000,0.31555,0.07954,0.86065,0.00000,0.00000,0.00000,0.00000,0.00000,0.00000,0.00000,0.00000,0.00000,-0.02554,0.00493,0.00000
2.59136,0.00430,3.85198,0.04198,0.10067,-0.00269,0.00000,0.23613,0.11608,0.97539,0.00000,0.00000,0.00000,0.00000,0.00000,0.00000,0.00000,0.00000,0.00000,-0.02476,0.00480,0.00000
2.60305,0.00581,3.85198,0.03556,0.10067,0.00861,0.00000,0.21008,-0.00268,1.06628,0.00000,0.00000,0.00000,0.00000,0.00000,0.00000,0.00000,0.00000,0.00000,-0.02325,0.00436,0.00000
2.61184,0.00442,3.85198,0.03563,0.10067,0.00540,0.00000,0.22125,0.12920,1.03242,0.00000,0.00000,0.00000,0.00000,0.00000,0.00000,0.00000,0.00000,0.00000,-0.02344,0.00439,0.00000
2.62135,0.00375,3.85198,0.03724,0.10067,0.00754,0.00000,0.19404,0.15988,1.02291,0.00000,0.00000,0.00000,0.00000,0.00000,0.00000,0.00000,0.00000,0.00000,-0.02354,0.00446,0.00000
2.63204,0.00426,3.85198,0.03951,0.10067,0.00082,0.00000,0.22021,0.16580,0.95166,0.00000,0.00000,0.00000,0.00000,0.00000,0.00000,0.00000,0.00000,0.00000,-0.02422,0.00464,0.00000
2.64255,0.00409,3.85198,0.04259,0.10067,0.00754,0.00000,0.28475,0.16903,0.85467,0.00000,0.00000,0.00000,0.00000,0.00000,0.00000,0.00000,0.00000,0.00000,-0.02427,0.00476,0.00000
2.65272,0.00409,3.85198,0.04436,0.10067,0.00159,0.00000,0.16940,0.16513,0.98674,0.00000,0.00000,0.00000,0.00000,0.00000,0.00000,0.00000,0.00000,0.00000,-0.02484,0.00490,0.00000
2.66316,0.00382,4.06973,0.04094,0.10067,0.00571,0.00000,0.20459,0.06515,1.05194,0.00000,0.00000,0.00000,0.00000,0.00000,0.00000,0.00000,0.00000,0.00000,-0.02131,0.00401,0.00000
2.67358,0.00406,4.06973,0.04358,0.10064,0.00327,0.00000,0.16244,0.18947,1.03578,0.00000,0.00000,0.00000,0.00000,0.00000,0.00000,0.00000,0.00000,0.00000,-0.02171,0.00414,0.00000
2.68361,0.00392,4.06973,0.04845,0.10059,0.00235,0.00000,0.17043,0.24388,1.04481,0.00000,0.00000,0.00000,0.00000,0.00000,0.00000,0.00000,0.00000,0.00000,-0.02228,0.00438,0.00000
2.69389,0.00402,4.06973,0.04482,0.10059,-0.00254,0.00000,0.21332,0.06130,0.96191,0.00000,0.00000,0.00000,0.00000,0.00000,0.00000,0.00000,0.00000,0.00000,-0.02212,0.00424,0.00000
2.70384,0.00379,4.06973,0.04170,0.10059,-0.00635,0.00000,0.27859,0.06277,0.86016,0.00000,0.00000,0.00000,0.00000,0.00000,0.00000,0.00000,0.00000,0.00000,-0.02195,0.00411,0.00000
2.71439,0.00409,4.06973,0.03799,0.10059,0.00052,0.00000,0.23503,0.05057,0.92019,0.00000,0.00000,0.00000,0.00000,0.00000,0.00000,0.00000,0.00000,0.00000,-0.02122,0.00389,0.00000
2.72433,0.00384,4.06973,0.03973,0.10059,0.00999,0.00000,0.19636,0.16513,1.02693,0.00000,0.00000,0.00000,0.00000,0.00000,0.00000,0.00000,0.00000,0.00000,-0.02096,0.00392,0.00000
2.73548,0.00409,4.06973,0.03590,0.10059,0.01518,0.00000,0.14036,0.05057,1.09702,0.00000,0.00000,0.00000,0.00000,0.00000,0.00000,0.00000,0.00000,0.00000,-0.02029,0.00371,0.00000
2.74596,0.00392,4.06973,0.03714,0.10059,0.00693,0.00000,0.16482,0.15378,1.03810,0.00000,0.00000,0.00000,0.00000,0.00000,0.00000,0.00000,0.00000,0.00000,-0.02082,0.00382,0.00000
2.75646,0.00410,4.06973,0.03839,0.10059,-0.00697,0.00000,0.17440,0.14195,0.92818,0.00000,0.00000,0.00000,0.00000,0.00000,0.00000,0.00000,0.00000,0.00000,-0.02162,0.00396,0.00000
2.76617,0.00380,4.06973,0.04316,0.10059,-0.01170,0.00000,0.24089,0.18953,0.80520,0.00000,0.00000,0.00000,0.00000,0.00000,0.00000,0.00000,0.00000,0.00000,-0.02237,0.00421,0.00000
2.77693,0.00423,4.00618,0.04151,0.10059,-0.00910,0.00000,0.28078,0.08778,0.84857,0.00000,0.00000,0.00000,0.00000,0.00000,0.00000,0.00000,0.00000,0.00000,-0.02286,0.00430,0.00000
2.78674,0.00387,4.00618,0.03979,0.10059,-0.00299,0.00000,0.30476,0.09278,0.94178,0.00000,0.00000,0.00000,0.00000,0.00000,0.00000,0.00000,0.00000,0.00000,-0.02235,0.00418,0.00000
2.79725,0.00420,4.00618,0.03908,0.10059,0.00999,0.00000,0.26376,0.12298,1.09001,0.00000,0.00000,0.00000,0.00000,0.00000,0.00000,0.00000,0.00000,0.00000,-0.02162,0.00406,0.00000
2.80705,0.00383,4.00618,0.04555,0.10059,0.01365,0.00000,0.15494,0.29060,1.11935,0.00000,0.00000,0.00000,0.00000,0.00000,0.00000,0.00000,0.00000,0.00000,-0.02219,0.00436,0.00000
2.81750,0.00411,4.00618,0.04740,0.10059,0.01243,0.00000,0.11761,0.18013,1.06945,0.00000,0.00000,0.00000,0.00000,0.00000,0.00000,0.00000,0.00000,0.00000,-0.02247,0.00446,0.00000
2.82736,0.00379,4.00618,0.04937,0.10059,0.00586,0.00000,0.21862,0.17159,0.96557,0.00000,0.00000,0.00000,0.00000,0.00000,0.00000,0.00000,0.00000,0.00000,-0.02303,0.00460,0.00000
2.83803,0.00427,4.00618,0.05020,0.10059,0.00861,0.00000,0.26803,0.13951,0.88401,0.00000,0.00000,0.00000,0.00000,0.00000,0.00000,0.00000,0.00000,0.00000,-0.02299,0.00463,0.00000
2.84791,0.00397,4.00618,0.04646,0.10059,0.00769,0.00000,0.26706,0.05618,0.89774,0.00000,0.00000,0.00000,0.00000,0.00000,0.00000,0.00000,0.00000,0.00000,-0.02260,0.00445,0.00000
2.85840,0.00428,4.00618,0.04457,0.10059,0.01289,0.00000,0.16806,0.09241,0.99015,0.00000,0.00000,0.00000,0.00000,0.00000,0.00000,0.00000,0.00000,0.00000,-0.02211,0.00432,0.00000
2.86743,0.00313,4.00618,0.04646,0.10059,0.00892,0.00000,0.15939,0.17361,1.01925,0.00000,0.00000,0.00000,0.00000,0.00000,0.00000,0.00000,0.00000,0.00000,-0.02253,0.00444,0.00000
2.87920,0.00468,4.00618,0.04906,0.10059,0.00739,0.00000,0.12298,0.17903,0.96209,0.00000,0.00000,0.00000,0.00000,0.00000,0.00000,0.00000,0.00000,0.00000,-0.02291,0.00458,0.00000
2.88894,0.00382,3.97673,0.05058,0.10059,0.00250,0.00000,0.16427,0.15402,0.91171,0.00000,0.00000,0.00000,0.00000,0.00000,0.00000,0.00000,0.00000,0.00000,-0.02374,0.00478,0.00000
2.89960,0.00431,3.97673,0.05304,0.10059,0.00388,0.00000,0.22881,0.15317,0.78611,0.00000,0.00000,0.00000,0.00000,0.00000,0.00000,0.00000,0.00000,0.00000,-0.02397,0.00490,0.00000
2.90922,0.00375,3.97673,0.05212,0.10059,0.00785,0.00000,0.31811,0.10346,0.80465,0.00000,0.00000,0.00000,0.00000,0.00000,0.00000,0.00000,0.00000,0.00000,-0.02365,0.00483,0.00000
2.92000,0.00435,3.97673,0.04972,0.10059,0.02969,0.00000,0.22180,0.09083,1.05926,0.00000,0.00000,0.00000,0.00000,0.00000,0.00000,0.00000,0.00000,0.00000,-0.02225,0.00457,0.00000
2.92966,0.00382,3.97673,0.04968,0.10059,0.02327,0.00000,0.18532,0.15573,1.17218,0.00000,0.00000,0.00000,0.00000,0.00000,0.00000,0.00000,0.00000,0.00000,-0.02257,0.00460,0.00000
2.95084,0.01047,3.97673,0.05052,0.10059,0.02556,0.00000,0.14799,0.17428,1.20194,0.00000,0.00000,0.00000,0.00000,0.00000,0.00000,0.00000,0.00000,0.00000,-0.02256,0.00463,0.00000
2.96750,0.01099,3.97673,0.05110,0.10059,0.01167,0.00000,0.26596,0.12706,0.83661,0.00000,0.00000,0.00000,0.00000,0.00000,0.00000,0.00000,0.00000,0.00000,-0.02333,0.00475,0.00000
2.98003,0.00841,3.97673,0.04854,0.10059,0.01075,0.00000,0.29182,0.07216,0.81405,0.00000,0.00000,0.00000,0.00000,0.00000,0.00000,0.00000,0.00000,0.00000,-0.02307,0.00463,0.00000
2.99081,0.00735,3.97673,0.04769,0.10059,0.02617,0.00000,0.27895,0.10974,0.93415,0.00000,0.00000,0.00000,0.00000,0.00000,0.00000,0.00000,0.00000,0.00000,-0.02219,0.00449,0.00000
3.00330,0.00731,3.98249,0.04653,0.10059,0.02892,0.00000,0.23064,0.11059,1.04096,0.00000,0.00000,0.00000,0.00000,0.00000,0.00000,0.00000,0.00000,0.00000,-0.02184,0.00439,0.00000
3.01657,0.00693,3.98249,0.04739,0.10059,0.03274,0.00000,0.06509,0.19898,1.06372,0.00000,0.00000,0.00000,0.00000,0.00000,0.00000,0.00000,0.00000,0.00000,-0.02174,0.00441,0.00000
3.03467,0.01153,3.98249,0.05283,0.10067,0.02281,-0.24430,0.19361,0.21289,0.86510,0.00000,0.00000,0.00000,0.00000,0.00000,0.00000,0.00000,0.00000,0.00000,-0.02291,0.00475,0.00000
3.04799,0.00812,3.98249,0.05268,0.09926,0.00663,-0.70193,0.29494,0.12584,0.88999,0.00000,0.00000,0.00000,0.00000,0.00000,0.00000,0.00000,0.00000,0.00000,-0.02347,0.00481,0.00000
3.06105,0.00554,3.98249,0.05231,0.09057,0.02739,-1.09218,0.24186,0.12529,0.97368,0.00000,0.00000,0.00000,0.00000,0.00000,0.00000,0.00000,0.00000,0.00000,-0.02084,0.00447,0.00000
3.07005,0.00436,3.98249,0.04804,0.08369,0.03106,-1.42508,0.20490,0.05362,1.11203,0.00000,0.00000,0.00000,0.00000,0.00000,0.00000,0.00000,0.00000,0.00000,-0.01893,0.00408,0.00000
3.08006,0.00365,3.98249,0.05189,0.07036,0.03091,-1.69364,0.11096,0.23131,1.10746,0.00000,0.00000,0.00000,0.00000,0.00000,0.00000,0.00000,0.00000,0.00000,-0.01704,0.00399,0.00000
3.09007,0.00348,3.98249,0.05237,0.05406,0.02526,-1.88731,0.11791,0.16250,1.12624,0.00000,0.00000,0.00000,0.00000,0.00000,0.00000,0.00000,0.00000,0.00000,-0.01451,0.00369,0.00000
3.10041,0.00363,3.98249,0.05474,0.03592,0.02144,-2.02402,0.26163,0.17409,0.91299,0.00000,0.00000,0.00000,0.00000,0.00000,0.00000,0.00000,0.00000,0.00000,-0.01179,0.00343,0.00000
3.11064,0.00369,3.95045,0.05467,0.01588,0.02404,-2.10478,0.24339,0.12133,0.86211,0.00000,0.00000,0.00000,0.00000,0.00000,0.00000,0.00000,0.00000,0.00000,-0.00833,0.00304,0.00000
3.12076,0.00363,3.95045,0.05765,-0.00518,0.02068,-2.13423,0.20032,0.18038,0.88596,0.00000,0.00000,0.00000,0.00000,0.00000,0.00000,0.00000,0.00000,0.00000,-0.00510,0.00274,0.00000
3.13098,0.00368,3.95045,0.05428,-0.02607,-0.00376,-2.10960,0.17434,0.07594,0.97234,0.00000,0.00000,0.00000,0.00000,0.00000,0.00000,0.00000,0.00000,0.00000,-0.00222,0.00226,0.00000
3.14113,0.00367,3.95045,0.05587,-0.04749,-0.02621,-2.03358,0.17263,0.19209,1.05939,0.00000,0.00000,0.00000,0.00000,0.00000,0.00000,0.00000,0.00000,0.00000,0.00026,0.00200,0.00000
3.15130,0.00366,3.95045,0.05207,-0.06793,-0.08867,-1.92076,0.15744,0.08888,1.06360,0.00000,0.00000,0.00000,0.00000,0.00000,0.00000,0.00000,0.00000,0.00000,0.00114,0.00176,0.00000
3.16144,0.00363,3.95045,0.04277,-0.08794,-0.13906,-1.74240,0.23119,-0.02019,0.94032,0.00000,0.00000,0.00000,0.00000,0.00000,0.00000,0.00000,0.00000,0.00000,0.00325,0.00115,0.00000
3.17164,0.00365,3.95045,0.03011,-0.10613,-0.21160,-1.47892,0.27060,-0.07802,0.88188,0.00000,0.00000,0.00000,0.00000,0.00000,0.00000,0.00000,0.00000,0.00000,0.00430,0.00056,0.00000
3.18213,0.00384,3.95045,0.02075,-0.12249,-0.29177,-1.15357,0.33538,-0.01128,0.86016,0.00000,0.00000,0.00000,0.00000,0.00000,0.00000,0.00000,0.00000,0.00000,0.00422,0.00023,0.00000
3.19202,0.00356,3.95045,0.00496,-0.13452,-0.36339,-0.82521,0.31238,-0.14512,0.97667,0.00000,0.00000,0.00000,0.00000,0.00000,0.00000,0.00000,0.00000,0.00000,0.00460,-0.00040,0.00000
3.20212,0.00348,3.95045,-0.00600,-0.14381,-0.42799,-0.44715,0.13097,-0.05862,1.24172,0.00000,0.00000,0.00000,0.00000,0.00000,0.00000,0.00000,0.00000,0.00000,0.00426,-0.00075,0.00000
3.21280,0.00399,3.95045,-0.01634,-0.14890,-0.57414,0.00525,0.14280,-0.01257,1.19096,0.00000,0.00000,0.00000,0.00000,0.00000,0.00000,0.00000,0.00000,0.00000,-0.00115,-0.00045,0.00000
3.22259,0.00361,4.02994,-0.02280,-0.15012,-0.63965,0.43463,0.13701,0.06191,1.07018,0.00000,0.00000,0.00000,0.00000,0.00000,0.00000,0.00000,0.00000,0.00000,-0.00288,-0.00044,0.00000
3.23277,0.00362,4.02994,-0.03445,-0.14703,-0.70012,0.85384,0.20337,-0.03074,0.91531,0.00000,0.00000,0.00000,0.00000,0.00000,0.00000,0.00000,0.00000,0.00000,-0.00505,-0.00058,0.00000
3.24377,0.00363,4.02994,-0.04471,-0.13956,-0.76243,1.27952,0.26242,0.00262,0.82960,0.00000,0.00000,0.00000,0.00000,0.00000,0.00000,0.00000,0.00000,0.00000,-0.00823,-0.00055,0.00000
3.25379,0.00348,4.02994,-0.06192,-0.12821,-0.86261,1.69755,0.25736,-0.12084,0.84284,0.00000,0.00000,0.00000,0.00000,0.00000,0.00000,0.00000,0.00000,0.00000,-0.01314,-0.00055,0.00000
3.26414,0.00365,4.02994,-0.07990,-0.11273,-0.90262,2.11765,0.25205,-0.15640,0.94690,0.00000,0.00000,0.00000,0.00000,0.00000,0.00000,0.00000,0.00000,0.00000,-0.01573,-0.00086,0.00000
3.27448,0.00382,4.02994,-0.09462,-0.09269,-0.92889,2.52340,0.24998,-0.10876,0.95550,0.00000,0.00000,0.00000,0.00000,0.00000,0.00000,0.00000,0.00000,0.00000,-0.01879,-0.00100,0.00000
3.28463,0.00379,4.02994,-0.10096,-0.06912,-0.95729,2.87935,0.15970,0.04990,1.00003,0.00000,0.00000,0.00000,0.00000,0.00000,0.00000,0.00000,0.00000,0.00000,-0.02353,-0.00064,0.00000
3.29463,0.00362,4.02994,-0.10815,-0.04135,-0.96141,3.18027,0.11425,0.02227,0.91579,0.00000,0.00000,0.00000,0.00000,0.00000,0.00000,0.00000,0.00000,0.00000,-0.02771,-0.00037,0.00000
3.30487,0.00369,4.02994,-0.11910,-0.00894,-0.94019,3.41725,0.33642,-0.05392,0.91067,0.00000,0.00000,0.00000,0.00000,0.00000,0.00000,0.00000,0.00000,0.00000,-0.03101,-0.00035,0.00000
3.31500,0.00364,4.02994,-0.13133,0.01511,-0.89285,3.56940,0.32391,-0.10919,0.93952,0.00000,0.00000,0.00000,0.00000,0.00000,0.00000,0.00000,0.00000,0.00000,-0.03145,-0.00073,0.00000
3.32536,0.00356,3.94463,-0.14190,0.04625,-0.86536,3.69216,0.28170,-0.08943,1.03053,0.00000,0.00000,0.00000,0.00000,0.00000,0.00000,0.00000,0.00000,0.00000,-0.03585,-0.00068,0.00000
3.36126,0.02906,3.94463,-0.15017,0.12736,-0.79649,3.74107,0.27816,0.18629,1.04676,0.00000,0.00000,0.00000,0.00000,0.00000,0.00000,0.00000,0.00000,0.00000,-0.04579,0.00027,0.00000
3.37407,0.00697,3.94463,-0.15123,0.22368,-0.58406,3.59621,0.34508,0.17373,0.97362,0.00000,0.00000,0.00000,0.00000,0.00000,0.00000,0.00000,0.00000,0.00000,-0.05188,0.00100,0.00000
3.40192,0.01018,3.94463,-0.14489,0.30295,-0.33804,3.24809,0.20148,0.26797,1.15510,0.00000,0.00000,0.00000,0.00000,0.00000,0.00000,0.00000,0.00000,0.00000,-0.05406,0.00151,0.00000
3.41518,0.00721,3.94463,-0.13129,0.37065,-0.11509,2.71996,0.16134,0.27157,1.06628,0.00000,0.00000,0.00000,0.00000,0.00000,0.00000,0.00000,0.00000,0.00000,-0.05627,0.00228,0.00000
3.42607,0.00534,3.94463,-0.11054,0.40153,0.03137,2.05631,0.14518,0.30622,0.79318,0.00000,0.00000,0.00000,0.00000,0.00000,0.00000,0.00000,0.00000,0.00000,-0.05675,0.00310,0.00000
3.43508,0.00418,3.94463,-0.09272,0.42573,0.07916,1.38553,0.23369,0.24504,0.70565,0.00000,0.00000,0.00000,0.00000,0.00000,0.00000,0.00000,0.00000,0.00000,-0.06081,0.00426,0.00000
3.44473,0.00366,4.40590,-0.07094,0.44229,0.12941,0.65216,0.30000,0.33434,0.72175,0.00000,0.00000,0.00000,0.00000,0.00000,0.00000,0.00000,0.00000,0.00000,-0.05474,0.00409,0.00000
3.45527,0.00403,4.40590,-0.04738,0.45191,0.21905,-0.20359,0.32519,0.40248,0.78287,0.00000,0.00000,0.00000,0.00000,0.00000,0.00000,0.00000,0.00000,0.00000,-0.05464,0.00477,0.00000
3.46503,0.00362,4.40590,-0.02552,0.45607,0.32656,-1.02521,0.24034,0.42688,0.94263,0.00000,0.00000,0.00000,0.00000,0.00000,0.00000,0.00000,0.00000,0.00000,-0.05290,0.00521,0.00000
3.47544,0.00385,4.40590,-0.00615,0.45035,0.42322,-1.84534,0.14219,0.41181,1.06536,0.00000,0.00000,0.00000,0.00000,0.00000,0.00000,0.00000,0.00000,0.00000,-0.04992,0.00544,0.00000
3.48556,0.00380,4.40590,-0.00058,0.43810,0.54784,-2.66283,0.24949,0.11413,1.30863,0.00000,0.00000,0.00000,0.00000,0.00000,0.00000,0.00000,0.00000,0.00000,-0.04376,0.00491,0.00000
3.49560,0.00368,4.40590,0.01254,0.41834,0.59334,-3.38990,0.18379,0.30567,1.26532,0.00000,0.00000,0.00000,0.00000,0.00000,0.00000,0.00000,0.00000,0.00000,-0.04015,0.00489,0.00000
3.50567,0.00357,4.40590,0.02544,0.38888,0.66970,-4.03424,0.24241,0.28444,1.21396,0.00000,0.00000,0.00000,0.00000,0.00000,0.00000,0.00000,0.00000,0.00000,-0.03390,0.00457,0.00000
3.51762,0.00535,4.40590,0.03743,0.34733,0.74056,-4.57713,0.15775,0.20825,1.11380,0.00000,0.00000,0.00000,0.00000,0.00000,0.00000,0.00000,0.00000,0.00000,-0.02600,0.00403,0.00000
3.52659,0.00361,4.40590,0.04700,0.31184,0.78423,-5.03492,0.19642,0.19837,1.05481,0.00000,0.00000,0.00000,0.00000,0.00000,0.00000,0.00000,0.00000,0.00000,-0.01984,0.00361,0.00000
3.53689,0.00374,4.40590,0.05871,0.26471,0.81356,-5.39110,0.08577,0.18501,0.88053,0.00000,0.00000,0.00000,0.00000,0.00000,0.00000,0.00000,0.00000,0.00000,-0.01269,0.00315,0.00000
3.54737,0.00406,4.40590,0.05711,0.21329,0.82547,-5.59300,0.11877,-0.04380,0.88798,0.00000,0.00000,0.00000,0.00000,0.00000,0.00000,0.00000,0.00000,0.00000,-0.00447,0.00218,0.00000
3.55707,0.00358,3.89096,0.05687,0.16195,0.82592,-5.70631,0.11736,-0.01568,0.84918,0.00000,0.00000,0.00000,0.00000,0.00000,0.00000,0.00000,0.00000,0.00000,0.00754,0.00117,0.00000
3.56872,0.00509,3.89096,0.05607,0.10673,0.79080,-5.67759,0.10035,-0.02287,0.77543,0.00000,0.00000,0.00000,0.00000,0.00000,0.00000,0.00000,0.00000,0.00000,0.01591,0.00008,0.00000
3.57758,0.00375,3.89096,0.05048,0.05134,0.73613,-5.52367,0.08345,-0.07613,0.67582,0.00000,0.00000,0.00000,0.00000,0.00000,0.00000,0.00000,0.00000,0.00000,0.02388,-0.00115,0.00000
3.58784,0.00382,3.89096,0.04072,-0.00416,0.67489,-5.22032,0.13353,-0.15524,0.80721,0.00000,0.00000,0.00000,0.00000,0.00000,0.00000,0.00000,0.00000,0.00000,0.03206,-0.00256,0.00000
3.59769,0.00340,3.89096,0.02450,-0.05720,0.57334,-4.78524,0.12664,-0.32428,1.01242,0.00000,0.00000,0.00000,0.00000,0.00000,0.00000,0.00000,0.00000,0.00000,0.03844,-0.00398,0.00000
3.60812,0.00367,3.89096,0.01152,-0.10698,0.46049,-4.21079,0.12670,-0.27743,1.12795,0.00000,0.00000,0.00000,0.00000,0.00000,0.00000,0.00000,0.00000,0.00000,0.04318,-0.00508,0.00000
3.61805,0.00342,3.89096,0.00194,-0.15057,0.31190,-3.51345,0.09473,-0.18617,1.19883,0.00000,0.00000,0.00000,0.00000,0.00000,0.00000,0.00000,0.00000,0.00000,0.04440,-0.00559,0.00000
3.62869,0.00389,3.89096,-0.00925,-0.18901,0.16667,-2.75240,0.11669,-0.20612,1.19920,0.00000,0.00000,0.00000,0.00000,0.00000,0.00000,0.00000,0.00000,0.00000,0.04506,-0.00610,0.00000
3.63857,0.00360,3.89096,-0.01630,-0.22051,0.03564,-1.93517,0.11242,-0.08650,1.20987,0.00000,0.00000,0.00000,0.00000,0.00000,0.00000,0.00000,0.00000,0.00000,0.04468,-0.00631,0.00000
3.64877,0.00363,3.89096,-0.03380,-0.24332,-0.20381,-1.09225,0.19032,-0.25474,1.02102,0.00000,0.00000,0.00000,0.00000,0.00000,0.00000,0.00000,0.00000,0.00000,0.03818,-0.00614,0.00000
3.65894,0.00364,4.00243,-0.05500,-0.25903,-0.31331,-0.20808,0.23869,-0.33410,1.00473,0.00000,0.00000,0.00000,0.00000,0.00000,0.00000,0.00000,0.00000,0.00000,0.03604,-0.00642,0.00000
3.66924,0.00377,4.00243,-0.07507,-0.26627,-0.42921,0.69631,0.19666,-0.29018,0.97142,0.00000,0.00000,0.00000,0.00000,0.00000,0.00000,0.00000,0.00000,0.00000,0.03386,-0.00687,0.00000
3.67965,0.00401,4.00243,-0.09669,-0.26548,-0.53245,1.59900,0.13444,-0.31433,0.93361,0.00000,0.00000,0.00000,0.00000,0.00000,0.00000,0.00000,0.00000,0.00000,0.03109,-0.00729,0.00000
3.68947,0.00367,4.00243,-0.10973,-0.25455,-0.58131,2.46301,0.03709,-0.15238,0.95819,0.00000,0.00000,0.00000,0.00000,0.00000,0.00000,0.00000,0.00000,0.00000,0.02826,-0.00740,0.00000
3.70034,0.00361,4.00243,-0.11603,-0.23296,-0.64270,3.28322,0.14378,-0.01586,0.91286,0.00000,0.00000,0.00000,0.00000,0.00000,0.00000,0.00000,0.00000,0.00000,0.02216,-0.00687,0.00000
3.71058,0.00367,4.00243,-0.12201,-0.20652,-0.66210,3.97852,0.23869,-0.02019,0.81453,0.00000,0.00000,0.00000,0.00000,0.00000,0.00000,0.00000,0.00000,0.00000,0.01726,-0.00647,0.00000
3.72071,0.00363,4.00243,-0.12851,-0.17033,-0.68424,4.54689,0.17348,-0.02775,0.85168,0.00000,0.00000,0.00000,0.00000,0.00000,0.00000,0.00000,0.00000,0.00000,0.01059,-0.00588,0.00000
3.73087,0.00363,4.00243,-0.13412,-0.13056,-0.69432,4.97343,0.15219,-0.02184,0.93214,0.00000,0.00000,0.00000,0.00000,0.00000,0.00000,0.00000,0.00000,0.00000,0.00379,-0.00523,0.00000
3.74105,0.00364,4.00243,-0.14174,-0.08230,-0.68088,5.27656,0.19563,-0.06978,1.02498,0.00000,0.00000,0.00000,0.00000,0.00000,0.00000,0.00000,0.00000,0.00000,-0.00308,-0.00465,0.00000
3.75130,0.00368,4.00243,-0.14899,-0.03354,-0.60514,5.47742,0.29286,-0.10541,1.19011,0.00000,0.00000,0.00000,0.00000,0.00000,0.00000,0.00000,0.00000,0.00000,-0.00696,-0.00443,0.00000
3.76317,0.00538,4.00243,-0.15139,0.02471,-0.57200,5.55066,0.30549,0.02239,1.22543,0.00000,0.00000,0.00000,0.00000,0.00000,0.00000,0.00000,0.00000,0.00000,-0.01520,-0.00349,0.00000
