Time (s),Reference Current (A),Measured Steering Angle (rad)
0.0020220279693603516,0.5999643106253089,0.0
0.006222963333129883,0.5996843255208704,0.0
0.008723974227905273,0.5992332254608579,2.8302636518826966e-05
0.013134956359863281,0.5984029096248065,0.0002547237286694427
0.016863107681274414,0.5971944467343699,0.0007358685494895011
0.0201570987701416,0.5956823087500807,0.0014151318259413483
0.023891925811767578,0.5938376216717707,0.0022925135580249842
0.027107954025268555,0.5920697730173504,0.003311408472702755
0.03076004981994629,0.5899925226942154,0.004443513933455834
0.03382706642150879,0.5873180371512484,0.005943553668953663
0.03757500648498535,0.5842835701578157,0.007698317133120935
0.04077792167663574,0.581400352243351,0.009368172687731725
0.044461965560913086,0.5778339675412226,0.011490870426643748
0.0479280948638916,0.5746314979244995,0.013387147073405156
0.05169796943664551,0.5706467404459903,0.01576456854098662
0.05405902862548828,0.5665841942850783,0.018057082099011603
0.05641889572143555,0.563498539980254,0.019698635017103568
0.0592958927154541,0.5607489518976277,0.021028858933488437
0.06357288360595703,0.5553322281143862,0.023264767218475767
0.06683897972106934,0.5496825851947453,0.025132741228718346
0.07016301155090332,0.5443164513810294,0.02651957041814087
0.07388496398925781,0.5382665474457721,0.0277082811519316
0.0771329402923584,0.53274511792531,0.02852905761097758
0.08167290687561035,0.5261759674173944,0.029264926160467084
0.08510208129882812,0.5182610193965247,0.02994418943691893
0.08780694007873535,0.5127175204124452,0.030368728984701335
0.09203910827636719,0.5045889577482159,0.031047992261153182
0.09642195701599121,0.496472992178984,0.031727255537605026
0.09975910186767578,0.48825259759615114,0.032915966271395765
0.10346293449401855,0.480369399075125,0.0341046770051865
0.10665297508239746,0.4729724636481227,0.03529338773897723
0.11026597023010254,0.46419320011825266,0.03679342747447505
0.11349010467529297,0.45636625780676954,0.03826516457345406
0.11719894409179688,0.4472180745903321,0.04004823067414016
0.12047290802001953,0.4388724801007617,0.0417746915017886
0.12433505058288574,0.4298249830844735,0.04352945496595587
0.12758398056030273,0.4206477492290297,0.045821968523980856
0.1298530101776123,0.4129268500447217,0.047633337261185786
0.1338050365447998,0.4044069684002682,0.04967112709054133
0.13751697540283203,0.3926164830223727,0.052557996015461676
0.14072203636169434,0.3833744218298213,0.05493541748304314
0.1444261074066162,0.37258058505607106,0.05773737849840701
0.14763092994689941,0.3635090253809778,0.06017140523902613
0.15180611610412598,0.35189890027327425,0.06331299789261592
0.15501999855041504,0.34087031354777775,0.06634138000013041
0.1587529182434082,0.3292528188276431,0.0695961831997955
0.16186308860778809,0.3188976927540389,0.07253965739775352
0.16561007499694824,0.30694850253862455,0.07590767114349392
0.16881895065307617,0.2964104502742041,0.07887944797797075
0.17125391960144043,0.2876441955244192,0.08131347471858988
0.17539596557617188,0.2771964733117886,0.08405883046091608
0.1792440414428711,0.2621369649284328,0.08782308111792007
0.18230009078979492,0.2511612328290848,0.0903703184046145
0.18614506721496582,0.23960642768702817,0.09283264778175244
0.1886739730834961,0.22789917937501486,0.09506855606673978
0.1937859058380127,0.21599739912073604,0.09710634589609532
0.1970078945159912,0.20067256616244603,0.09948376736367678
0.2009880542755127,0.18566474524201693,0.1016064651025888
0.20420289039611816,0.17405210688388903,0.10324801802068077
0.20914292335510254,0.15732319090133848,0.10556883421522459
0.21361589431762695,0.14210064436961678,0.10774813722717426
0.21765804290771484,0.12490426521296044,0.11018216396779339
0.22137188911437988,0.11121799560084691,0.11216334852411126
0.22459697723388672,0.09924129504549371,0.11386150671524088
0.2288370132446289,0.0844883800623704,0.11592759918111525
0.23222994804382324,0.07073915385103358,0.11788048110091431
0.23488306999206543,0.06081718104395502,0.11929561292685566
0.23918509483337402,0.045335318378395016,0.12141831066576768
0.24333500862121582,0.02979610214002809,0.12351270576816088
0.24687409400939941,0.016219870630205135,0.12526746923232815
0.24914789199829102,0.005681336520516356,0.1267958116043448
0.25142908096313477,-0.0031476422333692067,0.12789961442857906
0.25589990615844727,-0.01819465660681927,0.12996570689445344
0.25909900665283203,-0.029683888132924587,0.1317204703586207
0.2624509334564209,-0.042857708863244325,0.13372995755145742
0.26613306999206543,-0.056889515836935065,0.13568283947125648
0.26936793327331543,-0.06893142105000184,0.13806026093883794
0.27390289306640625,-0.08574645320683101,0.14103203777331477
0.2771589756011963,-0.09799917950937229,0.14335285396785857
0.2808840274810791,-0.11176202427020412,0.14601330180062833
0.2833249568939209,-0.12226651634104829,0.1479944863569462
0.2860400676727295,-0.13030463222325808,0.14974924982111348
0.2897000312805176,-0.1443560406420405,0.15252290819995853
0.2929799556732178,-0.156231761782174,0.15490032966754
0.2968471050262451,-0.17036444998600672,0.15744756695423442
0.3001890182495117,-0.18232397761890096,0.15976838314877823
0.30243897438049316,-0.1918408924726793,0.16146654133990784
0.30661511421203613,-0.20279217709096622,0.16290997580236802
0.31029605865478516,-0.21819106877676603,0.16576854209076955
0.313507080078125,-0.22950542511752567,0.16746670028189917
0.31720900535583496,-0.24230636359590602,0.16927806901910408
0.320281982421875,-0.25216075029152835,0.1705799902989701
0.3240621089935303,-0.2631947828961599,0.171910214215355
0.32765889167785645,-0.27625301553336207,0.17338195131433398
0.3314979076385498,-0.2893496337647959,0.1745423594116059
0.3353080749511719,-0.3024444652102405,0.1758159780549531
0.3386099338531494,-0.3117003839325357,0.17660845187748028
0.34211301803588867,-0.32486270187546434,0.17765564942867687
0.34581494331359863,-0.33652345915385523,0.17861793907031698
0.3490579128265381,-0.3465804606653653,0.17949532080240063
0.35309290885925293,-0.358219716648943,0.18054251835359722
0.35639190673828125,-0.3687533648048656,0.181561413268275
0.360076904296875,-0.37777316733947064,0.18249540027339628
0.3637399673461914,-0.3887452171484002,0.18371241364370583
0.3679220676422119,-0.4020921860301559,0.18495772965053422
0.3715660572052002,-0.41059361169444053,0.18623134829388144
0.3747539520263672,-0.4204669691404458,0.18730684848159687
0.3782989978790283,-0.430198574315371,0.1882974407597558
0.3814990520477295,-0.43857940389181915,0.18906161194576412
0.38475489616394043,-0.4468433762904357,0.18968426994917834
0.38858509063720703,-0.45586872751838886,0.19019371740651722
0.3922090530395508,-0.4650854569066055,0.1905050464082243
0.3954029083251953,-0.4722503865075174,0.19067486222733726
0.3983280658721924,-0.4787380632331637,0.1907031648638561
0.40212392807006836,-0.4877725724600519,0.19064655959081844
0.40535402297973633,-0.49479019002230784,0.19058995431778078
0.4088170528411865,-0.5020300584561078,0.19053334904474314
0.4125339984893799,-0.5095463048414932,0.1905050464082243
0.41570591926574707,-0.5158456959415574,0.1905050464082243
0.4197700023651123,-0.5227961461289241,0.1905050464082243
0.4220719337463379,-0.5283349383634002,0.1905050464082243
0.42629098892211914,-0.5350617281749375,0.1905050464082243
0.42952990531921387,-0.5404498836892727,0.1905050464082243
0.43329596519470215,-0.5464159903462468,0.19047674377170548
0.43660593032836914,-0.5514654779609018,0.190391835862149
0.439892053604126,-0.5562795254117046,0.19025032267955486
0.443464994430542,-0.5609284543856773,0.1899955989508854
0.4469640254974365,-0.5653575478580074,0.1896559673126595
0.4503970146179199,-0.5698059383306547,0.1891182172188018
0.45427989959716797,-0.573801864423817,0.1884955592153876
0.4575350284576416,-0.5777159351885733,0.18773138802937928
0.46071410179138184,-0.5808535162859793,0.18710873002596506
0.46419310569763184,-0.583979661490534,0.1862879535669191
0.4678640365600586,-0.5870147974598829,0.18560869029046725
0.4713170528411865,-0.5893320801771338,0.18484451910445893
0.47510790824890137,-0.591951359832462,0.18405204528193175
0.4784400463104248,-0.5939503034973127,0.18340108464199875
0.48163890838623047,-0.5955471579008913,0.18286333454814102
0.4853060245513916,-0.5970611125025339,0.18226897918124566
0.48899388313293457,-0.5981533468182055,0.18175953172390677
0.4925379753112793,-0.5991134567236209,0.18119347899353025
0.4949829578399658,-0.5995974897778444,0.18071233417271018
0.497420072555542,-0.5998562451162373,0.1803160972614466
0.5017240047454834,-0.5999949346181912,0.17949532080240063
0.5054919719696045,-0.5998212490549397,0.1787311496163923
0.508842945098877,-0.5992816333152248,0.1776839520651957
0.5125479698181152,-0.5984327197740904,0.1765235439679238
0.5157780647277832,-0.5974279628160507,0.17547634641672719
0.5195860862731934,-0.5960207221333921,0.17408951722730467
0.5227499008178711,-0.5944862832310958,0.17284420122047628
0.5263020992279053,-0.5924600335244513,0.17142906939453492
0.5295310020446777,-0.5904158048587953,0.1701554507511877
0.533545970916748,-0.5875152486272015,0.16871201628872753
0.536747932434082,-0.5849594615494977,0.16738179237234269
0.5403909683227539,-0.581738797126608,0.16599496318292015
0.5435380935668945,-0.5788843028065107,0.16497606826824238
0.5467119216918945,-0.575611434412603,0.16370244962489516
0.5500669479370117,-0.5717911173285742,0.16242883098154795
0.554069995880127,-0.5670243613013031,0.16095709388256896
0.5573029518127441,-0.5629081438130649,0.15968347523922174
0.5613710880279541,-0.5576768365381625,0.15809852759416743
0.5645968914031982,-0.5527949164807381,0.15659848785866962
0.5682909488677979,-0.5479056039006974,0.15521165866924708
0.5715489387512207,-0.5423766657717319,0.15340028993204216
0.5738179683685303,-0.5377189917601981,0.1519851581061008
0.5768001079559326,-0.5336473460871188,0.15073984209927244
0.5814130306243896,-0.5250667731855067,0.1484190259047286
0.5848610401153564,-0.5186934640172867,0.1465227492579672
0.5887629985809326,-0.5111659552802312,0.1444000515190552
0.5919721126556396,-0.5046930036994749,0.1427301959644444
0.5959959030151367,-0.49637101712521653,0.1409471298637583
0.5983009338378906,-0.4905990149189206,0.13941878749174164
0.6028220653533936,-0.4830124001214148,0.13777723457364968
0.6058559417724609,-0.4745619364532173,0.13599416847296358
0.6090569496154785,-0.4670253771844994,0.13446582610094693
0.6126790046691895,-0.4584254906191759,0.13273936527329847
0.6164329051971436,-0.4491703095766035,0.1312110229012818
0.6199378967285156,-0.4402428910695769,0.12906002252585097
0.6231029033660889,-0.4324154631565945,0.12739016697124017
0.6266500949859619,-0.4230656238567811,0.1254089824149223
0.6302080154418945,-0.41301487520846,0.12322967940297261
0.6334168910980225,-0.40414728494772995,0.12124849484665472
0.637199878692627,-0.3949655617535332,0.11921070501729918
0.6405301094055176,-0.3840032465301378,0.11677667827668006
0.6429500579833984,-0.37620406785900296,0.11507852008555045
0.6471359729766846,-0.3682951591707892,0.11338036189442083
0.6511130332946777,-0.3535399755051843,0.11029537451386869
0.654404878616333,-0.3423887368050636,0.10805946622888135
0.6576359272003174,-0.33225995811622866,0.10607828167256347
0.6612529754638672,-0.32091048032449204,0.10395558393365145
0.6650989055633545,-0.30855030014663837,0.10169137301214529
0.6684389114379883,-0.29775672856898067,0.09976679372886506
0.6721069812774658,-0.2855144732693468,0.09767239862647185
0.6752951145172119,-0.2754260794721216,0.09591763516230459
0.6783199310302734,-0.2659424579685815,0.09430438488073145
0.6821269989013672,-0.251866286712619,0.09192696341314999
0.6858909130096436,-0.23878377196106315,0.08974766040120032
0.6891210079193115,-0.2276023171899296,0.0878513837544389
0.6928720474243164,-0.2144494425447326,0.0856437781059704
0.6964430809020996,-0.20194772041014425,0.08374750145920899
0.7003319263458252,-0.18796152542285197,0.08131347471858988
0.7030351161956787,-0.1783471663221302,0.07975682971005439
0.7061820030212402,-0.1677099565214691,0.0780869741554436
0.7106208801269531,-0.15129786473684312,0.07559634214178683
0.7139389514923096,-0.13873630427624956,0.07370006549502542
0.7174758911132812,-0.12568218124856592,0.07183209148478284
0.7211670875549316,-0.11193598740245636,0.06990751220150261
0.7245199680328369,-0.09956837502688522,0.06815274873733533
0.7282969951629639,-0.08544398114665602,0.06628477472709275
0.7314140796661377,-0.07435443374297569,0.06492624817418906
0.7351150512695312,-0.060625821773020123,0.06300166889090883
0.7380170822143555,-0.049863610445325585,0.06158653706496748
0.7417099475860596,-0.03520619689296239,0.059746865691243725
0.744920015335083,-0.023096582018996625,0.058246825955745894
0.7473580837249756,-0.012391107190122968,0.05702981258543634
0.751633882522583,0.0014893380206911892,0.055275049121269064
0.7541830539703369,0.013287920933217946,0.05391652256836537
0.7583839893341064,0.026188593901708444,0.0525862986519805
0.7621080875396729,0.04161234935005843,0.0508032325512944
0.7653980255126953,0.054021141189597416,0.04952961390794719
0.768510103225708,0.06486999370223764,0.04842581108371294
0.7722270488739014,0.07956995056594128,0.04703898189429042
0.7758920192718506,0.09325376337208252,0.04602008697961265
0.778203010559082,0.10332094254630715,0.04497288942841605
0.7823750972747803,0.1157818493293872,0.04406720505981359
0.785614013671875,0.12928142678954577,0.04299170487209816
0.789294958114624,0.14279302766716315,0.042227533686089835
0.7925269603729248,0.15457186712888885,0.041435059863562676
0.7965579032897949,0.166725039510912,0.04084070449666731
0.8001909255981445,0.18163793899449984,0.04016144122021546
0.8026430606842041,0.19194819510693006,0.039793506945470715
0.8063991069793701,0.20152108967282198,0.03953878321680127
0.8103508949279785,0.21836604946098429,0.039255756851613005
0.8135709762573242,0.22972132819229096,0.039170848942056524
0.8167409896850586,0.2407949513753982,0.03919915157857535
0.8204898834228516,0.2535252477723609,0.039312362124650654
0.8241920471191406,0.2661382262365071,0.039482177943763616
0.827613115310669,0.27640699482999265,0.039708599035914234
0.8319950103759766,0.2921588347555745,0.04007653331065898
0.8356919288635254,0.3042335162573316,0.0403029544028096
0.8388850688934326,0.314177404536728,0.04044446758540374
0.8424220085144043,0.32587992999818655,0.040501072858441386
0.8456690311431885,0.33608950162363976,0.04044446758540374
0.848862886428833,0.3459983918066916,0.04038786231236608
0.8525691032409668,0.35723618496101256,0.0403029544028096
0.8560440540313721,0.36766047912188865,0.04021804649325312
0.8597068786621094,0.37793654453057535,0.04013313858369664
0.8634428977966309,0.3889060846300041,0.04004823067414016
0.8666560649871826,0.3980329138527937,0.04004823067414016
0.8702139854431152,0.40842512943423714,0.04004823067414016
0.8734428882598877,0.41726859507087294,0.040104835947177814
0.8771510124206543,0.4271863824690704,0.040246349129771944
0.8803811073303223,0.43567646990746023,0.04047277022192256
0.883620023727417,0.44354491613559277,0.040812401860148485
0.8872098922729492,0.45253823204121224,0.04132184931748737
0.8902499675750732,0.4604666454458481,0.04194450732090156
0.8936889171600342,0.46856194138951857,0.04270867850690989
0.8969409465789795,0.4761535017922184,0.04358606023899353
0.900468111038208,0.4841218064064044,0.044661560426708956
0.9033908843994141,0.49044269671177243,0.045652152704867895
0.9055941104888916,0.4961866400133854,0.046614442346508016
0.9099540710449219,0.5033207089060824,0.0478597583533364
0.913701057434082,0.5118893972112799,0.049501311271428365
0.9168949127197266,0.5180729640937953,0.05074662727825675
0.9202408790588379,0.5243116611568164,0.051991943285085135
0.9238369464874268,0.530745430876971,0.0532089566553947
0.9270670413970947,0.5360359765097774,0.054341062116147774
0.9304220676422119,0.5418806171916987,0.05547316757690086
0.9336159229278564,0.5469645198473837,0.05649206249157863
0.9372119903564453,0.5522879578143155,0.05753926004277522
0.9409880638122559,0.5577812256013027,0.058727970776565955
0.9434459209442139,0.5616519731713413,0.05960535250864959
0.9466650485992432,0.5648331158783335,0.06051103687725205
0.9489450454711914,0.5686173708396921,0.061643142338005136
0.9512200355529785,0.5711315637581714,0.06252052407008876
0.9532830715179443,0.573708000096327,0.06348281371172888
0.9558019638061523,0.5763788244310493,0.06458661653596313
0.9599339962005615,0.5792122797492469,0.06557720881412209
0.9642550945281982,0.5840297570106071,0.06860559092163657
0.9679539203643799,0.5870731310639218,0.07033205174928502
0.9711689949035645,0.589360409399925,0.07251135476123469
0.9734280109405518,0.5912391198265897,0.07418121031584547
0.9776749610900879,0.5933313273011402,0.07613409223564455
0.9814679622650146,0.5954623797145518,0.07885114534145193
0.9847259521484375,0.5968490698886807,0.08083232989776981
0.9879250526428223,0.597964049908525,0.08272860654453122
0.9915120601654053,0.5988848238800948,0.08470979110084911
0.9951989650726318,0.5995734065645302,0.0868041862032423
0.9982819557189941,0.5999105649769592,0.08864385757696606
1.0018959045410156,0.5999914438336733,0.09065334476980277
1.0054080486297607,0.5997717647328402,0.09254962141656418
1.00791597366333,0.5993762188024616,0.09433268751725028
1.0123960971832275,0.5988659018471397,0.09586102988926694
1.0166800022125244,0.5971108360033182,0.09954037263671445
1.0199010372161865,0.5957864048259174,0.10163476773910764
1.0234589576721191,0.5941462910874002,0.1042103076623209
1.0272541046142578,0.5919925377152649,0.10712547922376006
1.0303230285644531,0.5898743122833539,0.10975762442001097
1.0340070724487305,0.5871648262958765,0.11247467752581837
1.0373430252075195,0.5844751019840977,0.11578608599852112
1.0410099029541016,0.5811695977198941,0.11864465228692264
1.0442919731140137,0.5779919912308361,0.12201266603266306
1.0481030941009521,0.5739833413365425,0.1254089824149223
1.0512878894805908,0.5705230413780197,0.1281543381572485
1.0551350116729736,0.566687045216314,0.1309846018091312
1.058229923248291,0.561694329496913,0.13440922082790926
1.0619349479675293,0.5566348433244726,0.13760741875453672
1.0651259422302246,0.5524483489443348,0.14015465604123115
1.0688490867614746,0.5463476529483164,0.14360757769652802
1.0720860958099365,0.5411975852414245,0.14643784134841073
1.0757761001586914,0.53505318709425,0.14952282872896286
1.0789430141448975,0.5297928779063771,0.15243800029040205
1.0826609134674072,0.5230513186198448,0.15589092194569892
1.0856890678405762,0.5171173786650135,0.15897590932625108
1.0888550281524658,0.5109667672225447,0.16211750197984087
1.0924880504608154,0.5037039396476375,0.16585345000032603
1.0961670875549316,0.4959960454488972,0.16981581911296179
1.0994019508361816,0.48941586397238623,0.17324043813173987
1.1023809909820557,0.48244818109947435,0.17649524133140496
1.1062710285186768,0.47396843475640454,0.18110857108397377
1.109050989151001,0.4661862721525049,0.1850143349235719
1.1116070747375488,0.4605196556514534,0.18758987484678513
1.115907907485962,0.4504153557539449,0.19242962569150454
1.1196088790893555,0.4437149660171899,0.19579763943724496
1.1238420009613037,0.4316095966228686,0.20126004828537855
1.1270360946655273,0.4220031216545616,0.20553374639972144
1.1311089992523193,0.4109781719142289,0.20997726033317726
1.1341779232025146,0.4019914403197644,0.21405283999188834
1.1378910541534424,0.3915462737636543,0.21835484074275005
1.1411230564117432,0.38221926514143617,0.22214739403627287
1.1450541019439697,0.3724741922200923,0.22610976314890863
1.1483678817749023,0.3608009245563408,0.23080800081103392
1.1521129608154297,0.34944545972543734,0.2354213305636027
1.1555650234222412,0.3399636330378791,0.239298791766682
1.1587729454040527,0.32911755557942035,0.24374230570013783
1.162203073501587,0.3178463456949251,0.24835563545270664
1.165968894958496,0.3056941616909618,0.2533368994800202
1.169255018234253,0.29500271376944615,0.2577521107769572
1.1730120182037354,0.2825787999446268,0.26287488798686487
1.1762750148773193,0.27162455965644877,0.2674033098298772
1.1796870231628418,0.26271004137173193,0.2711109552138435
1.1829190254211426,0.24957904661919617,0.276431850879383
1.1869549751281738,0.23573994816962648,0.2819791676370731
1.1900179386138916,0.22441424877644117,0.28645098420704773
1.1938869953155518,0.21094226758931653,0.2916586693265119
1.1971569061279297,0.1993785880906065,0.29610218325996773
1.2003529071807861,0.18788214118461835,0.30043248664734823
1.204077959060669,0.17471174073210682,0.3053288427651053
1.206346035003662,0.16489116098172235,0.308979882876034
1.2103960514068604,0.1532704981805649,0.31314037044430154
1.2128920555114746,0.14108222379689997,0.3176687922873139
1.2172040939331055,0.1271934301732418,0.3220840035842509
1.2209150791168213,0.11433867647808155,0.3273482939767527
1.224189043045044,0.10076829328934588,0.33221634745799095
1.2278668880462646,0.08704416068756814,0.33685797984707855
1.231062889099121,0.07567870312702604,0.3411882832344591
1.2339589595794678,0.06515145415118731,0.3448959286184254
1.237760066986084,0.05007768136155092,0.3501319163744084
1.241542100906372,0.035834265179032945,0.35508487776520314
1.2447409629821777,0.023714497312258283,0.3592453653334707
1.2484350204467773,0.009801162000066036,0.36391530035907715
1.251676082611084,-0.002367477486680351,0.3678776694717129
1.2555890083312988,-0.015846994840082625,0.37189664385738636
1.2588269710540771,-0.02878344559087056,0.37682130261166225
1.2623529434204102,-0.04265778229817807,0.3812931191816369
1.2655589580535889,-0.05468174084192379,0.3851705803847162
1.268078088760376,-0.06552581873138844,0.38862350204001306
1.2701740264892578,-0.0736622781664476,0.3911990419632263
1.274751901626587,-0.08847302530567078,0.3956991611697198
1.2783780097961426,-0.10248503125856084,0.39994455664754386
1.2815659046173096,-0.11439426375201513,0.4035389914854349
1.2852370738983154,-0.127967179529874,0.40704851841376943
1.2884960174560547,-0.13984399294047065,0.41120900598203697
1.2916340827941895,-0.15082378896782347,0.4146336250008151
1.2951710224151611,-0.16345520102729316,0.41870920465952616
1.2982089519500732,-0.17528518530312265,0.4226715737721619
1.3017280101776123,-0.18780360695231726,0.42700187715954246
1.3048949241638184,-0.1982227020131425,0.43076612781654644
1.3085930347442627,-0.21219043883920302,0.4358606023899353
1.312474012374878,-0.22517593026178245,0.44072865587117355
1.3149590492248535,-0.23517778206847728,0.4446061170742528
1.319364070892334,-0.2473521059834991,0.44921944682682163
1.3223960399627686,-0.2600498999168458,0.45417240821761634
1.3248529434204102,-0.26965680233792566,0.4578517509650638
1.3290660381317139,-0.2825288464168855,0.4626348965367456
1.3330469131469727,-0.29555120450098865,0.46738973947190854
1.3362960815429688,-0.30623924566549476,0.47121059540195015
1.3394150733947754,-0.3158939552389841,0.47452200387465293
1.3428950309753418,-0.32690789037406653,0.47822964925861927
1.3464279174804688,-0.33845861486627643,0.48199389991562325
1.3488938808441162,-0.34726979523886164,0.4847958609309871
1.353208065032959,-0.35924423049571647,0.48839029576887816
1.356576919555664,-0.36933874070123845,0.4913903752398738
1.3602440357208252,-0.38015496804061777,0.49405082307264353
1.3634850978851318,-0.3890060035591028,0.4971641130897145
1.3672258853912354,-0.39958481763383935,0.5002774031067855
1.3702900409698486,-0.408676583649584,0.5030227588491116
1.3733410835266113,-0.4163789936145783,0.5053718776801743
1.3770630359649658,-0.4269452126910754,0.5086832861528771
1.3807120323181152,-0.4365857087119089,0.5114286418952033
1.3837559223175049,-0.44338750460422743,0.5141173923644918
1.38698410987854,-0.4518967066418497,0.517032563925931
1.3904259204864502,-0.4607759402142004,0.520145853943002
1.394115924835205,-0.469603225431255,0.5228912096853282
1.397378921508789,-0.47715633213174385,0.5259478944293615
1.4010670185089111,-0.48549228304728353,0.5288347633542818
1.40435791015625,-0.4925706858343104,0.531268790094901
1.4080290794372559,-0.500403557793812,0.5337877247450766
1.4112141132354736,-0.506645083971606,0.5357689093013944
1.4151890277862549,-0.5145276196081814,0.5377500938577123
1.41749906539917,-0.5199283461821711,0.539618067867955
1.4201569557189941,-0.5249118538324468,0.5409765944208587
1.4230101108551025,-0.5294562457448886,0.5421653051546493
1.4272890090942383,-0.5357356089944384,0.5437219501631848
1.430345058441162,-0.5417690371960691,0.5452219898986826
1.4339799880981445,-0.547553363828628,0.5464107006324734
1.4371280670166016,-0.5518585125343849,0.5475994113662641
1.4408009052276611,-0.5569352814525571,0.5488447273730925
1.4433410167694092,-0.5614794698511861,0.5499202275608079
1.4471220970153809,-0.5656863725223417,0.5510806356580799
1.4500129222869873,-0.5698602514267079,0.5522410437553518
1.4524269104003906,-0.57269764852359,0.5530618202143978
1.4568190574645996,-0.576972194056518,0.5541373204021132
1.4601390361785889,-0.5802863222055852,0.5554109390454604
1.4636900424957275,-0.5830770121718069,0.5563166234140628
1.4668989181518555,-0.5861305561869227,0.5573072156922217
1.470400094985962,-0.5889133293866405,0.5581562947877866
1.4728529453277588,-0.5908634823967072,0.5587223475181632
1.47691011428833,-0.5927620789396478,0.5592034923389833
1.4802510738372803,-0.5948739926496002,0.5596280318867656
1.4837779998779297,-0.5962568836050084,0.5597695450693597
1.4869968891143799,-0.5976124234617328,0.5597978477058786
1.4892868995666504,-0.5984666193931026,0.5597129397963221
1.4934329986572266,-0.5993131579110845,0.5595714266137279
1.497122049331665,-0.5998184741477577,0.5594299134311338
1.5003631114959717,-0.5999946841443328,0.559231794975502
1.503993034362793,-0.5998965210621167,0.5590902817929079
1.5070888996124268,-0.5995842820629843,0.558920465973795
1.510699987411499,-0.5990285325240657,0.5587789527912008
1.5138099193572998,-0.5980844367959013,0.5586374396086067
1.5178239345550537,-0.5966675139463736,0.5585242290625314
1.5203709602355957,-0.5954048263499017,0.558411018516456
1.523777961730957,-0.5936983360168808,0.5583261106068995
1.5280358791351318,-0.5914027150951578,0.558099689514749
1.531235933303833,-0.5893497903157047,0.5579015710591172
1.534600019454956,-0.5872663312251954,0.5576751499669665
1.538100004196167,-0.5838009174182789,0.5573072156922217
1.5413269996643066,-0.5808884141919101,0.5569109787809582
1.5438199043273926,-0.5780647751847858,0.5565430445062135
1.5459001064300537,-0.5758331413116072,0.5562317155045063
1.5490210056304932,-0.5731924005970488,0.5558920838662804
1.5526859760284424,-0.5687050964812304,0.555326031135904
1.555124044418335,-0.5654321546713172,0.5549297942246403
1.5575098991394043,-0.5620685422420294,0.5545335573133767
1.5598149299621582,-0.5589471205781142,0.554165623038632
1.5618391036987305,-0.5560728221653178,0.5538259914004061
1.5663139820098877,-0.5502732560701998,0.5532033333969919
1.5700891017913818,-0.5444415499162899,0.5526089780300966
1.5733261108398438,-0.5392322729489271,0.5520995305727576
1.576836109161377,-0.5343109494638187,0.5516183857519376
1.580082893371582,-0.5275448410910415,0.5509957277485233
1.5837600231170654,-0.520793745747357,0.5504579776546656
1.5872728824615479,-0.5146708950708255,0.5498070170147327
1.5910370349884033,-0.5069256029206796,0.5490145431922054
1.594088077545166,-0.5003182417173715,0.5483635825522725
1.5972709655761719,-0.4936102494196827,0.5476560166393017
1.6011340618133545,-0.48608944146558497,0.5468635428167746
1.6049270629882812,-0.4766829350914017,0.5458729505386157
1.6081769466400146,-0.4691245068105892,0.5450521740795697
1.611849069595337,-0.4603507992440566,0.5442030949840049
1.6150619983673096,-0.45289981664036394,0.5433823185249589
1.619067907333374,-0.44316156214135316,0.5424766341563565
1.6213860511779785,-0.43550277594315373,0.5417124629703481
1.6237809658050537,-0.4291326850018176,0.5411181076034528
1.6272990703582764,-0.4204432441979792,0.5403822390539633
1.6314120292663574,-0.41182609222305294,0.5396746731409926
1.635133981704712,-0.39983216897461715,0.5387689887723901
1.638240098953247,-0.3904820795441673,0.5380897254959383
1.641935110092163,-0.37983987087672905,0.5374104622194864
1.6451570987701416,-0.37033597590068945,0.5366462910334782
1.6476099491119385,-0.3618836932703965,0.5360519356665827
1.652198076248169,-0.3491604487533395,0.5351462512979803
1.6546440124511719,-0.3408799293132945,0.5345518959310849
1.6592450141906738,-0.3278968525197887,0.533561303652926
1.6629738807678223,-0.31582288553965204,0.5326273166478047
1.6660220623016357,-0.30543812517391805,0.5317782375522399
1.6695020198822021,-0.29611500403597146,0.5310423690027504
1.6727240085601807,-0.2835361516822034,0.5299951714515537
1.6762340068817139,-0.2746456294356968,0.5292593029020642
1.6794919967651367,-0.26133302855339663,0.5281838027143488
1.681778907775879,-0.2516166283221556,0.5274196315283405
1.6854560375213623,-0.2409431291510477,0.5265988550692945
1.6895759105682373,-0.2260704081164998,0.5256082627911356
1.6928188800811768,-0.21461480404038732,0.5247025784225331
1.6964800357818604,-0.20332755459443771,0.5239384072365249
1.6997199058532715,-0.19012568089603507,0.5231459334139976
1.7037620544433594,-0.1775909446126407,0.5224100648645081
1.7075510025024414,-0.16244657107997265,0.5214194725863492
1.709820032119751,-0.1522500604124349,0.5208251172194538
1.7138800621032715,-0.13877303126865026,0.5200892486699643
1.716933012008667,-0.12811031194080602,0.519494893303069
1.720304012298584,-0.11469071199307954,0.5187590247535795
1.7240989208221436,-0.10168257618177065,0.5180514588406088
1.7275118827819824,-0.08993425785514829,0.5174571034737134
1.7318120002746582,-0.07239366325075394,0.5165514191051109
1.7350139617919922,-0.060911069990558175,0.5159570637382156
1.738306999206543,-0.04796267018434376,0.5153061030982826
1.7415010929107666,-0.03593923848214214,0.5147683530044249
1.7451229095458984,-0.02239600887915491,0.5142023002740483
1.7475790977478027,-0.011573347020459637,0.5138060633627848
1.751802921295166,0.0028537327961248686,0.5133815238150023
1.7555720806121826,0.016250419214240888,0.5129569842672199
1.7590179443359375,0.02944599100048268,0.5126456552655129
1.7627620697021484,0.04361702742630843,0.5124192341733622
1.7658169269561768,0.05568056920383552,0.5122211157177304
1.7695090770721436,0.06948139680029031,0.5120796025351363
1.7720439434051514,0.08041798520938118,0.5120229972620987
1.7757821083068848,0.09297850604302577,0.5120229972620987
1.779552936553955,0.10622730164356953,0.5120512998986175
1.7832551002502441,0.1199997225461013,0.5120796025351363
1.7862639427185059,0.13175802251347565,0.5121645104446928
1.789992094039917,0.1453216051287855,0.5122494183542493
1.793118953704834,0.15589676034480307,0.5123626289003246
1.796881914138794,0.17029205548789497,0.5125607473559564
1.8001110553741455,0.18211245557887623,0.5127588658115881
1.8032739162445068,0.1928736088481277,0.5129569842672199
1.8068768978118896,0.2056741133997176,0.5132683132689271
1.810412883758545,0.21867493438160757,0.5136362475436718
1.8136110305786133,0.22987825124803202,0.5140041818184166
1.8173658847808838,0.24285058229207568,0.5144853266392366
1.8206000328063965,0.253924351396001,0.5149664714600567
1.8244740962982178,0.26648939281422357,0.5155891294634708
1.826936960220337,0.2761492858923402,0.5161268795573286
1.8301799297332764,0.2874288304095659,0.5166646296511863
1.8347148895263672,0.3005148927148985,0.5177118272023828
1.8377718925476074,0.3110104272382325,0.5185326036614288
1.8413100242614746,0.3222786004114191,0.519494893303069
1.8445448875427246,0.332510636827449,0.5204854855812279
1.8482060432434082,0.34376838231475626,0.5216458936784998
1.8519740104675293,0.3554652636466233,0.5229761175948847
1.8552219867706299,0.36469850303285933,0.5241931309651943
1.859217882156372,0.37663522512004605,0.5258346838832862
1.8622820377349854,0.38605884986030214,0.5272781183457463
1.865494966506958,0.39525236403094155,0.5287781580812442
1.86924409866333,0.4057390600767607,0.5306744347280056
1.8717319965362549,0.41368656928196984,0.5322027771000223
1.873831033706665,0.41956515642156583,0.5334480931068507
1.8781681060791016,0.4299641796085584,0.5355424882092439
1.8818929195404053,0.4395479036720778,0.537976514949863
1.8851470947265625,0.44780541033989385,0.540099212688775
1.8889288902282715,0.45717519594166167,0.5425898447024318
1.8924970626831055,0.46572533913016284,0.5449672661700132
1.8949120044708252,0.4720013399743854,0.5466937269976617
1.8983540534973145,0.4801231684882805,0.5485617010079042
1.9021270275115967,0.48784269900765276,0.5507976092928916
1.905850887298584,0.4958219961940462,0.5527504912126906
1.9096519947052002,0.5037859701465167,0.5544203467673015
1.912872076034546,0.5102341833650119,0.5562034128679876
1.9165120124816895,0.517381108593112,0.5576751499669665
1.9197399616241455,0.5234348772174656,0.5592884002485397
1.9235990047454834,0.5297308456985278,0.5609865584396693
1.9280591011047363,0.5380061864689903,0.5629111377229495
1.9307730197906494,0.5424185523951813,0.5649206249157862
1.9339039325714111,0.5479854339000374,0.5666753883799536
1.9381039142608643,0.5536691759911956,0.5695056520318362
1.9417810440063477,0.5588895920937831,0.5717698629533424
1.9443399906158447,0.5628050929437183,0.5742887976035179
1.9464359283447266,0.5656120322872172,0.5760435610676853
1.9494760036468506,0.569231781567907,0.577883232441409
1.9535210132598877,0.5734402345807416,0.5816191804618942
1.9574389457702637,0.5774076611026951,0.5846192599328898
1.9607930183410645,0.5808845882086942,0.5884967211359691
1.964508056640625,0.5842674205530206,0.592289274429492
1.967555046081543,0.5864797781017648,0.5952044459909311
1.9712250232696533,0.5893977871896855,0.599308328286161
1.974287986755371,0.5915401312990071,0.6028178552144956
1.978018045425415,0.5937310349749022,0.6068085269636502
1.9812169075012207,0.5953558451546817,0.610261448618947
1.9849309921264648,0.5969174156259042,0.6140540019124698
1.9881749153137207,0.5980417893670725,0.6173654103851726
1.9911959171295166,0.5987619331012235,0.6199409503083859
1.9949030876159668,0.5995274671380627,0.6235919904193146
1.9983489513397217,0.5998886655192819,0.6265920698903102
2.001534938812256,0.5999968706198913,0.6295921493613059
2.0052149295806885,0.5997928691010462,0.6328752551974898
2.0077168941497803,0.599409764337558,0.6361866636701925
2.010624885559082,0.5989939238044104,0.6384225719551799
2.0149309635162354,0.5977677816379529,0.6432340201633805
2.0172300338745117,0.5967510841630046,0.6464605207265267
2.019536018371582,0.5957605261294889,0.649205876468853
2.0238308906555176,0.5938714963919489,0.6536493904023087
2.0273869037628174,0.5923482615043822,0.6573004305132375
2.030824899673462,0.5896280078147794,0.662762839361371
2.0333759784698486,0.5873887108149616,0.6666403005644503
2.037559986114502,0.5842888834278668,0.6723574331412534
2.0412800312042236,0.5809365443478297,0.6777632367163494
2.044421911239624,0.5780951070223996,0.6820935401037299
2.0484399795532227,0.5737445662188864,0.6870181988580057
2.0516650676727295,0.5701227000033814,0.6929051472539218
2.0547940731048584,0.5662408404170648,0.6975750822795282
2.0584371089935303,0.5617316096098411,0.7026129515798795
2.06272292137146,0.5559113154496423,0.7085565052488331
2.0657949447631836,0.5510456686325371,0.7132264402744396
2.0690550804138184,0.5460589907818708,0.717726559480933
2.0726799964904785,0.5402709575969888,0.722651218235209
2.0758891105651855,0.53487085124514,0.7268117058034765
2.079637050628662,0.5290442526701392,0.7316514566481959
2.0830509662628174,0.5234700213594857,0.7359817600355765
2.0860838890075684,0.5163778728015684,0.7413875636106724
2.0892860889434814,0.510113079701661,0.7461141039093165
2.092881917953491,0.5028956079375342,0.7515199074844124
2.0966339111328125,0.4949904171119204,0.7574068558803284
2.09967303276062,0.4892369355197133,0.761737159267709
2.103353977203369,0.48059280510640223,0.7680203445748885
2.1063990592956543,0.4732300689670956,0.7734544507865033
2.1101150512695312,0.4645250394311122,0.7797093334571641
2.113327980041504,0.45676980810175016,0.7853132554878919
2.11680006980896,0.44967528533988405,0.7903794274247619
2.1200790405273438,0.43991236580334386,0.7971720601892803
2.1234469413757324,0.43299764593349965,0.8020118110339998
2.1266379356384277,0.42308410660028634,0.8087478385254806
2.130424976348877,0.4130200909843411,0.8153989581074049
2.1334071159362793,0.40324362441305195,0.821767051324141
2.13675594329834,0.39556671621080297,0.826663407441898
2.140429973602295,0.38427528559345747,0.8336541586620483
2.1436638832092285,0.37531063900065414,0.8391731727832196
2.147624969482422,0.3641651256625961,0.8457676870921063
2.151777982711792,0.35040703781279775,0.8527301356757376
2.1549830436706543,0.3410034434177691,0.8590982288924738
2.1589300632476807,0.32873944311079095,0.8655795326552851
2.1619839668273926,0.3184856963975637,0.8716362968703141
2.16444993019104,0.30932312547893004,0.876702468807184
2.16667103767395,0.3023955586934524,0.8805233247372257
2.1687610149383545,0.29509506452624307,0.8845139964863804
2.173207998275757,0.2818530374706056,0.891589655616087
2.176954984664917,0.269373331068486,0.8983539857440868
2.180233955383301,0.25829567899507544,0.9043258420495592
2.1839849948883057,0.24545080430202285,0.9111750800871153
2.1872129440307617,0.2349007428301581,0.9168639100273995
2.1902449131011963,0.22363379759149432,0.922835766332872
2.1936659812927246,0.21168675434241532,0.9291755569130893
2.196171998977661,0.20143304045302543,0.9346096631247041
2.2002720832824707,0.18898806959031683,0.9399871640632812
2.2047109603881836,0.17482008097285498,0.9485062576554482
2.209207057952881,0.1568400115681441,0.9579027329796986
2.2129809856414795,0.1422290080199389,0.9654878395667443
2.2162399291992188,0.13037043374911247,0.971601209054811
2.2207069396972656,0.11372097169200793,0.9800353947374214
2.223949909210205,0.10163119849062567,0.9862619747715633
2.2271440029144287,0.09028437522914783,0.992035712621404
2.2307379245758057,0.07698387889375595,0.9987151348398472
2.2343521118164062,0.06275992507264261,1.005762491333035
2.236816883087158,0.05212849170824873,1.0111965975446497
2.2406458854675293,0.03978836756923664,1.017196756486641
2.244239091873169,0.025714462729366075,1.0243573235259045
2.2479469776153564,0.011814184186021022,1.030159364012264
2.2511789798736572,0.00010156630558796883,1.0373765363245648
2.254185914993286,-0.011946284362420744,1.0436031163587067
2.257657051086426,-0.0248514669985222,1.0503674464867063
2.261564016342163,-0.039615276097666435,1.0582072768024215
2.265122890472412,-0.052515301420555015,1.0648017911113081
2.268939971923828,-0.06729096810727259,1.073320884703475
2.272196054458618,-0.07950313421461316,1.0801418201045123
2.276067018508911,-0.0939870926215745,1.0874722029628885
2.2796220779418945,-0.10654309504888539,1.0952837306420848
2.2818989753723145,-0.11701364179951793,1.1011706790380007
2.286376953125,-0.13143004969980357,1.1082180355311886
2.2901320457458496,-0.14579682673012745,1.1170767607615815
2.2933359146118164,-0.15756690769006798,1.123558064524393
2.2971689701080322,-0.17152067168685553,1.1310299605653633
2.3006880283355713,-0.184147850694756,1.1379075012394382
2.304353952407837,-0.19728670258578443,1.1437095417257976
2.3076019287109375,-0.20812249299657612,1.1506719903094291
2.310741901397705,-0.21939456928023665,1.156587241341864
2.3141379356384277,-0.2315210969558798,1.1629270319220812
2.3173680305480957,-0.24287195156947594,1.1688705855910348
2.3209640979766846,-0.25510212944580357,1.1752952840808086
2.3248839378356934,-0.2678631630725407,1.1820596142088082
2.328094005584717,-0.2792478508335449,1.1882012863333937
2.3319571018218994,-0.29166175872320893,1.1945976821866486
2.335171937942505,-0.30207643581252036,1.2007110516747153
2.3388969898223877,-0.3141322244259523,1.2074753818027149
2.3419179916381836,-0.3243146481874753,1.213334027562112
2.3455810546875,-0.3343914118752346,1.2191643706849904
2.34879994392395,-0.34577659276782763,1.2258437929034336
2.3524999618530273,-0.3558474764639074,1.2317307412993497
2.356005907058716,-0.36762780435902914,1.2386648872464623
2.3598849773406982,-0.37902244773011645,1.2451461910092736
2.363084077835083,-0.38794015748272753,1.250806718313039
2.3667778968811035,-0.39850348872824587,1.2561559166150973
2.3691039085388184,-0.40641860609144825,1.2617315360093062
2.3714020252227783,-0.4129405439572537,1.2652693655741596
2.3746941089630127,-0.41936592952476454,1.2693449452328707
2.378835916519165,-0.4312141816194299,1.2762507885434644
2.382361888885498,-0.44078296047612714,1.2811754472977404
2.38582706451416,-0.4489306691769256,1.2866944614189115
2.3896090984344482,-0.45883868778399384,1.2925814098148276
2.3928239345550537,-0.4665301040712722,1.297251344840434
2.3964390754699707,-0.4750317837195167,1.3018080693199652
2.3996779918670654,-0.4819459350065119,1.3068742412568353
2.4028539657592773,-0.48900111353016285,1.3114026630998474
2.4062249660491943,-0.4965976226666229,1.3163839271271611
2.409459114074707,-0.5033412567288957,1.3208840463336544
2.413300037384033,-0.5110732147415781,1.3261766393626753
2.4169199466705322,-0.5173733707727081,1.330620153296131
2.420177936553955,-0.5241796346086505,1.335516509413888
2.4233479499816895,-0.5296708990374663,1.3395354837995614
2.4269330501556396,-0.5358375577027834,1.3441205109156114
2.4299850463867188,-0.5411925403694061,1.348111182664766
2.4335811138153076,-0.5468669372146264,1.352384880779109
2.4370360374450684,-0.5517769919436812,1.356120828799594
2.4410009384155273,-0.5577534006609323,1.360705855915644
2.4447059631347656,-0.5620528151239447,1.3635927248405644
2.4485158920288086,-0.5675877043196382,1.368432475685284
2.45180606842041,-0.5715093620703195,1.3714325551562794
2.4556100368499756,-0.5753201517924414,1.374772266265501
2.4601690769195557,-0.5791719194134431,1.378055372101685
2.4644811153411865,-0.5841865497904871,1.3826687018542538
2.4682021141052246,-0.5869311584776937,1.3849895180487977
2.47141695022583,-0.5895349499203908,1.388357531794538
2.475092887878418,-0.5919538540020842,1.391301005992496
2.4781289100646973,-0.5937997882419925,1.3938765459157092
2.4819250106811523,-0.5956695985094425,1.3967634148406296
2.4851810932159424,-0.5970188459086055,1.3992540468542864
2.4876630306243896,-0.5980041707473899,1.4013484419566795
2.491879940032959,-0.599003060055942,1.403895679243374
2.495671033859253,-0.5995467047014871,1.405848561163173
2.4989728927612305,-0.5999413093635052,1.4085656142689804
2.5026519298553467,-0.5999740545343973,1.4104901935522607
2.5057311058044434,-0.5997421565472679,1.412556286018135
2.5094590187072754,-0.5991663229552332,1.4144525626648965
2.5126891136169434,-0.5983957581214342,1.4159809050369132
2.516433000564575,-0.5971934048175777,1.4172828263167792
2.519810914993286,-0.5959820812305823,1.4187262607792392
2.523423910140991,-0.5943936260013675,1.4198866688765113
2.5257461071014404,-0.592568168018341,1.420905563791189
2.52810001373291,-0.5910760020114075,1.4215848270676408
2.5318660736083984,-0.5887744516747436,1.4223489982536492
2.535515069961548,-0.5861658875134794,1.4232263799857328
2.5394039154052734,-0.5829683143886286,1.4239339458987035
2.542738914489746,-0.5796546332462633,1.42449999862908
2.5452709197998047,-0.5768529252897628,1.4248679329038247
2.5495450496673584,-0.5728111854621424,1.4252075645420508
2.5536749362945557,-0.5679848853319253,1.4255188935437577
2.556396007537842,-0.5635775296312487,1.4256321040898332
2.560817003250122,-0.5581803977320652,1.4256604067263519
2.5641438961029053,-0.553474339870515,1.4256604067263519
2.567802906036377,-0.5479532159797388,1.4256604067263519
2.570992946624756,-0.5432040151143365,1.4256604067263519
2.5740270614624023,-0.5380113589777903,1.4256604067263519
2.5774550437927246,-0.5322028568422619,1.4256604067263519
2.580432891845703,-0.526599130819088,1.4256604067263519
2.5846469402313232,-0.5191496303752432,1.4256321040898332
2.58705997467041,-0.5140322358921325,1.4256038014533143
2.5910511016845703,-0.5078050576829464,1.4255188935437577
2.5947461128234863,-0.4992584619218397,1.425349077724645
2.5977799892425537,-0.4925250046068452,1.425179261905532
2.6015560626983643,-0.4843134113085297,1.4248679329038247
2.604763984680176,-0.4770331520255073,1.424528301265599
2.608273983001709,-0.46985207830495346,1.424188669627373
2.611617088317871,-0.46137639717388107,1.4235943142604777
2.615139961242676,-0.4536700771585051,1.4230848668031386
2.618673086166382,-0.4438927988101176,1.4223489982536492
2.6221768856048584,-0.4356091031201295,1.421726340250235
2.6254029273986816,-0.42600128997714315,1.4209904717007455
2.6285240650177,-0.41825116657771366,1.420424418970369
2.6321330070495605,-0.4077095318935626,1.4198017609669549
2.6359870433807373,-0.3991823596937233,1.419122497690503
2.639235019683838,-0.38818214437985704,1.4184998396870887
2.6432089805603027,-0.3770017363334439,1.417962089593231
2.6455090045928955,-0.368173101988084,1.4175941553184863
2.6481640338897705,-0.360165043081705,1.417339431589817
2.652446985244751,-0.34983478180763333,1.4170847078611475
2.655690908432007,-0.3383747459002633,1.4168865894055156
2.6590309143066406,-0.3288559787877387,1.4167733788594403
2.662648916244507,-0.3168867601565137,1.416660168313365
2.6656739711761475,-0.3065823573359265,1.4166035630403273
2.669498920440674,-0.294215010446955,1.416518655130771
2.673218011856079,-0.28189985125604106,1.4164054445846956
2.6763699054718018,-0.2712109364494697,1.416320536675139
2.6799979209899902,-0.2590912524531892,1.4162073261290637
2.683211088180542,-0.2485290868492074,1.4160658129464696
2.687114953994751,-0.2378731183005712,1.4159242997638755
2.690200090408325,-0.22381560867426942,1.4157544839447624
2.6926419734954834,-0.21389278425473227,1.4156412733986872
2.6970651149749756,-0.1999159660179141,1.415528062852612
2.7008988857269287,-0.185933955579701,1.4153865496700178
2.7044570446014404,-0.17363315877033925,1.41532994439698
2.70763897895813,-0.16224755457893267,1.41532994439698
2.711256980895996,-0.14899874979941585,1.41532994439698
2.7149970531463623,-0.1372650258296001,1.41532994439698
2.7180569171905518,-0.12343309759577532,1.41532994439698
2.7218329906463623,-0.109791238227987,1.41532994439698
2.7250170707702637,-0.09875372120495765,1.41532994439698
2.7287919521331787,-0.08360732496071369,1.4153582470334989
2.732343912124634,-0.07030535671870594,1.4153865496700178
2.736046075820923,-0.05643137816631652,1.4154431549430555
2.7383298873901367,-0.0464250794690361,1.4154714575795742
2.7418699264526367,-0.03494957495724363,1.415528062852612
2.7453360557556152,-0.021596599668415973,1.4156412733986872
2.748528003692627,-0.009450668540989547,1.4157261813082438
2.752070903778076,0.0038828617667809413,1.415839391854319
2.75593900680542,0.01848843235983776,1.4159809050369132
2.759413003921509,0.030281752266501843,1.416150720856026
2.763123035430908,0.04489883384028966,1.416320536675139
2.766206979751587,0.05697541293252267,1.416518655130771
2.7699379920959473,0.07105421345896988,1.4167733788594403
2.7732150554656982,0.08325663156634333,1.4169997999515909
2.776963949203491,0.09725866945225008,1.417311128953298
2.7801830768585205,0.10925393908833964,1.4175941553184863
2.7841200828552246,0.12114786980555009,1.4178771816836746
2.7874720096588135,0.13503283170181782,1.4182734185949382
2.7912750244140625,0.1494732106528649,1.4187262607792392
2.7935750484466553,0.15982147487043155,1.4190941950539842
2.7979929447174072,0.1723301312662948,1.4195470372382852
2.8011720180511475,0.18579721899103838,1.420084787332143
2.8050999641418457,0.19925481310556656,1.4206791426990384
2.8078219890594482,0.21087831695839662,1.421216892792896
2.810791015625,0.21858035069995077,1.4216697349771974
2.815026044845581,0.23417519893814848,1.422547116709281
2.8186519145965576,0.2467984134329834,1.4232546826222516
2.8217170238494873,0.25776417503719296,1.4241037617178165
2.8254079818725586,0.2702556181097468,1.4250377487229378
2.828666925430298,0.2810211311344228,1.4259151304550215
2.832343101501465,0.29331765643315943,1.426962328006218
2.83557391166687,0.3033390558598276,1.4279246176478582
2.838449001312256,0.31249259962499215,1.4288869072894983
2.8421568870544434,0.3250024887183097,1.430245433842402
2.8453729152679443,0.3351514876727335,1.4314624472127115
2.849329948425293,0.347395854312992,1.4330473948577658
2.8518269062042236,0.35622729688784915,1.4342927108645942
2.8562190532684326,0.36829799741902935,1.4357644479635732
2.8596088886260986,0.37732189367605123,1.437604119337297
2.8635780811309814,0.3891182190693083,1.43969851443969
2.8672640323638916,0.39981206367105665,1.4417363042690456
2.8703300952911377,0.4087562048546701,1.4435759756427695
2.874000072479248,0.41752041271887386,1.445443949653012
2.8772339820861816,0.42741921207022937,1.4476232526649617
2.8810410499572754,0.437329784636429,1.4498308583134303
