R=1," Q=[0.1, 0.01, 0, 0.01, 0.01, 0, 0, 0, 0.1]"," MassCenterhAndb=[0.5195, 0.4964]",Description = try P 20 no delay no predictor no D
Time,Calculation Time,Measured Velocity,Phi,Delta,Phi Dot,Control Input,a_x,ay,az,x,y,psi,nu,phi_ref,delta_ref,delta_ctrl_ref,x1_ref,x2_ref,x1,x2,delta_k
0.01990,0.01941,0.00000,0.88258,-0.04582,0.02264,0.00000,0.20374,0.16378,0.97801,0.00000,0.00000,0.00000,0.00000,0.00000,0.00000,0.00000,0.00000,0.00000,3.51332,-0.74649,0.00000
0.04306,0.01860,0.00000,0.84242,-0.04582,0.02416,0.00000,0.20258,0.15409,0.96990,0.00000,0.00000,0.00000,0.00000,0.00000,0.00000,0.00000,0.00000,0.00000,3.34805,-0.71118,0.00000
0.06760,0.01983,0.00000,0.80448,-0.04582,0.01546,0.00000,0.20228,0.16147,0.96502,0.00000,0.00000,0.00000,0.00000,0.00000,0.00000,0.00000,0.00000,0.00000,3.20078,-0.68003,0.00000
0.09049,0.01911,0.00000,0.76852,-0.04582,0.01515,0.00000,0.20130,0.16525,0.97508,0.00000,0.00000,0.00000,0.00000,0.00000,0.00000,0.00000,0.00000,0.00000,3.05424,-0.64877,0.00000
0.11654,0.02092,0.00000,0.73410,-0.04582,0.00889,0.00000,0.20039,0.16275,0.97685,0.00000,0.00000,0.00000,0.00000,0.00000,0.00000,0.00000,0.00000,0.00000,2.91921,-0.62015,0.00000
0.13983,0.01908,0.00000,0.70133,-0.04582,0.00935,0.00000,0.20154,0.16055,0.97405,0.00000,0.00000,0.00000,0.00000,0.00000,0.00000,0.00000,0.00000,0.00000,2.78503,-0.59151,0.00000
0.16267,0.01880,0.00000,0.66985,-0.04582,0.00278,0.00000,0.20191,0.15622,0.97069,0.00000,0.00000,0.00000,0.00000,0.00000,0.00000,0.00000,0.00000,0.00000,2.66224,-0.56551,0.00000
0.18507,0.01841,0.00000,0.63997,-0.04582,-0.00241,0.00000,0.20240,0.15903,0.97051,0.00000,0.00000,0.00000,0.00000,0.00000,0.00000,0.00000,0.00000,0.00000,2.54479,-0.54060,0.00000
0.20923,0.02004,0.00000,0.61151,-0.04693,-0.00806,0.00000,0.20118,0.16098,0.97521,0.00000,0.00000,0.00000,0.00000,0.00000,0.00000,0.00000,0.00000,0.00000,2.43188,-0.51663,0.00000
0.21825,0.00536,0.00000,0.58395,-0.05012,-0.00959,0.00000,0.20880,0.15091,0.97447,0.00000,0.00000,0.00000,0.00000,0.00000,0.00000,0.00000,0.00000,0.00000,2.31583,-0.49174,0.00000
0.22733,0.00426,0.00000,0.55826,-0.05111,-0.00943,0.00000,0.20661,0.15781,0.97124,0.00000,0.00000,0.00000,0.00000,0.00000,0.00000,0.00000,0.00000,0.00000,2.20933,-0.46896,0.00000
0.23735,0.00387,0.00000,0.53409,-0.05194,-0.01081,0.00000,0.20606,0.16263,0.96844,0.00000,0.00000,0.00000,0.00000,0.00000,0.00000,0.00000,0.00000,0.00000,2.11063,-0.44790,0.00000
0.24825,0.00458,0.00000,0.51123,-0.05250,-0.01294,0.00000,0.20783,0.16513,0.96807,0.00000,0.00000,0.00000,0.00000,0.00000,0.00000,0.00000,0.00000,0.00000,2.01831,-0.42824,0.00000
0.25768,0.00383,0.00000,0.48955,-0.05273,-0.01524,0.00000,0.20813,0.16635,0.96941,0.00000,0.00000,0.00000,0.00000,0.00000,0.00000,0.00000,0.00000,0.00000,1.93146,-0.40977,0.00000
0.26834,0.00429,0.00000,0.46877,-0.05281,-0.01462,0.00000,0.20960,0.16324,0.97228,0.00000,0.00000,0.00000,0.00000,0.00000,0.00000,0.00000,0.00000,0.00000,1.84598,-0.39151,0.00000
0.27811,0.00387,0.00000,0.44860,-0.05295,-0.01493,0.00000,0.21118,0.15457,0.97301,0.00000,0.00000,0.00000,0.00000,0.00000,0.00000,0.00000,0.00000,0.00000,1.76371,-0.37395,0.00000
0.28879,0.00420,0.00000,0.42927,-0.05332,-0.01524,0.00000,0.21234,0.15152,0.97362,0.00000,0.00000,0.00000,0.00000,0.00000,0.00000,0.00000,0.00000,0.00000,1.68451,-0.35705,0.00000
0.29909,0.00432,0.00000,0.41087,-0.05397,-0.01417,0.00000,0.21393,0.15055,0.97447,0.00000,0.00000,0.00000,0.00000,0.00000,0.00000,0.00000,0.00000,0.00000,1.60747,-0.34054,0.00000
0.30871,0.00376,0.00000,0.39334,-0.05468,-0.01646,0.00000,0.21539,0.14969,0.97264,0.00000,0.00000,0.00000,0.00000,0.00000,0.00000,0.00000,0.00000,0.00000,1.53685,-0.32551,0.00000
0.31807,0.00299,0.00000,0.37690,-0.05528,-0.01890,0.00000,0.21405,0.15415,0.97203,0.00000,0.00000,0.00000,0.00000,0.00000,0.00000,0.00000,0.00000,0.00000,1.47095,-0.31149,0.00000
0.32951,0.00423,0.00000,0.36175,-0.05567,-0.01707,0.00000,0.21149,0.16372,0.97045,0.00000,0.00000,0.00000,0.00000,0.00000,0.00000,0.00000,0.00000,0.00000,1.40691,-0.29775,0.00000
0.33933,0.00386,0.00000,0.34723,-0.05576,-0.01630,0.00000,0.21374,0.16031,0.96898,0.00000,0.00000,0.00000,0.00000,0.00000,0.00000,0.00000,0.00000,0.00000,1.34684,-0.28490,0.00000
0.34996,0.00432,0.00000,0.33320,-0.05576,-0.01493,0.00000,0.21618,0.15549,0.96837,0.00000,0.00000,0.00000,0.00000,0.00000,0.00000,0.00000,0.00000,0.00000,1.28837,-0.27239,0.00000
0.35964,0.00380,0.00000,0.31978,-0.05581,-0.01371,0.00000,0.21728,0.15348,0.97039,0.00000,0.00000,0.00000,0.00000,0.00000,0.00000,0.00000,0.00000,0.00000,1.23245,-0.26042,0.00000
0.37072,0.00471,0.00000,0.30702,-0.05598,-0.01524,0.00000,0.21649,0.15366,0.97075,0.00000,0.00000,0.00000,0.00000,0.00000,0.00000,0.00000,0.00000,0.00000,1.18141,-0.24957,0.00000
0.38077,0.00459,0.00000,0.29460,-0.05624,-0.01432,0.00000,0.21734,0.14774,0.97149,0.00000,0.00000,0.00000,0.00000,0.00000,0.00000,0.00000,0.00000,0.00000,1.12955,-0.23846,0.00000
0.39068,0.00432,0.00000,0.28281,-0.05652,-0.01401,0.00000,0.21667,0.14799,0.97405,0.00000,0.00000,0.00000,0.00000,0.00000,0.00000,0.00000,0.00000,0.00000,1.08071,-0.22801,0.00000
0.40042,0.00388,0.00000,0.27164,-0.05669,-0.01707,0.00000,0.21557,0.14927,0.97460,0.00000,0.00000,0.00000,0.00000,0.00000,0.00000,0.00000,0.00000,0.00000,1.03754,-0.21889,0.00000
0.41122,0.00450,0.00000,0.26116,-0.05678,-0.01951,0.00000,0.21527,0.15268,0.97393,0.00000,0.00000,0.00000,0.00000,0.00000,0.00000,0.00000,0.00000,0.00000,0.99676,-0.21026,0.00000
0.41974,0.00286,0.00000,0.25137,-0.05678,-0.02012,0.00000,0.21387,0.15470,0.97149,0.00000,0.00000,0.00000,0.00000,0.00000,0.00000,0.00000,0.00000,0.00000,0.95730,-0.20185,0.00000
0.43087,0.00381,0.00000,0.24195,-0.05678,-0.01737,0.00000,0.21277,0.15293,0.97149,0.00000,0.00000,0.00000,0.00000,0.00000,0.00000,0.00000,0.00000,0.00000,0.91648,-0.19306,0.00000
0.44150,0.00428,0.00000,0.23267,-0.05678,-0.01997,0.00000,0.20838,0.14658,0.97460,0.00000,0.00000,0.00000,0.00000,0.00000,0.00000,0.00000,0.00000,0.00000,0.88083,-0.18553,0.00000
0.45127,0.00386,0.00000,0.22378,-0.05678,-0.01783,0.00000,0.20685,0.14457,0.97563,0.00000,0.00000,0.00000,0.00000,0.00000,0.00000,0.00000,0.00000,0.00000,0.84268,-0.17733,0.00000
0.46189,0.00430,0.00000,0.21534,-0.05680,-0.01966,0.00000,0.20344,0.14542,0.97545,0.00000,0.00000,0.00000,0.00000,0.00000,0.00000,0.00000,0.00000,0.00000,0.80982,-0.17037,0.00000
0.47220,0.00444,0.00000,0.20743,-0.05683,-0.01951,0.00000,0.20185,0.14671,0.97423,0.00000,0.00000,0.00000,0.00000,0.00000,0.00000,0.00000,0.00000,0.00000,0.77732,-0.16343,0.00000
0.48214,0.00420,0.00000,0.19996,-0.05686,-0.02211,0.00000,0.20106,0.14829,0.97197,0.00000,0.00000,0.00000,0.00000,0.00000,0.00000,0.00000,0.00000,0.00000,0.74907,-0.15748,0.00000
0.49180,0.00368,0.00000,0.19301,-0.05686,-0.01982,0.00000,0.20002,0.15024,0.97149,0.00000,0.00000,0.00000,0.00000,0.00000,0.00000,0.00000,0.00000,0.00000,0.71869,-0.15093,0.00000
0.50257,0.00428,0.00000,0.18633,-0.05686,-0.02073,0.00000,0.19923,0.14933,0.97161,0.00000,0.00000,0.00000,0.00000,0.00000,0.00000,0.00000,0.00000,0.00000,0.69222,-0.14531,0.00000
0.51272,0.00424,0.00000,0.17994,-0.05686,-0.02119,0.00000,0.19831,0.14829,0.97179,0.00000,0.00000,0.00000,0.00000,0.00000,0.00000,0.00000,0.00000,0.00000,0.66654,-0.13984,0.00000
0.52313,0.00427,0.00000,0.17382,-0.05686,-0.02089,0.00000,0.19788,0.14762,0.97368,0.00000,0.00000,0.00000,0.00000,0.00000,0.00000,0.00000,0.00000,0.00000,0.64130,-0.13445,0.00000
0.53290,0.00386,0.00000,0.16795,-0.05686,-0.01783,0.00000,0.19721,0.14591,0.97545,0.00000,0.00000,0.00000,0.00000,0.00000,0.00000,0.00000,0.00000,0.00000,0.61469,-0.12868,0.00000
0.54342,0.00420,0.00000,0.16231,-0.05686,-0.01737,0.00000,0.19721,0.14494,0.97759,0.00000,0.00000,0.00000,0.00000,0.00000,0.00000,0.00000,0.00000,0.00000,0.59125,-0.12366,0.00000
0.55332,0.00393,0.00000,0.15693,-0.05689,-0.01676,0.00000,0.19856,0.14439,0.97746,0.00000,0.00000,0.00000,0.00000,0.00000,0.00000,0.00000,0.00000,0.00000,0.56873,-0.11884,0.00000
0.56617,0.00660,0.00000,0.15176,-0.05694,-0.01569,0.00000,0.19898,0.14347,0.97588,0.00000,0.00000,0.00000,0.00000,0.00000,0.00000,0.00000,0.00000,0.00000,0.54661,-0.11409,0.00000
0.57391,0.00416,0.00000,0.14689,-0.05700,-0.01417,0.00000,0.19965,0.14250,0.97496,0.00000,0.00000,0.00000,0.00000,0.00000,0.00000,0.00000,0.00000,0.00000,0.52530,-0.10949,0.00000
0.58434,0.00430,0.00000,0.14221,-0.05706,-0.01356,0.00000,0.20087,0.14207,0.97447,0.00000,0.00000,0.00000,0.00000,0.00000,0.00000,0.00000,0.00000,0.00000,0.50560,-0.10526,0.00000
0.59412,0.00391,0.00000,0.13777,-0.05711,-0.00974,0.00000,0.20118,0.14115,0.97423,0.00000,0.00000,0.00000,0.00000,0.00000,0.00000,0.00000,0.00000,0.00000,0.48404,-0.10055,0.00000
0.60469,0.00430,0.00000,0.13348,-0.05714,-0.01142,0.00000,0.20337,0.14036,0.97441,0.00000,0.00000,0.00000,0.00000,0.00000,0.00000,0.00000,0.00000,0.00000,0.46795,-0.09716,0.00000
0.61476,0.00415,0.00000,0.12941,-0.05714,-0.01142,0.00000,0.20508,0.14036,0.97368,0.00000,0.00000,0.00000,0.00000,0.00000,0.00000,0.00000,0.00000,0.00000,0.45136,-0.09362,0.00000
0.62523,0.00433,0.00000,0.12561,-0.05714,-0.01096,0.00000,0.20679,0.14170,0.97393,0.00000,0.00000,0.00000,0.00000,0.00000,0.00000,0.00000,0.00000,0.00000,0.43544,-0.09021,0.00000
0.63488,0.00379,0.00000,0.12204,-0.05714,-0.00806,0.00000,0.20764,0.14176,0.97460,0.00000,0.00000,0.00000,0.00000,0.00000,0.00000,0.00000,0.00000,0.00000,0.41831,-0.08647,0.00000
0.64551,0.00420,0.00000,0.11867,-0.05714,-0.00852,0.00000,0.20899,0.14262,0.97454,0.00000,0.00000,0.00000,0.00000,0.00000,0.00000,0.00000,0.00000,0.00000,0.40495,-0.08363,0.00000
0.65545,0.00396,0.00000,0.11551,-0.05714,-0.00607,0.00000,0.21179,0.14305,0.97411,0.00000,0.00000,0.00000,0.00000,0.00000,0.00000,0.00000,0.00000,0.00000,0.38994,-0.08036,0.00000
0.66590,0.00424,0.00000,0.11255,-0.05714,-0.00500,0.00000,0.21210,0.14366,0.97411,0.00000,0.00000,0.00000,0.00000,0.00000,0.00000,0.00000,0.00000,0.00000,0.37693,-0.07755,0.00000
0.67632,0.00448,0.00000,0.10981,-0.05714,-0.00577,0.00000,0.21307,0.14512,0.97368,0.00000,0.00000,0.00000,0.00000,0.00000,0.00000,0.00000,0.00000,0.00000,0.36640,-0.07532,0.00000
0.68629,0.00427,0.00000,0.10724,-0.05714,-0.00485,0.00000,0.21326,0.14573,0.97295,0.00000,0.00000,0.00000,0.00000,0.00000,0.00000,0.00000,0.00000,0.00000,0.35514,-0.07289,0.00000
0.69662,0.00391,0.00000,0.10482,-0.05714,-0.00409,0.00000,0.21411,0.14585,0.97264,0.00000,0.00000,0.00000,0.00000,0.00000,0.00000,0.00000,0.00000,0.00000,0.34459,-0.07062,0.00000
0.70725,0.00436,0.00000,0.10253,-0.05714,-0.00439,0.00000,0.21478,0.14597,0.97240,0.00000,0.00000,0.00000,0.00000,0.00000,0.00000,0.00000,0.00000,0.00000,0.33547,-0.06868,0.00000
0.71721,0.00415,0.00000,0.10034,-0.05714,-0.00134,0.00000,0.21521,0.14524,0.97179,0.00000,0.00000,0.00000,0.00000,0.00000,0.00000,0.00000,0.00000,0.00000,0.32390,-0.06612,0.00000
0.72780,0.00436,0.00000,0.09827,-0.05714,-0.00195,0.00000,0.21502,0.14542,0.97191,0.00000,0.00000,0.00000,0.00000,0.00000,0.00000,0.00000,0.00000,0.00000,0.31597,-0.06445,0.00000
0.73743,0.00381,0.00000,0.09632,-0.05714,-0.00302,0.00000,0.21594,0.14597,0.97106,0.00000,0.00000,0.00000,0.00000,0.00000,0.00000,0.00000,0.00000,0.00000,0.30896,-0.06299,0.00000
0.74835,0.00455,0.00000,0.09447,-0.05714,0.00080,0.00000,0.21612,0.14518,0.97081,0.00000,0.00000,0.00000,0.00000,0.00000,0.00000,0.00000,0.00000,0.00000,0.29808,-0.06055,0.00000
0.75783,0.00384,0.00000,0.09261,-0.05714,0.00385,0.00000,0.21698,0.14280,0.97283,0.00000,0.00000,0.00000,0.00000,0.00000,0.00000,0.00000,0.00000,0.00000,0.28782,-0.05827,0.00000
0.76850,0.00433,0.00000,0.09075,-0.05714,0.00095,0.00000,0.21704,0.14176,0.97435,0.00000,0.00000,0.00000,0.00000,0.00000,0.00000,0.00000,0.00000,0.00000,0.28276,-0.05728,0.00000
0.77913,0.00479,0.00000,0.08893,-0.05714,0.00049,0.00000,0.21765,0.14073,0.97490,0.00000,0.00000,0.00000,0.00000,0.00000,0.00000,0.00000,0.00000,0.00000,0.27572,-0.05579,0.00000
0.78858,0.00406,0.00000,0.08720,-0.05714,0.00034,0.00000,0.21667,0.14085,0.97454,0.00000,0.00000,0.00000,0.00000,0.00000,0.00000,0.00000,0.00000,0.00000,0.26881,-0.05432,0.00000
0.79859,0.00389,0.00000,0.08563,-0.05714,0.00126,0.00000,0.21563,0.14195,0.97435,0.00000,0.00000,0.00000,0.00000,0.00000,0.00000,0.00000,0.00000,0.00000,0.26159,-0.05275,0.00000
0.80903,0.00416,0.00000,0.08434,-0.05714,0.00431,0.00000,0.21356,0.14530,0.97374,0.00000,0.00000,0.00000,0.00000,0.00000,0.00000,0.00000,0.00000,0.00000,0.25365,-0.05096,0.00000
0.81917,0.00411,0.00000,0.08308,-0.05714,0.00065,0.00000,0.21289,0.14518,0.97167,0.00000,0.00000,0.00000,0.00000,0.00000,0.00000,0.00000,0.00000,0.00000,0.25173,-0.05066,0.00000
0.82966,0.00442,0.00000,0.08192,-0.05714,0.00278,0.00000,0.21191,0.14536,0.97246,0.00000,0.00000,0.00000,0.00000,0.00000,0.00000,0.00000,0.00000,0.00000,0.24511,-0.04919,0.00000
0.83925,0.00382,0.00000,0.08088,-0.05714,0.00294,0.00000,0.21057,0.14658,0.97185,0.00000,0.00000,0.00000,0.00000,0.00000,0.00000,0.00000,0.00000,0.00000,0.24073,-0.04825,0.00000
0.84982,0.00393,0.00000,0.07991,-0.05714,0.00248,0.00000,0.21002,0.14683,0.97112,0.00000,0.00000,0.00000,0.00000,0.00000,0.00000,0.00000,0.00000,0.00000,0.23716,-0.04750,0.00000
0.86115,0.00414,0.00000,0.07901,-0.05714,0.00309,0.00000,0.20874,0.14744,0.97289,0.00000,0.00000,0.00000,0.00000,0.00000,0.00000,0.00000,0.00000,0.00000,0.23296,-0.04659,0.00000
0.87098,0.00379,0.00000,0.07821,-0.05714,0.00355,0.00000,0.20813,0.14860,0.97411,0.00000,0.00000,0.00000,0.00000,0.00000,0.00000,0.00000,0.00000,0.00000,0.22929,-0.04579,0.00000
0.88106,0.00354,0.00000,0.07743,-0.05714,0.00278,0.00000,0.20716,0.14854,0.97423,0.00000,0.00000,0.00000,0.00000,0.00000,0.00000,0.00000,0.00000,0.00000,0.22680,-0.04528,0.00000
0.89164,0.00393,0.00000,0.07673,-0.05714,0.00523,0.00000,0.20661,0.14847,0.97429,0.00000,0.00000,0.00000,0.00000,0.00000,0.00000,0.00000,0.00000,0.00000,0.22178,-0.04413,0.00000
0.90211,0.00424,0.00000,0.07606,-0.05714,0.00859,0.00000,0.20649,0.14793,0.97447,0.00000,0.00000,0.00000,0.00000,0.00000,0.00000,0.00000,0.00000,0.00000,0.21612,-0.04283,0.00000
0.91175,0.00367,0.00000,0.07537,-0.05714,0.00889,0.00000,0.20624,0.14695,0.97454,0.00000,0.00000,0.00000,0.00000,0.00000,0.00000,0.00000,0.00000,0.00000,0.21305,-0.04216,0.00000
0.92288,0.00463,0.00000,0.07473,-0.05714,0.01011,0.00000,0.20588,0.14664,0.97405,0.00000,0.00000,0.00000,0.00000,0.00000,0.00000,0.00000,0.00000,0.00000,0.20938,-0.04134,0.00000
0.93230,0.00387,0.00000,0.07406,-0.05714,0.00752,0.00000,0.20447,0.14628,0.97435,0.00000,0.00000,0.00000,0.00000,0.00000,0.00000,0.00000,0.00000,0.00000,0.20892,-0.04132,0.00000
0.94288,0.00427,0.00000,0.07345,-0.05714,0.00523,0.00000,0.20386,0.14683,0.97429,0.00000,0.00000,0.00000,0.00000,0.00000,0.00000,0.00000,0.00000,0.00000,0.20840,-0.04128,0.00000
0.95270,0.00390,0.00000,0.07287,-0.05714,0.00553,0.00000,0.20478,0.14695,0.97393,0.00000,0.00000,0.00000,0.00000,0.00000,0.00000,0.00000,0.00000,0.00000,0.20576,-0.04071,0.00000
0.96326,0.00429,0.00000,0.07239,-0.05714,0.00385,0.00000,0.20441,0.14866,0.97356,0.00000,0.00000,0.00000,0.00000,0.00000,0.00000,0.00000,0.00000,0.00000,0.20527,-0.04065,0.00000
0.97303,0.00386,0.00000,0.07192,-0.05714,0.00370,0.00000,0.20453,0.14854,0.97423,0.00000,0.00000,0.00000,0.00000,0.00000,0.00000,0.00000,0.00000,0.00000,0.20349,-0.04028,0.00000
0.98311,0.00376,0.00000,0.07150,-0.05714,0.00233,0.00000,0.20435,0.14933,0.97435,0.00000,0.00000,0.00000,0.00000,0.00000,0.00000,0.00000,0.00000,0.00000,0.20298,-0.04021,0.00000
0.99337,0.00384,0.00000,0.07108,-0.05714,0.00217,0.00000,0.20459,0.14884,0.97405,0.00000,0.00000,0.00000,0.00000,0.00000,0.00000,0.00000,0.00000,0.00000,0.20139,-0.03988,0.00000
1.00387,0.00417,0.00000,0.07077,-0.05714,0.00172,0.00000,0.20423,0.15079,0.97350,0.00000,0.00000,0.00000,0.00000,0.00000,0.00000,0.00000,0.00000,0.00000,0.20055,-0.03971,0.00000
1.01373,0.00383,0.00000,0.07048,-0.05714,0.00248,0.00000,0.20441,0.15067,0.97399,0.00000,0.00000,0.00000,0.00000,0.00000,0.00000,0.00000,0.00000,0.00000,0.19869,-0.03929,0.00000
1.02473,0.00466,0.00000,0.07023,-0.05714,0.00217,0.00000,0.20588,0.15110,0.97362,0.00000,0.00000,0.00000,0.00000,0.00000,0.00000,0.00000,0.00000,0.00000,0.19791,-0.03913,0.00000
1.03429,0.00383,0.00000,0.06995,-0.05714,0.00202,0.00000,0.20636,0.15055,0.97313,0.00000,0.00000,0.00000,0.00000,0.00000,0.00000,0.00000,0.00000,0.00000,0.19693,-0.03893,0.00000
1.04493,0.00430,0.00000,0.06968,-0.05714,-0.00012,0.00000,0.20636,0.15049,0.97240,0.00000,0.00000,0.00000,0.00000,0.00000,0.00000,0.00000,0.00000,0.00000,0.19766,-0.03915,0.00000
1.05481,0.00399,0.00000,0.06939,-0.05714,0.00126,0.00000,0.20649,0.14969,0.97258,0.00000,0.00000,0.00000,0.00000,0.00000,0.00000,0.00000,0.00000,0.00000,0.19528,-0.03860,0.00000
1.06527,0.00428,0.00000,0.06910,-0.05714,-0.00088,0.00000,0.20667,0.15000,0.97283,0.00000,0.00000,0.00000,0.00000,0.00000,0.00000,0.00000,0.00000,0.00000,0.19599,-0.03882,0.00000
1.07501,0.00379,0.00000,0.06884,-0.05714,0.00233,0.00000,0.20838,0.14969,0.97380,0.00000,0.00000,0.00000,0.00000,0.00000,0.00000,0.00000,0.00000,0.00000,0.19212,-0.03789,0.00000
1.08566,0.00426,0.00000,0.06859,-0.05714,0.00080,0.00000,0.20917,0.14988,0.97344,0.00000,0.00000,0.00000,0.00000,0.00000,0.00000,0.00000,0.00000,0.00000,0.19242,-0.03800,0.00000
1.09541,0.00382,0.00000,0.06836,-0.05714,-0.00134,0.00000,0.20899,0.15049,0.97319,0.00000,0.00000,0.00000,0.00000,0.00000,0.00000,0.00000,0.00000,0.00000,0.19335,-0.03827,0.00000
1.10603,0.00427,0.00000,0.06811,-0.05714,-0.00393,0.00000,0.20899,0.15030,0.97264,0.00000,0.00000,0.00000,0.00000,0.00000,0.00000,0.00000,0.00000,0.00000,0.19459,-0.03861,0.00000
1.11575,0.00370,0.00000,0.06787,-0.05714,-0.00302,0.00000,0.21051,0.15036,0.97393,0.00000,0.00000,0.00000,0.00000,0.00000,0.00000,0.00000,0.00000,0.00000,0.19283,-0.03821,0.00000
1.12684,0.00461,0.00000,0.06768,-0.05714,-0.00378,0.00000,0.21100,0.15110,0.97271,0.00000,0.00000,0.00000,0.00000,0.00000,0.00000,0.00000,0.00000,0.00000,0.19272,-0.03821,0.00000
1.13659,0.00419,0.00000,0.06752,-0.05714,-0.00607,0.00000,0.21082,0.15183,0.97289,0.00000,0.00000,0.00000,0.00000,0.00000,0.00000,0.00000,0.00000,0.00000,0.19405,-0.03856,0.00000
1.14695,0.00429,0.00000,0.06735,-0.05714,-0.00592,0.00000,0.21149,0.15152,0.97289,0.00000,0.00000,0.00000,0.00000,0.00000,0.00000,0.00000,0.00000,0.00000,0.19322,-0.03838,0.00000
1.15724,0.00440,0.00000,0.06720,-0.05714,-0.00653,0.00000,0.21197,0.15177,0.97142,0.00000,0.00000,0.00000,0.00000,0.00000,0.00000,0.00000,0.00000,0.00000,0.19315,-0.03838,0.00000
1.16689,0.00387,0.00000,0.06702,-0.05714,-0.00836,0.00000,0.21118,0.15140,0.97252,0.00000,0.00000,0.00000,0.00000,0.00000,0.00000,0.00000,0.00000,0.00000,0.19402,-0.03862,0.00000
1.17742,0.00423,0.00000,0.06685,-0.05714,-0.00760,0.00000,0.21130,0.15140,0.97271,0.00000,0.00000,0.00000,0.00000,0.00000,0.00000,0.00000,0.00000,0.00000,0.19266,-0.03831,0.00000
1.18704,0.00369,0.00000,0.06669,-0.05714,-0.01035,0.00000,0.21161,0.15158,0.97228,0.00000,0.00000,0.00000,0.00000,0.00000,0.00000,0.00000,0.00000,0.00000,0.19437,-0.03876,0.00000
1.19780,0.00427,0.00000,0.06648,-0.05714,-0.01050,0.00000,0.21155,0.15079,0.97216,0.00000,0.00000,0.00000,0.00000,0.00000,0.00000,0.00000,0.00000,0.00000,0.19364,-0.03861,0.00000
1.20761,0.00390,0.00000,0.06623,-0.05714,-0.01279,0.00000,0.21130,0.15000,0.97222,0.00000,0.00000,0.00000,0.00000,0.00000,0.00000,0.00000,0.00000,0.00000,0.19461,-0.03889,0.00000
1.21813,0.00425,0.00000,0.06603,-0.05714,-0.00989,0.00000,0.21088,0.15049,0.97295,0.00000,0.00000,0.00000,0.00000,0.00000,0.00000,0.00000,0.00000,0.00000,0.19128,-0.03809,0.00000
1.22827,0.00418,0.00000,0.06581,-0.05714,-0.01081,0.00000,0.21106,0.14988,0.97283,0.00000,0.00000,0.00000,0.00000,0.00000,0.00000,0.00000,0.00000,0.00000,0.19118,-0.03809,0.00000
1.23884,0.00457,0.00000,0.06552,-0.05714,-0.01325,0.00000,0.20978,0.14914,0.97362,0.00000,0.00000,0.00000,0.00000,0.00000,0.00000,0.00000,0.00000,0.00000,0.19214,-0.03837,0.00000
1.24846,0.00402,0.00000,0.06526,-0.05714,-0.01279,0.00000,0.21002,0.14872,0.97271,0.00000,0.00000,0.00000,0.00000,0.00000,0.00000,0.00000,0.00000,0.00000,0.19067,-0.03804,0.00000
1.25892,0.00431,0.00000,0.06497,-0.05714,-0.01294,0.00000,0.20929,0.14835,0.97405,0.00000,0.00000,0.00000,0.00000,0.00000,0.00000,0.00000,0.00000,0.00000,0.18961,-0.03782,0.00000
1.26867,0.00388,0.00000,0.06469,-0.05714,-0.01432,0.00000,0.20960,0.14829,0.97386,0.00000,0.00000,0.00000,0.00000,0.00000,0.00000,0.00000,0.00000,0.00000,0.18966,-0.03787,0.00000
1.27921,0.00423,0.00000,0.06439,-0.05714,-0.01493,0.00000,0.20917,0.14817,0.97447,0.00000,0.00000,0.00000,0.00000,0.00000,0.00000,0.00000,0.00000,0.00000,0.18899,-0.03775,0.00000
1.28992,0.00463,0.00000,0.06419,-0.05714,-0.01249,0.00000,0.20892,0.14914,0.97423,0.00000,0.00000,0.00000,0.00000,0.00000,0.00000,0.00000,0.00000,0.00000,0.18603,-0.03704,0.00000
1.29975,0.00429,0.00000,0.06394,-0.05714,-0.01569,0.00000,0.20825,0.14866,0.97423,0.00000,0.00000,0.00000,0.00000,0.00000,0.00000,0.00000,0.00000,0.00000,0.18783,-0.03753,0.00000
1.30981,0.00417,0.00000,0.06367,-0.05714,-0.01569,0.00000,0.20771,0.14762,0.97319,0.00000,0.00000,0.00000,0.00000,0.00000,0.00000,0.00000,0.00000,0.00000,0.18671,-0.03729,0.00000
1.32029,0.00448,0.00000,0.06345,-0.05714,-0.01508,0.00000,0.20734,0.14835,0.97350,0.00000,0.00000,0.00000,0.00000,0.00000,0.00000,0.00000,0.00000,0.00000,0.18527,-0.03696,0.00000
1.33021,0.00421,0.00000,0.06320,-0.05714,-0.01371,0.00000,0.20764,0.14725,0.97399,0.00000,0.00000,0.00000,0.00000,0.00000,0.00000,0.00000,0.00000,0.00000,0.18305,-0.03645,0.00000
1.34073,0.00455,0.00000,0.06286,-0.05714,-0.01508,0.00000,0.20703,0.14567,0.97380,0.00000,0.00000,0.00000,0.00000,0.00000,0.00000,0.00000,0.00000,0.00000,0.18287,-0.03645,0.00000
1.35047,0.00409,0.00000,0.06255,-0.05714,-0.01493,0.00000,0.20649,0.14549,0.97319,0.00000,0.00000,0.00000,0.00000,0.00000,0.00000,0.00000,0.00000,0.00000,0.18147,-0.03614,0.00000
1.36095,0.00440,0.00000,0.06220,-0.05714,-0.01646,0.00000,0.20618,0.14475,0.97240,0.00000,0.00000,0.00000,0.00000,0.00000,0.00000,0.00000,0.00000,0.00000,0.18137,-0.03617,0.00000
1.37056,0.00382,0.00000,0.06188,-0.05714,-0.01249,0.00000,0.20551,0.14427,0.97441,0.00000,0.00000,0.00000,0.00000,0.00000,0.00000,0.00000,0.00000,0.00000,0.17660,-0.03503,0.00000
1.38129,0.00437,0.00000,0.06158,-0.05714,-0.01279,0.00000,0.20649,0.14481,0.97441,0.00000,0.00000,0.00000,0.00000,0.00000,0.00000,0.00000,0.00000,0.00000,0.17566,-0.03484,0.00000
1.39417,0.00707,0.00000,0.06124,-0.05714,-0.01493,0.00000,0.20581,0.14451,0.97490,0.00000,0.00000,0.00000,0.00000,0.00000,0.00000,0.00000,0.00000,0.00000,0.17614,-0.03501,0.00000
1.40188,0.00455,0.00000,0.06097,-0.05714,-0.01432,0.00000,0.20636,0.14445,0.97527,0.00000,0.00000,0.00000,0.00000,0.00000,0.00000,0.00000,0.00000,0.00000,0.17450,-0.03464,0.00000
1.41158,0.00406,0.00000,0.06071,-0.05714,-0.01630,0.00000,0.20636,0.14488,0.97435,0.00000,0.00000,0.00000,0.00000,0.00000,0.00000,0.00000,0.00000,0.00000,0.17516,-0.03484,0.00000
1.42184,0.00414,0.00000,0.06036,-0.05714,-0.01829,0.00000,0.20722,0.14372,0.97454,0.00000,0.00000,0.00000,0.00000,0.00000,0.00000,0.00000,0.00000,0.00000,0.17548,-0.03497,0.00000
1.43244,0.00455,0.00000,0.06004,-0.05714,-0.01737,0.00000,0.20703,0.14329,0.97441,0.00000,0.00000,0.00000,0.00000,0.00000,0.00000,0.00000,0.00000,0.00000,0.17334,-0.03448,0.00000
1.44193,0.00386,0.00000,0.05976,-0.05714,-0.01692,0.00000,0.20606,0.14408,0.97447,0.00000,0.00000,0.00000,0.00000,0.00000,0.00000,0.00000,0.00000,0.00000,0.17183,-0.03415,0.00000
1.45214,0.00356,0.00000,0.05951,-0.05714,-0.01722,0.00000,0.20710,0.14396,0.97319,0.00000,0.00000,0.00000,0.00000,0.00000,0.00000,0.00000,0.00000,0.00000,0.17104,-0.03399,0.00000
1.46197,0.00322,0.00000,0.05923,-0.05714,-0.01661,0.00000,0.20716,0.14323,0.97399,0.00000,0.00000,0.00000,0.00000,0.00000,0.00000,0.00000,0.00000,0.00000,0.16937,-0.03361,0.00000
1.47360,0.00467,0.00000,0.05898,-0.05714,-0.01356,0.00000,0.20783,0.14317,0.97264,0.00000,0.00000,0.00000,0.00000,0.00000,0.00000,0.00000,0.00000,0.00000,0.16569,-0.03274,0.00000
1.48292,0.00380,0.00000,0.05872,-0.05714,-0.01753,0.00000,0.20807,0.14317,0.97386,0.00000,0.00000,0.00000,0.00000,0.00000,0.00000,0.00000,0.00000,0.00000,0.16809,-0.03337,0.00000
1.49253,0.00324,0.00000,0.05843,-0.05714,-0.01875,0.00000,0.20868,0.14262,0.97454,0.00000,0.00000,0.00000,0.00000,0.00000,0.00000,0.00000,0.00000,0.00000,0.16799,-0.03339,0.00000
1.50330,0.00382,0.00000,0.05811,-0.05714,-0.01569,0.00000,0.20825,0.14158,0.97466,0.00000,0.00000,0.00000,0.00000,0.00000,0.00000,0.00000,0.00000,0.00000,0.16403,-0.03245,0.00000
1.51394,0.00428,0.00000,0.05783,-0.05714,-0.01585,0.00000,0.21002,0.14189,0.97454,0.00000,0.00000,0.00000,0.00000,0.00000,0.00000,0.00000,0.00000,0.00000,0.16299,-0.03223,0.00000
1.52363,0.00378,0.00000,0.05755,-0.05714,-0.01707,0.00000,0.21039,0.14170,0.97435,0.00000,0.00000,0.00000,0.00000,0.00000,0.00000,0.00000,0.00000,0.00000,0.16294,-0.03226,0.00000
1.53458,0.00455,0.00000,0.05730,-0.05714,-0.01524,0.00000,0.20996,0.14189,0.97460,0.00000,0.00000,0.00000,0.00000,0.00000,0.00000,0.00000,0.00000,0.00000,0.16029,-0.03164,0.00000
1.54369,0.00334,0.00000,0.05703,-0.05714,-0.01539,0.00000,0.21027,0.14091,0.97429,0.00000,0.00000,0.00000,0.00000,0.00000,0.00000,0.00000,0.00000,0.00000,0.15933,-0.03143,0.00000
1.55461,0.00407,0.00000,0.05677,-0.05714,-0.01508,0.00000,0.21100,0.14134,0.97423,0.00000,0.00000,0.00000,0.00000,0.00000,0.00000,0.00000,0.00000,0.00000,0.15803,-0.03115,0.00000
1.56518,0.00447,0.00000,0.05651,-0.05714,-0.01569,0.00000,0.21246,0.14103,0.97429,0.00000,0.00000,0.00000,0.00000,0.00000,0.00000,0.00000,0.00000,0.00000,0.15749,-0.03105,0.00000
1.57470,0.00380,0.00000,0.05630,-0.05714,-0.01615,0.00000,0.21118,0.14140,0.97362,0.00000,0.00000,0.00000,0.00000,0.00000,0.00000,0.00000,0.00000,0.00000,0.15702,-0.03097,0.00000
1.58539,0.00431,0.00000,0.05607,-0.05714,-0.01585,0.00000,0.21124,0.14103,0.97325,0.00000,0.00000,0.00000,0.00000,0.00000,0.00000,0.00000,0.00000,0.00000,0.15581,-0.03070,0.00000
1.59543,0.00418,0.00000,0.05582,-0.05714,-0.01508,0.00000,0.21100,0.14018,0.97393,0.00000,0.00000,0.00000,0.00000,0.00000,0.00000,0.00000,0.00000,0.00000,0.15413,-0.03032,0.00000
1.60568,0.00425,0.00000,0.05561,-0.05714,-0.01340,0.00000,0.21155,0.14061,0.97399,0.00000,0.00000,0.00000,0.00000,0.00000,0.00000,0.00000,0.00000,0.00000,0.15183,-0.02978,0.00000
1.61542,0.00380,0.00000,0.05543,-0.05714,-0.01539,0.00000,0.21204,0.14109,0.97423,0.00000,0.00000,0.00000,0.00000,0.00000,0.00000,0.00000,0.00000,0.00000,0.15281,-0.03004,0.00000
1.62613,0.00434,0.00000,0.05521,-0.05714,-0.01661,0.00000,0.21167,0.14073,0.97435,0.00000,0.00000,0.00000,0.00000,0.00000,0.00000,0.00000,0.00000,0.00000,0.15298,-0.03012,0.00000
1.63575,0.00369,0.00000,0.05499,-0.05714,-0.01646,0.00000,0.21118,0.14000,0.97417,0.00000,0.00000,0.00000,0.00000,0.00000,0.00000,0.00000,0.00000,0.00000,0.15193,-0.02989,0.00000
1.64750,0.00527,0.00000,0.05479,-0.05714,-0.01417,0.00000,0.21082,0.14048,0.97429,0.00000,0.00000,0.00000,0.00000,0.00000,0.00000,0.00000,0.00000,0.00000,0.14913,-0.02922,0.00000
1.65701,0.00429,0.00000,0.05464,-0.05714,-0.01371,0.00000,0.21014,0.14054,0.97405,0.00000,0.00000,0.00000,0.00000,0.00000,0.00000,0.00000,0.00000,0.00000,0.14814,-0.02900,0.00000
1.66826,0.00466,0.00000,0.05443,-0.05714,-0.01539,0.00000,0.21051,0.13981,0.97405,0.00000,0.00000,0.00000,0.00000,0.00000,0.00000,0.00000,0.00000,0.00000,0.14872,-0.02917,0.00000
1.67761,0.00381,0.00000,0.05423,-0.05714,-0.01356,0.00000,0.21002,0.13926,0.97466,0.00000,0.00000,0.00000,0.00000,0.00000,0.00000,0.00000,0.00000,0.00000,0.14633,-0.02861,0.00000
1.68830,0.00426,0.00000,0.05402,-0.05714,-0.01279,0.00000,0.21069,0.13871,0.97380,0.00000,0.00000,0.00000,0.00000,0.00000,0.00000,0.00000,0.00000,0.00000,0.14480,-0.02826,0.00000
1.69855,0.00434,0.00000,0.05382,-0.05714,-0.01325,0.00000,0.20966,0.13871,0.97405,0.00000,0.00000,0.00000,0.00000,0.00000,0.00000,0.00000,0.00000,0.00000,0.14436,-0.02818,0.00000
1.70879,0.00440,0.00000,0.05359,-0.05714,-0.01264,0.00000,0.20899,0.13792,0.97508,0.00000,0.00000,0.00000,0.00000,0.00000,0.00000,0.00000,0.00000,0.00000,0.14288,-0.02784,0.00000
1.71841,0.00384,0.00000,0.05337,-0.05714,-0.01508,0.00000,0.20807,0.13817,0.97441,0.00000,0.00000,0.00000,0.00000,0.00000,0.00000,0.00000,0.00000,0.00000,0.14413,-0.02818,0.00000
1.72910,0.00435,0.00000,0.05311,-0.05714,-0.01417,0.00000,0.20905,0.13725,0.97374,0.00000,0.00000,0.00000,0.00000,0.00000,0.00000,0.00000,0.00000,0.00000,0.14229,-0.02776,0.00000
1.73878,0.00384,0.00000,0.05286,-0.05714,-0.01279,0.00000,0.20953,0.13658,0.97484,0.00000,0.00000,0.00000,0.00000,0.00000,0.00000,0.00000,0.00000,0.00000,0.14004,-0.02724,0.00000
1.74950,0.00438,0.00000,0.05261,-0.05714,-0.01142,0.00000,0.20856,0.13640,0.97472,0.00000,0.00000,0.00000,0.00000,0.00000,0.00000,0.00000,0.00000,0.00000,0.13784,-0.02673,0.00000
1.75920,0.00390,0.00000,0.05240,-0.05714,-0.01126,0.00000,0.20886,0.13676,0.97447,0.00000,0.00000,0.00000,0.00000,0.00000,0.00000,0.00000,0.00000,0.00000,0.13686,-0.02652,0.00000
1.76973,0.00425,0.00000,0.05215,-0.05714,-0.01294,0.00000,0.20862,0.13609,0.97466,0.00000,0.00000,0.00000,0.00000,0.00000,0.00000,0.00000,0.00000,0.00000,0.13728,-0.02666,0.00000
1.77964,0.00382,0.00000,0.05192,-0.05714,-0.01142,0.00000,0.20844,0.13579,0.97441,0.00000,0.00000,0.00000,0.00000,0.00000,0.00000,0.00000,0.00000,0.00000,0.13500,-0.02613,0.00000
1.79024,0.00425,0.00000,0.05169,-0.05714,-0.00852,0.00000,0.20892,0.13524,0.97429,0.00000,0.00000,0.00000,0.00000,0.00000,0.00000,0.00000,0.00000,0.00000,0.13155,-0.02530,0.00000
1.80044,0.00427,0.00000,0.05148,-0.05714,-0.01096,0.00000,0.20844,0.13579,0.97435,0.00000,0.00000,0.00000,0.00000,0.00000,0.00000,0.00000,0.00000,0.00000,0.13284,-0.02565,0.00000
1.81064,0.00429,0.00000,0.05127,-0.05714,-0.01065,0.00000,0.20899,0.13542,0.97460,0.00000,0.00000,0.00000,0.00000,0.00000,0.00000,0.00000,0.00000,0.00000,0.13169,-0.02539,0.00000
1.82038,0.00386,0.00000,0.05108,-0.05714,-0.00775,0.00000,0.20868,0.13511,0.97472,0.00000,0.00000,0.00000,0.00000,0.00000,0.00000,0.00000,0.00000,0.00000,0.12840,-0.02460,0.00000
1.83103,0.00434,0.00000,0.05090,-0.05714,-0.00714,0.00000,0.20868,0.13505,0.97423,0.00000,0.00000,0.00000,0.00000,0.00000,0.00000,0.00000,0.00000,0.00000,0.12713,-0.02431,0.00000
1.84077,0.00389,0.00000,0.05073,-0.05714,-0.00729,0.00000,0.20911,0.13493,0.97441,0.00000,0.00000,0.00000,0.00000,0.00000,0.00000,0.00000,0.00000,0.00000,0.12655,-0.02420,0.00000
1.85021,0.00319,0.00000,0.05052,-0.05714,-0.00836,0.00000,0.20990,0.13432,0.97484,0.00000,0.00000,0.00000,0.00000,0.00000,0.00000,0.00000,0.00000,0.00000,0.12664,-0.02425,0.00000
1.86165,0.00443,0.00000,0.05039,-0.05714,-0.00470,0.00000,0.20960,0.13524,0.97527,0.00000,0.00000,0.00000,0.00000,0.00000,0.00000,0.00000,0.00000,0.00000,0.12292,-0.02334,0.00000
1.87124,0.00383,0.00000,0.05029,-0.05714,-0.00561,0.00000,0.21008,0.13572,0.97490,0.00000,0.00000,0.00000,0.00000,0.00000,0.00000,0.00000,0.00000,0.00000,0.12333,-0.02346,0.00000
1.88181,0.00423,0.00000,0.05020,-0.05714,-0.00195,0.00000,0.21130,0.13505,0.97496,0.00000,0.00000,0.00000,0.00000,0.00000,0.00000,0.00000,0.00000,0.00000,0.11974,-0.02258,0.00000
1.89160,0.00384,0.00000,0.05014,-0.05714,-0.00119,0.00000,0.20966,0.13560,0.97508,0.00000,0.00000,0.00000,0.00000,0.00000,0.00000,0.00000,0.00000,0.00000,0.11886,-0.02237,0.00000
1.90260,0.00466,0.00000,0.05011,-0.05714,-0.00058,0.00000,0.21002,0.13566,0.97399,0.00000,0.00000,0.00000,0.00000,0.00000,0.00000,0.00000,0.00000,0.00000,0.11818,-0.02221,0.00000
1.91183,0.00371,0.00000,0.05006,-0.05714,-0.00103,0.00000,0.20990,0.13548,0.97429,0.00000,0.00000,0.00000,0.00000,0.00000,0.00000,0.00000,0.00000,0.00000,0.11838,-0.02226,0.00000
1.92260,0.00430,0.00000,0.05002,-0.05714,-0.00287,0.00000,0.21075,0.13615,0.97423,0.00000,0.00000,0.00000,0.00000,0.00000,0.00000,0.00000,0.00000,0.00000,0.11983,-0.02263,0.00000
1.93235,0.00386,0.00000,0.05000,-0.05714,-0.00073,0.00000,0.21130,0.13579,0.97411,0.00000,0.00000,0.00000,0.00000,0.00000,0.00000,0.00000,0.00000,0.00000,0.11786,-0.02214,0.00000
1.94298,0.00432,0.00000,0.04996,-0.05714,0.00019,0.00000,0.21112,0.13548,0.97411,0.00000,0.00000,0.00000,0.00000,0.00000,0.00000,0.00000,0.00000,0.00000,0.11693,-0.02192,0.00000
1.95349,0.00467,0.00000,0.04989,-0.05714,-0.00012,0.00000,0.21088,0.13481,0.97429,0.00000,0.00000,0.00000,0.00000,0.00000,0.00000,0.00000,0.00000,0.00000,0.11691,-0.02192,0.00000
1.96294,0.00386,0.00000,0.04987,-0.05714,0.00019,0.00000,0.21118,0.13560,0.97405,0.00000,0.00000,0.00000,0.00000,0.00000,0.00000,0.00000,0.00000,0.00000,0.11656,-0.02184,0.00000
1.97469,0.00432,0.00000,0.04988,-0.05714,0.00080,0.00000,0.21130,0.13597,0.97423,0.00000,0.00000,0.00000,0.00000,0.00000,0.00000,0.00000,0.00000,0.00000,0.11604,-0.02171,0.00000
1.98487,0.00433,0.00000,0.04986,-0.05714,-0.00012,0.00000,0.21082,0.13591,0.97484,0.00000,0.00000,0.00000,0.00000,0.00000,0.00000,0.00000,0.00000,0.00000,0.11679,-0.02190,0.00000
1.99460,0.00387,0.00000,0.04991,-0.05714,0.00172,0.00000,0.21124,0.13670,0.97466,0.00000,0.00000,0.00000,0.00000,0.00000,0.00000,0.00000,0.00000,0.00000,0.11537,-0.02154,0.00000
2.00539,0.00448,0.00000,0.04995,-0.05714,0.00141,0.00000,0.21136,0.13682,0.97484,0.00000,0.00000,0.00000,0.00000,0.00000,0.00000,0.00000,0.00000,0.00000,0.11582,-0.02164,0.00000
2.01492,0.00383,0.00000,0.05007,-0.05714,0.00309,0.00000,0.21149,0.13786,0.97399,0.00000,0.00000,0.00000,0.00000,0.00000,0.00000,0.00000,0.00000,0.00000,0.11482,-0.02138,0.00000
2.02558,0.00432,0.00000,0.05021,-0.05714,0.00340,0.00000,0.21106,0.13829,0.97325,0.00000,0.00000,0.00000,0.00000,0.00000,0.00000,0.00000,0.00000,0.00000,0.11513,-0.02143,0.00000
2.03527,0.00381,0.00000,0.05027,-0.05714,0.00401,0.00000,0.21075,0.13688,0.97441,0.00000,0.00000,0.00000,0.00000,0.00000,0.00000,0.00000,0.00000,0.00000,0.11484,-0.02135,0.00000
2.04686,0.00436,0.00000,0.05038,-0.05714,0.00309,0.00000,0.20941,0.13804,0.97386,0.00000,0.00000,0.00000,0.00000,0.00000,0.00000,0.00000,0.00000,0.00000,0.11611,-0.02165,0.00000
2.05720,0.00452,0.00000,0.05046,-0.05711,0.00187,0.00000,0.20996,0.13780,0.97380,0.00000,0.00000,0.00000,0.00000,0.00000,0.00000,0.00000,0.00000,0.00000,0.11755,-0.02200,0.00000
2.06714,0.00427,0.00000,0.05056,-0.05703,0.00233,0.00000,0.20984,0.13804,0.97429,0.00000,0.00000,0.00000,0.00000,0.00000,0.00000,0.00000,0.00000,0.00000,0.11765,-0.02201,0.00000
2.07690,0.00385,0.00000,0.05075,-0.05692,0.00385,0.00000,0.20941,0.13987,0.97386,0.00000,0.00000,0.00000,0.00000,0.00000,0.00000,0.00000,0.00000,0.00000,0.11729,-0.02189,0.00000
2.08748,0.00425,0.00000,0.05091,-0.05680,0.00278,0.00000,0.20917,0.13975,0.97484,0.00000,0.00000,0.00000,0.00000,0.00000,0.00000,0.00000,0.00000,0.00000,0.11906,-0.02231,0.00000
2.09728,0.00387,0.00000,0.05102,-0.05675,0.00156,0.00000,0.20886,0.13908,0.97496,0.00000,0.00000,0.00000,0.00000,0.00000,0.00000,0.00000,0.00000,0.00000,0.12065,-0.02269,0.00000
2.10784,0.00425,0.00000,0.05114,-0.05672,0.00233,0.00000,0.20947,0.13902,0.97399,0.00000,0.00000,0.00000,0.00000,0.00000,0.00000,0.00000,0.00000,0.00000,0.12050,-0.02264,0.00000
2.11765,0.00386,0.00000,0.05119,-0.05672,0.00309,0.00000,0.20856,0.13786,0.97441,0.00000,0.00000,0.00000,0.00000,0.00000,0.00000,0.00000,0.00000,0.00000,0.12006,-0.02252,0.00000
2.12816,0.00413,0.00000,0.05126,-0.05672,0.00217,0.00000,0.20941,0.13823,0.97429,0.00000,0.00000,0.00000,0.00000,0.00000,0.00000,0.00000,0.00000,0.00000,0.12112,-0.02277,0.00000
2.13811,0.00390,0.00000,0.05134,-0.05672,0.00156,0.00000,0.20984,0.13890,0.97411,0.00000,0.00000,0.00000,0.00000,0.00000,0.00000,0.00000,0.00000,0.00000,0.12201,-0.02298,0.00000
2.14934,0.00422,0.00000,0.05143,-0.05672,0.00278,0.00000,0.20923,0.13871,0.97441,0.00000,0.00000,0.00000,0.00000,0.00000,0.00000,0.00000,0.00000,0.00000,0.12130,-0.02279,0.00000
2.15909,0.00383,0.00000,0.05155,-0.05672,0.00278,0.00000,0.20960,0.13957,0.97441,0.00000,0.00000,0.00000,0.00000,0.00000,0.00000,0.00000,0.00000,0.00000,0.12179,-0.02290,0.00000
2.16929,0.00384,0.00000,0.05165,-0.05672,0.00340,0.00000,0.20880,0.13896,0.97429,0.00000,0.00000,0.00000,0.00000,0.00000,0.00000,0.00000,0.00000,0.00000,0.12165,-0.02285,0.00000
2.17969,0.00406,0.00000,0.05174,-0.05672,0.00080,0.00000,0.20868,0.13957,0.97429,0.00000,0.00000,0.00000,0.00000,0.00000,0.00000,0.00000,0.00000,0.00000,0.12429,-0.02349,0.00000
2.18964,0.00382,0.00000,0.05181,-0.05672,0.00034,0.00000,0.20978,0.13945,0.97508,0.00000,0.00000,0.00000,0.00000,0.00000,0.00000,0.00000,0.00000,0.00000,0.12499,-0.02365,0.00000
2.20016,0.00411,0.00000,0.05188,-0.05672,-0.00073,0.00000,0.20978,0.13957,0.97460,0.00000,0.00000,0.00000,0.00000,0.00000,0.00000,0.00000,0.00000,0.00000,0.12619,-0.02394,0.00000
2.21047,0.00425,0.00000,0.05198,-0.05672,0.00172,0.00000,0.20923,0.13975,0.97478,0.00000,0.00000,0.00000,0.00000,0.00000,0.00000,0.00000,0.00000,0.00000,0.12446,-0.02350,0.00000
2.22158,0.00438,0.00000,0.05212,-0.05672,0.00095,0.00000,0.20941,0.14091,0.97423,0.00000,0.00000,0.00000,0.00000,0.00000,0.00000,0.00000,0.00000,0.00000,0.12572,-0.02379,0.00000
2.23171,0.00432,0.00000,0.05226,-0.05669,-0.00164,0.00000,0.20911,0.14152,0.97441,0.00000,0.00000,0.00000,0.00000,0.00000,0.00000,0.00000,0.00000,0.00000,0.12860,-0.02449,0.00000
2.24186,0.00430,0.00000,0.05238,-0.05669,-0.00225,0.00000,0.21008,0.14146,0.97490,0.00000,0.00000,0.00000,0.00000,0.00000,0.00000,0.00000,0.00000,0.00000,0.12962,-0.02472,0.00000
2.25173,0.00399,0.00000,0.05248,-0.05669,-0.00164,0.00000,0.20978,0.14079,0.97441,0.00000,0.00000,0.00000,0.00000,0.00000,0.00000,0.00000,0.00000,0.00000,0.12947,-0.02467,0.00000
2.26262,0.00461,0.00000,0.05258,-0.05669,-0.00195,0.00000,0.20960,0.14128,0.97460,0.00000,0.00000,0.00000,0.00000,0.00000,0.00000,0.00000,0.00000,0.00000,0.13016,-0.02483,0.00000
2.27189,0.00370,0.00000,0.05268,-0.05669,-0.00271,0.00000,0.20996,0.14134,0.97417,0.00000,0.00000,0.00000,0.00000,0.00000,0.00000,0.00000,0.00000,0.00000,0.13124,-0.02508,0.00000
2.28268,0.00431,0.00000,0.05280,-0.05669,-0.00180,0.00000,0.20972,0.14164,0.97429,0.00000,0.00000,0.00000,0.00000,0.00000,0.00000,0.00000,0.00000,0.00000,0.13092,-0.02499,0.00000
2.29244,0.00389,0.00000,0.05285,-0.05669,-0.00180,0.00000,0.21014,0.14042,0.97386,0.00000,0.00000,0.00000,0.00000,0.00000,0.00000,0.00000,0.00000,0.00000,0.13115,-0.02503,0.00000
2.30310,0.00438,0.00000,0.05290,-0.05669,-0.00103,0.00000,0.21057,0.14006,0.97264,0.00000,0.00000,0.00000,0.00000,0.00000,0.00000,0.00000,0.00000,0.00000,0.13068,-0.02491,0.00000
2.31325,0.00436,0.00000,0.05293,-0.05669,-0.00119,0.00000,0.21039,0.13987,0.97386,0.00000,0.00000,0.00000,0.00000,0.00000,0.00000,0.00000,0.00000,0.00000,0.13092,-0.02497,0.00000
2.32334,0.00427,0.00000,0.05295,-0.05669,-0.00058,0.00000,0.21002,0.13969,0.97423,0.00000,0.00000,0.00000,0.00000,0.00000,0.00000,0.00000,0.00000,0.00000,0.13048,-0.02485,0.00000
2.33308,0.00383,0.00000,0.05291,-0.05669,-0.00424,0.00000,0.21082,0.13914,0.97399,0.00000,0.00000,0.00000,0.00000,0.00000,0.00000,0.00000,0.00000,0.00000,0.13351,-0.02561,0.00000
2.34366,0.00424,0.00000,0.05285,-0.05669,-0.00317,0.00000,0.20978,0.13865,0.97466,0.00000,0.00000,0.00000,0.00000,0.00000,0.00000,0.00000,0.00000,0.00000,0.13234,-0.02533,0.00000
2.35362,0.00402,0.00000,0.05275,-0.05669,-0.00409,0.00000,0.21063,0.13798,0.97502,0.00000,0.00000,0.00000,0.00000,0.00000,0.00000,0.00000,0.00000,0.00000,0.13273,-0.02544,0.00000
2.36438,0.00463,0.00000,0.05267,-0.05669,-0.00363,0.00000,0.21039,0.13786,0.97374,0.00000,0.00000,0.00000,0.00000,0.00000,0.00000,0.00000,0.00000,0.00000,0.13197,-0.02527,0.00000
2.37414,0.00421,0.00000,0.05254,-0.05669,-0.00607,0.00000,0.20990,0.13749,0.97411,0.00000,0.00000,0.00000,0.00000,0.00000,0.00000,0.00000,0.00000,0.00000,0.13359,-0.02569,0.00000
2.38379,0.00368,0.00000,0.05243,-0.05669,-0.00699,0.00000,0.20935,0.13780,0.97417,0.00000,0.00000,0.00000,0.00000,0.00000,0.00000,0.00000,0.00000,0.00000,0.13394,-0.02579,0.00000
2.39465,0.00436,0.00000,0.05230,-0.05669,-0.00531,0.00000,0.20990,0.13719,0.97460,0.00000,0.00000,0.00000,0.00000,0.00000,0.00000,0.00000,0.00000,0.00000,0.13196,-0.02531,0.00000
2.40431,0.00385,0.00000,0.05218,-0.05669,-0.00485,0.00000,0.20960,0.13701,0.97478,0.00000,0.00000,0.00000,0.00000,0.00000,0.00000,0.00000,0.00000,0.00000,0.13107,-0.02511,0.00000
2.41493,0.00429,0.00000,0.05209,-0.05669,-0.00409,0.00000,0.20947,0.13743,0.97466,0.00000,0.00000,0.00000,0.00000,0.00000,0.00000,0.00000,0.00000,0.00000,0.13003,-0.02486,0.00000
2.42470,0.00388,0.00000,0.05199,-0.05669,-0.00348,0.00000,0.20960,0.13701,0.97533,0.00000,0.00000,0.00000,0.00000,0.00000,0.00000,0.00000,0.00000,0.00000,0.12908,-0.02464,0.00000
2.43554,0.00455,0.00000,0.05186,-0.05669,-0.00470,0.00000,0.20929,0.13664,0.97441,0.00000,0.00000,0.00000,0.00000,0.00000,0.00000,0.00000,0.00000,0.00000,0.12963,-0.02480,0.00000
2.44502,0.00384,0.00000,0.05174,-0.05669,-0.00638,0.00000,0.21088,0.13682,0.97447,0.00000,0.00000,0.00000,0.00000,0.00000,0.00000,0.00000,0.00000,0.00000,0.13060,-0.02506,0.00000
2.45565,0.00426,0.00000,0.05165,-0.05669,-0.00424,0.00000,0.20941,0.13688,0.97423,0.00000,0.00000,0.00000,0.00000,0.00000,0.00000,0.00000,0.00000,0.00000,0.12835,-0.02451,0.00000
2.46658,0.00504,0.00000,0.05152,-0.05669,-0.00653,0.00000,0.21014,0.13652,0.97411,0.00000,0.00000,0.00000,0.00000,0.00000,0.00000,0.00000,0.00000,0.00000,0.12981,-0.02489,0.00000
2.47612,0.00440,0.00000,0.05143,-0.05669,-0.00485,0.00000,0.21057,0.13688,0.97447,0.00000,0.00000,0.00000,0.00000,0.00000,0.00000,0.00000,0.00000,0.00000,0.12799,-0.02445,0.00000
2.48582,0.00385,0.00000,0.05138,-0.05669,-0.00073,0.00000,0.20972,0.13682,0.97429,0.00000,0.00000,0.00000,0.00000,0.00000,0.00000,0.00000,0.00000,0.00000,0.12421,-0.02352,0.00000
2.49657,0.00442,0.00000,0.05131,-0.05669,-0.00149,0.00000,0.21069,0.13640,0.97441,0.00000,0.00000,0.00000,0.00000,0.00000,0.00000,0.00000,0.00000,0.00000,0.12457,-0.02362,0.00000
2.50703,0.00439,0.00000,0.05122,-0.05669,-0.00180,0.00000,0.21069,0.13609,0.97460,0.00000,0.00000,0.00000,0.00000,0.00000,0.00000,0.00000,0.00000,0.00000,0.12447,-0.02361,0.00000
2.51724,0.00444,0.00000,0.05114,-0.05669,-0.00088,0.00000,0.21112,0.13603,0.97447,0.00000,0.00000,0.00000,0.00000,0.00000,0.00000,0.00000,0.00000,0.00000,0.12334,-0.02334,0.00000
2.52727,0.00430,0.00000,0.05110,-0.05669,-0.00348,0.00000,0.21033,0.13725,0.97454,0.00000,0.00000,0.00000,0.00000,0.00000,0.00000,0.00000,0.00000,0.00000,0.12544,-0.02387,0.00000
2.53702,0.00387,0.00000,0.05103,-0.05669,-0.00210,0.00000,0.21106,0.13633,0.97472,0.00000,0.00000,0.00000,0.00000,0.00000,0.00000,0.00000,0.00000,0.00000,0.12396,-0.02351,0.00000
2.54763,0.00429,0.00000,0.05097,-0.05669,-0.00103,0.00000,0.21051,0.13627,0.97435,0.00000,0.00000,0.00000,0.00000,0.00000,0.00000,0.00000,0.00000,0.00000,0.12279,-0.02323,0.00000
2.55755,0.00402,0.00000,0.05094,-0.05669,-0.00317,0.00000,0.21039,0.13731,0.97466,0.00000,0.00000,0.00000,0.00000,0.00000,0.00000,0.00000,0.00000,0.00000,0.12455,-0.02367,0.00000
2.56832,0.00464,0.00000,0.05090,-0.05669,-0.00225,0.00000,0.21063,0.13676,0.97454,0.00000,0.00000,0.00000,0.00000,0.00000,0.00000,0.00000,0.00000,0.00000,0.12357,-0.02343,0.00000
2.57822,0.00437,0.00000,0.05087,-0.05669,0.00019,0.00000,0.21021,0.13646,0.97435,0.00000,0.00000,0.00000,0.00000,0.00000,0.00000,0.00000,0.00000,0.00000,0.12132,-0.02288,0.00000
2.58775,0.00368,0.00000,0.05087,-0.05669,0.00126,0.00000,0.21002,0.13676,0.97429,0.00000,0.00000,0.00000,0.00000,0.00000,0.00000,0.00000,0.00000,0.00000,0.12037,-0.02264,0.00000
2.59855,0.00429,0.00000,0.05088,-0.05669,0.00156,0.00000,0.21045,0.13694,0.97441,0.00000,0.00000,0.00000,0.00000,0.00000,0.00000,0.00000,0.00000,0.00000,0.12014,-0.02258,0.00000
2.60829,0.00386,0.00000,0.05084,-0.05669,0.00202,0.00000,0.21021,0.13591,0.97429,0.00000,0.00000,0.00000,0.00000,0.00000,0.00000,0.00000,0.00000,0.00000,0.11959,-0.02245,0.00000
2.61895,0.00435,0.00000,0.05076,-0.05669,0.00202,0.00000,0.21100,0.13505,0.97399,0.00000,0.00000,0.00000,0.00000,0.00000,0.00000,0.00000,0.00000,0.00000,0.11928,-0.02239,0.00000
2.62867,0.00388,0.00000,0.05069,-0.05669,0.00110,0.00000,0.21124,0.13530,0.97393,0.00000,0.00000,0.00000,0.00000,0.00000,0.00000,0.00000,0.00000,0.00000,0.11979,-0.02252,0.00000
2.63915,0.00419,0.00000,0.05062,-0.05669,-0.00058,0.00000,0.21124,0.13566,0.97490,0.00000,0.00000,0.00000,0.00000,0.00000,0.00000,0.00000,0.00000,0.00000,0.12096,-0.02282,0.00000
2.64903,0.00387,0.00000,0.05057,-0.05669,0.00202,0.00000,0.21124,0.13536,0.97417,0.00000,0.00000,0.00000,0.00000,0.00000,0.00000,0.00000,0.00000,0.00000,0.11848,-0.02222,0.00000
2.65969,0.00435,0.00000,0.05054,-0.05669,0.00278,0.00000,0.21118,0.13585,0.97576,0.00000,0.00000,0.00000,0.00000,0.00000,0.00000,0.00000,0.00000,0.00000,0.11770,-0.02203,0.00000
2.66937,0.00385,0.00000,0.05048,-0.05669,0.00401,0.00000,0.21057,0.13499,0.97490,0.00000,0.00000,0.00000,0.00000,0.00000,0.00000,0.00000,0.00000,0.00000,0.11642,-0.02172,0.00000
2.68033,0.00448,0.00000,0.05043,-0.05669,0.00294,0.00000,0.21039,0.13493,0.97472,0.00000,0.00000,0.00000,0.00000,0.00000,0.00000,0.00000,0.00000,0.00000,0.11711,-0.02190,0.00000
2.68989,0.00386,0.00000,0.05042,-0.05669,0.00355,0.00000,0.21069,0.13585,0.97356,0.00000,0.00000,0.00000,0.00000,0.00000,0.00000,0.00000,0.00000,0.00000,0.11657,-0.02176,0.00000
2.70045,0.00425,0.00000,0.05041,-0.05669,0.00324,0.00000,0.21014,0.13572,0.97429,0.00000,0.00000,0.00000,0.00000,0.00000,0.00000,0.00000,0.00000,0.00000,0.11679,-0.02182,0.00000
2.71029,0.00391,0.00000,0.05039,-0.05669,0.00217,0.00000,0.21075,0.13566,0.97417,0.00000,0.00000,0.00000,0.00000,0.00000,0.00000,0.00000,0.00000,0.00000,0.11762,-0.02203,0.00000
2.72079,0.00422,0.00000,0.05035,-0.05669,0.00355,0.00000,0.21051,0.13505,0.97417,0.00000,0.00000,0.00000,0.00000,0.00000,0.00000,0.00000,0.00000,0.00000,0.11626,-0.02170,0.00000
2.73057,0.00381,0.00000,0.05037,-0.05669,0.00767,0.00000,0.21088,0.13554,0.97460,0.00000,0.00000,0.00000,0.00000,0.00000,0.00000,0.00000,0.00000,0.00000,0.11275,-0.02082,0.00000
2.74125,0.00432,0.00000,0.05037,-0.05669,0.00706,0.00000,0.21057,0.13518,0.97454,0.00000,0.00000,0.00000,0.00000,0.00000,0.00000,0.00000,0.00000,0.00000,0.11328,-0.02095,0.00000
2.75088,0.00378,0.00000,0.05035,-0.05669,0.00584,0.00000,0.21027,0.13518,0.97435,0.00000,0.00000,0.00000,0.00000,0.00000,0.00000,0.00000,0.00000,0.00000,0.11429,-0.02121,0.00000
2.76169,0.00437,0.00000,0.05034,-0.05669,0.00981,0.00000,0.21021,0.13438,0.97484,0.00000,0.00000,0.00000,0.00000,0.00000,0.00000,0.00000,0.00000,0.00000,0.11079,-0.02034,0.00000
2.77062,0.00313,0.00000,0.05036,-0.05669,0.01027,0.00000,0.21027,0.13518,0.97496,0.00000,0.00000,0.00000,0.00000,0.00000,0.00000,0.00000,0.00000,0.00000,0.11046,-0.02025,0.00000
2.78513,0.00676,0.00000,0.05040,-0.05666,0.01027,0.00000,0.20984,0.13487,0.97502,0.00000,0.00000,0.00000,0.00000,0.00000,0.00000,0.00000,0.00000,0.00000,0.11068,-0.02030,0.00000
2.79301,0.00446,0.00000,0.05041,-0.05666,0.01302,0.00000,0.21045,0.13463,0.97472,0.00000,0.00000,0.00000,0.00000,0.00000,0.00000,0.00000,0.00000,0.00000,0.10833,-0.01972,0.00000
2.80302,0.00429,0.00000,0.05045,-0.05663,0.01332,0.00000,0.20966,0.13475,0.97472,0.00000,0.00000,0.00000,0.00000,0.00000,0.00000,0.00000,0.00000,0.00000,0.10824,-0.01969,0.00000
2.81282,0.00390,0.00000,0.05050,-0.05661,0.01347,0.00000,0.20844,0.13518,0.97460,0.00000,0.00000,0.00000,0.00000,0.00000,0.00000,0.00000,0.00000,0.00000,0.10837,-0.01972,0.00000
2.82340,0.00431,0.00000,0.05056,-0.05655,0.01317,0.00000,0.20911,0.13518,0.97472,0.00000,0.00000,0.00000,0.00000,0.00000,0.00000,0.00000,0.00000,0.00000,0.10895,-0.01985,0.00000
2.83312,0.00383,0.00000,0.05058,-0.05649,0.01485,0.00000,0.20850,0.13438,0.97441,0.00000,0.00000,0.00000,0.00000,0.00000,0.00000,0.00000,0.00000,0.00000,0.10766,-0.01953,0.00000
2.84370,0.00423,0.00000,0.05062,-0.05641,0.01378,0.00000,0.20771,0.13499,0.97569,0.00000,0.00000,0.00000,0.00000,0.00000,0.00000,0.00000,0.00000,0.00000,0.10891,-0.01983,0.00000
2.85362,0.00396,0.00000,0.05072,-0.05632,0.01561,0.00000,0.20801,0.13566,0.97466,0.00000,0.00000,0.00000,0.00000,0.00000,0.00000,0.00000,0.00000,0.00000,0.10781,-0.01955,0.00000
2.86429,0.00446,0.00000,0.05081,-0.05624,0.01561,0.00000,0.20795,0.13579,0.97484,0.00000,0.00000,0.00000,0.00000,0.00000,0.00000,0.00000,0.00000,0.00000,0.10835,-0.01967,0.00000
2.87448,0.00451,0.00000,0.05097,-0.05612,0.01241,0.00000,0.20746,0.13768,0.97478,0.00000,0.00000,0.00000,0.00000,0.00000,0.00000,0.00000,0.00000,0.00000,0.11195,-0.02054,0.00000
2.88390,0.00393,0.00000,0.05116,-0.05604,0.01561,0.00000,0.20655,0.13804,0.97411,0.00000,0.00000,0.00000,0.00000,0.00000,0.00000,0.00000,0.00000,0.00000,0.11006,-0.02004,0.00000
2.89465,0.00432,0.00000,0.05141,-0.05590,0.01347,0.00000,0.20649,0.13957,0.97447,0.00000,0.00000,0.00000,0.00000,0.00000,0.00000,0.00000,0.00000,0.00000,0.11315,-0.02077,0.00000
2.90442,0.00390,0.00000,0.05160,-0.05581,0.01164,0.00000,0.20777,0.13920,0.97435,0.00000,0.00000,0.00000,0.00000,0.00000,0.00000,0.00000,0.00000,0.00000,0.11564,-0.02136,0.00000
2.91500,0.00431,0.00000,0.05182,-0.05570,0.01286,0.00000,0.20728,0.13963,0.97417,0.00000,0.00000,0.00000,0.00000,0.00000,0.00000,0.00000,0.00000,0.00000,0.11567,-0.02134,0.00000
2.92472,0.00384,0.00000,0.05209,-0.05559,0.01485,0.00000,0.20697,0.14061,0.97423,0.00000,0.00000,0.00000,0.00000,0.00000,0.00000,0.00000,0.00000,0.00000,0.11521,-0.02119,0.00000
2.93537,0.00431,0.00000,0.05233,-0.05544,0.01210,0.00000,0.20801,0.14067,0.97441,0.00000,0.00000,0.00000,0.00000,0.00000,0.00000,0.00000,0.00000,0.00000,0.11880,-0.02204,0.00000
2.94513,0.00387,0.00000,0.05251,-0.05533,0.01225,0.00000,0.20777,0.13993,0.97490,0.00000,0.00000,0.00000,0.00000,0.00000,0.00000,0.00000,0.00000,0.00000,0.11958,-0.02221,0.00000
2.95588,0.00444,0.00000,0.05271,-0.05519,0.01347,0.00000,0.20819,0.13993,0.97441,0.00000,0.00000,0.00000,0.00000,0.00000,0.00000,0.00000,0.00000,0.00000,0.11954,-0.02217,0.00000
2.96548,0.00385,0.00000,0.05296,-0.05508,0.01225,0.00000,0.20874,0.14170,0.97466,0.00000,0.00000,0.00000,0.00000,0.00000,0.00000,0.00000,0.00000,0.00000,0.12179,-0.02270,0.00000
2.97645,0.00464,0.00000,0.05327,-0.05496,0.01210,0.00000,0.20960,0.14317,0.97490,0.00000,0.00000,0.00000,0.00000,0.00000,0.00000,0.00000,0.00000,0.00000,0.12336,-0.02304,0.00000
2.98586,0.00386,0.00000,0.05357,-0.05485,0.01149,0.00000,0.20960,0.14335,0.97435,0.00000,0.00000,0.00000,0.00000,0.00000,0.00000,0.00000,0.00000,0.00000,0.12529,-0.02348,0.00000
2.99649,0.00431,0.00000,0.05386,-0.05477,0.00920,0.00000,0.20966,0.14390,0.97429,0.00000,0.00000,0.00000,0.00000,0.00000,0.00000,0.00000,0.00000,0.00000,0.12861,-0.02426,0.00000
3.00630,0.00394,0.00000,0.05413,-0.05471,0.00981,0.00000,0.21118,0.14366,0.97447,0.00000,0.00000,0.00000,0.00000,0.00000,0.00000,0.00000,0.00000,0.00000,0.12924,-0.02438,0.00000
